date,open,high,low,close,adj_close,volume
2020-01-02,35.349998474121094,35.65999984741211,35.290000915527344,35.63999938964844,30.429454803466797,37614200
2020-01-03,34.97999954223633,35.150001525878906,34.7599983215332,34.900001525878906,29.797632217407227,50357900
2020-01-06,34.40999984741211,34.900001525878906,34.369998931884766,34.849998474121094,29.75495147705078,42185000
2020-01-07,34.70000076293945,34.91999816894531,34.529998779296875,34.619998931884766,29.55858039855957,34149000
2020-01-08,34.56999969482422,35.189998626708984,34.54999923706055,34.970001220703125,29.857412338256836,45311600
2020-01-09,35.29999923706055,35.33000183105469,34.939998626708984,35.029998779296875,29.90863609313965,39861600
2020-01-10,35.0,35.06999969482422,34.65999984741211,34.7400016784668,29.661035537719727,39730400
2020-01-13,34.84000015258789,35.06999969482422,34.65999984741211,35.060001373291016,29.934253692626953,37956100
2020-01-14,35.29999923706055,35.66999816894531,35.11000061035156,35.31999969482422,30.1562442779541,66719300
2020-01-15,34.77000045776367,34.790000915527344,34.34000015258789,34.66999816894531,29.601268768310547,74745500
2020-01-16,34.900001525878906,34.9900016784668,34.599998474121094,34.720001220703125,29.64396095275879,50368500
2020-01-17,34.91999816894531,34.95000076293945,34.599998474121094,34.709999084472656,29.635414123535156,54156100
2020-01-21,34.41999816894531,34.52000045776367,34.220001220703125,34.2599983215332,29.251205444335938,50811000
2020-01-22,34.369998931884766,34.45000076293945,34.22999954223633,34.36000061035156,29.336591720581055,38879700
2020-01-23,34.09000015258789,34.2599983215332,33.72999954223633,34.119998931884766,29.131671905517578,45717100
2020-01-24,34.119998931884766,34.13999938964844,33.27000045776367,33.540000915527344,28.636474609375,47797200
2020-01-27,32.56999969482422,33.130001068115234,32.470001220703125,32.849998474121094,28.04734992980957,57096200
2020-01-28,33.02000045776367,33.4900016784668,32.95000076293945,33.2400016784668,28.380334854125977,38834600
2020-01-29,33.33000183105469,33.439998626708984,32.97999954223633,33.0099983215332,28.183956146240234,37414700
2020-01-30,32.70000076293945,33.52000045776367,32.66999816894531,33.47999954223633,28.585247039794922,50542800
2020-01-31,33.06999969482422,33.16999816894531,32.650001525878906,32.83000183105469,28.030277252197266,54845300
2020-02-03,33.0,33.400001525878906,32.91999816894531,32.970001220703125,28.149808883666992,48485500
2020-02-04,33.560001373291016,33.900001525878906,33.529998779296875,33.619998931884766,28.70477294921875,45061600
2020-02-05,34.099998474121094,34.810001373291016,34.06999969482422,34.709999084472656,29.635414123535156,54604800
2020-02-06,34.939998626708984,35.0099983215332,34.599998474121094,34.66999816894531,29.601268768310547,39511500
2020-02-07,34.31999969482422,34.65999984741211,34.2400016784668,34.61000061035156,29.550037384033203,31263000
2020-02-10,34.439998626708984,34.689998626708984,34.380001068115234,34.689998626708984,29.61834144592285,24373800
2020-02-11,34.849998474121094,35.040000915527344,34.7599983215332,34.77000045776367,29.6866397857666,32476300
2020-02-12,35.08000183105469,35.45000076293945,34.779998779296875,34.91999816894531,29.81471824645996,36656700
2020-02-13,34.7599983215332,35.029998779296875,34.54999923706055,34.90999984741211,29.806177139282227,31775100
2020-02-14,34.880001068115234,34.959999084472656,34.70000076293945,34.849998474121094,29.75495147705078,26447700
2020-02-18,34.77000045776367,34.83000183105469,34.0099983215332,34.27000045776367,29.25974464416504,40318000
2020-02-19,34.45000076293945,34.849998474121094,34.40999984741211,34.720001220703125,29.64396095275879,29632100
2020-02-20,34.459999084472656,35.08000183105469,34.459999084472656,34.849998474121094,29.75495147705078,42604100
2020-02-21,34.529998779296875,34.63999938964844,34.13999938964844,34.36000061035156,29.336591720581055,46675500
2020-02-24,33.18000030517578,33.209999084472656,32.52000045776367,32.72999954223633,27.944896697998047,79159600
2020-02-25,32.689998626708984,32.7599983215332,30.84000015258789,31.079999923706055,26.536121368408203,91586800
2020-02-26,31.389999389648438,31.600000381469727,30.559999465942383,30.6299991607666,26.151918411254883,80012800
2020-02-27,29.549999237060547,30.299999237060547,28.90999984741211,29.1299991607666,24.871213912963867,121148300
2020-02-28,28.0,28.75,27.700000762939453,28.5,24.333316802978516,171198800
2020-03-02,28.350000381469727,29.3799991607666,27.440000534057617,29.3700008392334,25.07612419128418,147776300
2020-03-03,29.3700008392334,29.75,27.6200008392334,27.75,23.692960739135742,138698500
2020-03-04,28.25,28.420000076293945,27.399999618530273,28.389999389648438,24.239395141601562,111239800
2020-03-05,27.239999771118164,27.350000381469727,26.399999618530273,26.780000686645508,23.01067543029785,110878700
2020-03-06,25.469999313354492,26.209999084472656,25.100000381469727,25.709999084472656,22.091272354125977,119121200
2020-03-09,22.229999542236328,23.489999771118164,21.510000228881836,21.93000030517578,18.843320846557617,145196000
2020-03-10,23.25,23.68000030517578,21.59000015258789,23.610000610351562,20.28685760498047,134863600
2020-03-11,22.84000015258789,23.959999084472656,22.260000228881836,22.670000076293945,19.479164123535156,127347000
2020-03-12,20.59000015258789,22.8700008392334,20.149999618530273,20.510000228881836,17.623186111450195,139552600
2020-03-13,22.190000534057617,24.25,21.479999542236328,24.15999984741211,20.759441375732422,128357400
2020-03-16,19.850000381469727,21.729999542236328,19.579999923706055,20.440000534057617,17.563039779663086,121688800
2020-03-17,21.059999465942383,22.690000534057617,20.030000686645508,21.979999542236328,18.886280059814453,120065700
2020-03-18,20.270000457763672,20.969999313354492,19.700000762939453,20.790000915527344,17.863779067993164,148272500
2020-03-19,20.260000228881836,21.75,19.0,21.200000762939453,18.21607208251953,122461300
2020-03-20,21.760000228881836,21.84000015258789,19.559999465942383,19.670000076293945,16.901418685913086,150910400
2020-03-23,19.260000228881836,19.670000076293945,17.950000762939453,18.079999923706055,15.5352144241333,181898500
2020-03-24,19.420000076293945,21.149999618530273,19.010000228881836,21.030000686645508,18.06999397277832,147882400
2020-03-25,21.709999084472656,22.100000381469727,20.40999984741211,21.100000381469727,18.130144119262695,146991300
2020-03-26,21.309999465942383,22.950000762939453,21.170000076293945,22.719999313354492,19.52212142944336,116111400
2020-03-27,21.68000030517578,22.200000762939453,21.100000381469727,21.600000381469727,18.55976676940918,91522800
2020-03-30,21.649999618530273,22.350000381469727,21.270000457763672,22.040000915527344,18.937835693359375,80449100
2020-03-31,21.81999969482422,22.489999771118164,20.959999084472656,21.229999542236328,18.241846084594727,95213700
2020-04-01,19.93000030517578,20.350000381469727,19.510000228881836,19.770000457763672,16.987342834472656,83961300
2020-04-02,19.649999618530273,20.790000915527344,19.59000015258789,20.56999969482422,17.67473793029785,70007400
2020-04-03,20.399999618530273,20.739999771118164,19.68000030517578,20.030000686645508,17.210742950439453,68293500
2020-04-06,21.030000686645508,21.600000381469727,20.809999465942383,21.389999389648438,18.379323959350586,97766200
2020-04-07,22.799999237060547,22.8799991607666,21.850000381469727,22.139999389648438,19.023761749267578,94560300
2020-04-08,22.40999984741211,23.600000381469727,22.40999984741211,23.450000762939453,20.14937973022461,81212300
2020-04-09,24.06999969482422,25.31999969482422,24.049999237060547,24.860000610351562,21.360916137695312,125275700
2020-04-13,24.780000686645508,24.850000381469727,23.780000686645508,23.920000076293945,20.553226470947266,83164700
2020-04-14,24.5,24.649999618530273,23.100000381469727,23.729999542236328,20.38996696472168,88991100
2020-04-15,22.15999984741211,22.649999618530273,21.90999984741211,22.190000534057617,19.066722869873047,99082200
2020-04-16,22.149999618530273,22.209999084472656,21.09000015258789,21.420000076293945,18.405107498168945,89213300
2020-04-17,22.34000015258789,23.399999618530273,22.309999465942383,23.280000686645508,20.003305435180664,92800300
2020-04-20,22.56999969482422,23.1299991607666,22.18000030517578,22.5,19.333091735839844,74446300
2020-04-21,21.899999618530273,22.3700008392334,21.5,21.639999389648438,18.594135284423828,78871300
2020-04-22,22.15999984741211,22.229999542236328,21.75,21.799999237060547,18.731613159179688,49669500
2020-04-23,21.959999084472656,22.389999389648438,21.850000381469727,21.8700008392334,18.791765213012695,50614800
2020-04-24,22.110000610351562,22.299999237060547,21.670000076293945,22.18000030517578,19.05813217163086,47633500
2020-04-27,22.520000457763672,23.649999618530273,22.450000762939453,23.469999313354492,20.166563034057617,66916700
2020-04-28,24.450000762939453,24.809999465942383,23.850000381469727,23.889999389648438,20.527446746826172,65504900
2020-04-29,24.90999984741211,25.110000610351562,24.510000228881836,24.780000686645508,21.292179107666016,73493900
2020-04-30,24.209999084472656,24.3799991607666,23.850000381469727,24.049999237060547,20.66492462158203,55244100
2020-05-01,23.3799991607666,23.459999084472656,22.809999465942383,23.079999923706055,19.831457138061523,51772600
2020-05-04,22.700000762939453,22.989999771118164,22.43000030517578,22.93000030517578,19.702564239501953,45886100
2020-05-05,23.479999542236328,23.520000457763672,22.6200008392334,22.65999984741211,19.470571517944336,45691900
2020-05-06,23.0,23.079999923706055,22.229999542236328,22.350000381469727,19.204204559326172,53874600
2020-05-07,22.65999984741211,23.3700008392334,22.610000610351562,22.84000015258789,19.625232696533203,51884300
2020-05-08,23.469999313354492,23.6200008392334,23.25,23.56999969482422,20.252483367919922,45181000
2020-05-11,23.110000610351562,23.1200008392334,22.559999465942383,22.579999923706055,19.40183448791504,68951800
2020-05-12,22.709999084472656,22.81999969482422,21.850000381469727,21.8700008392334,18.791765213012695,69588700
2020-05-13,21.65999984741211,21.75,20.719999313354492,20.8700008392334,17.93251609802246,112113400
2020-05-14,20.290000915527344,21.790000915527344,20.100000381469727,21.709999084472656,18.65428352355957,88359100
2020-05-15,21.399999618530273,21.700000762939453,21.229999542236328,21.440000534057617,18.422283172607422,64484000
2020-05-18,22.420000076293945,23.059999465942383,22.06999969482422,22.93000030517578,19.702564239501953,86589400
2020-05-19,22.65999984741211,23.0,22.190000534057617,22.209999084472656,19.08390998840332,62179000
2020-05-20,22.68000030517578,23.0,22.639999389648438,22.90999984741211,19.685382843017578,59789500
2020-05-21,22.809999465942383,23.270000457763672,22.780000686645508,22.899999618530273,19.67678451538086,57726000
2020-05-22,22.93000030517578,22.950000762939453,22.459999084472656,22.65999984741211,19.470571517944336,48107000
2020-05-26,23.75,24.600000381469727,23.700000762939453,24.280000686645508,20.862552642822266,119485500
2020-05-27,26.06999969482422,26.170000076293945,24.969999313354492,25.979999542236328,22.323278427124023,117672700
2020-05-28,26.079999923706055,26.139999389648438,24.790000915527344,24.860000610351562,21.360916137695312,84340800
2020-05-29,24.420000076293945,24.90999984741211,24.059999465942383,24.1200008392334,20.725078582763672,113811100
2020-06-01,24.280000686645508,24.8700008392334,24.049999237060547,24.610000610351562,21.146099090576172,58375500
2020-06-02,24.959999084472656,25.389999389648438,24.559999465942383,24.84000015258789,21.343734741210938,71118100
2020-06-03,25.5,26.139999389648438,25.389999389648438,25.989999771118164,22.33186912536621,86744600
2020-06-04,25.709999084472656,26.829999923706055,25.56999969482422,26.780000686645508,23.171154022216797,94545300
2020-06-05,28.950000762939453,29.010000228881836,27.8799991607666,28.110000610351562,24.321922302246094,118767900
2020-06-08,28.59000015258789,28.899999618530273,28.139999389648438,28.540000915527344,24.693979263305664,79598500
2020-06-09,27.719999313354492,28.540000915527344,27.549999237060547,28.219999313354492,24.417097091674805,77773400
2020-06-10,27.969999313354492,28.100000381469727,26.510000228881836,26.600000381469727,23.015409469604492,90415300
2020-06-11,24.979999542236328,25.690000534057617,23.68000030517578,23.93000030517578,20.705217361450195,149875500
2020-06-12,25.030000686645508,25.049999237060547,24.040000915527344,24.780000686645508,21.440671920776367,73729700
2020-06-15,23.760000228881836,25.170000076293945,23.690000534057617,25.149999618530273,21.760807037353516,76538900
2020-06-16,26.18000030517578,26.239999771118164,24.860000610351562,25.799999237060547,22.323213577270508,96796500
2020-06-17,25.899999618530273,25.899999618530273,24.920000076293945,25.0,21.631023406982422,58349500
2020-06-18,24.700000762939453,25.489999771118164,24.579999923706055,25.040000915527344,21.665634155273438,53419000
2020-06-19,25.440000534057617,25.489999771118164,24.489999771118164,25.25,21.847333908081055,127563600
2020-06-22,24.889999389648438,25.030000686645508,24.610000610351562,24.6200008392334,21.302236557006836,55484300
2020-06-23,25.010000228881836,25.40999984741211,24.760000228881836,24.790000915527344,21.449323654174805,46108300
2020-06-24,24.540000915527344,24.540000915527344,23.68000030517578,23.809999465942383,20.601383209228516,75437100
2020-06-25,23.700000762939453,24.770000457763672,23.549999237060547,24.719999313354492,21.388751983642578,65031900
2020-06-26,24.09000015258789,24.110000610351562,23.020000457763672,23.149999618530273,20.030324935913086,118139200
2020-06-29,23.40999984741211,23.84000015258789,23.100000381469727,23.389999389648438,20.23798370361328,66269200
2020-06-30,23.200000762939453,23.90999984741211,23.100000381469727,23.75,20.549476623535156,61716200
2020-07-01,24.030000686645508,24.06999969482422,23.229999542236328,23.260000228881836,20.125503540039062,57379900
2020-07-02,23.84000015258789,23.989999771118164,23.219999313354492,23.290000915527344,20.151458740234375,56000200
2020-07-06,23.81999969482422,24.079999923706055,23.459999084472656,23.65999984741211,20.47159767150879,59589000
2020-07-07,23.3799991607666,23.389999389648438,22.899999618530273,23.010000228881836,19.909194946289062,60645800
2020-07-08,23.030000686645508,23.190000534057617,22.700000762939453,23.100000381469727,19.987062454223633,52922600
2020-07-09,22.940000534057617,23.15999984741211,22.389999389648438,22.770000457763672,19.701536178588867,79385900
2020-07-10,22.709999084472656,24.049999237060547,22.68000030517578,24.020000457763672,20.783090591430664,81142900
2020-07-13,24.3700008392334,24.510000228881836,23.860000610351562,24.190000534057617,20.930179595947266,73598100
2020-07-14,23.889999389648438,24.149999618530273,23.450000762939453,24.139999389648438,20.88691520690918,67423100
2020-07-15,24.760000228881836,24.8700008392334,24.280000686645508,24.600000381469727,21.284927368164062,57384400
2020-07-16,23.75,24.219999313354492,23.540000915527344,23.93000030517578,20.705217361450195,78067100
2020-07-17,23.8799991607666,23.979999542236328,23.200000762939453,23.219999313354492,20.090890884399414,66659100
2020-07-20,23.190000534057617,23.700000762939453,23.110000610351562,23.579999923706055,20.402376174926758,61114000
2020-07-21,23.709999084472656,24.479999542236328,23.690000534057617,24.420000076293945,21.129186630249023,75499300
2020-07-22,24.239999771118164,24.329999923706055,23.969999313354492,24.309999465942383,21.034008026123047,52193700
2020-07-23,24.520000457763672,24.639999389648438,24.110000610351562,24.540000915527344,21.233013153076172,61047600
2020-07-24,24.559999465942383,24.829999923706055,24.270000457763672,24.350000381469727,21.068622589111328,50217600
2020-07-27,24.219999313354492,24.270000457763672,23.8799991607666,24.139999389648438,20.88691520690918,54721300
2020-07-28,24.1299991607666,24.559999465942383,24.079999923706055,24.360000610351562,21.0772705078125,48406500
2020-07-29,24.360000610351562,25.290000915527344,24.190000534057617,25.270000457763672,21.864641189575195,71393500
2020-07-30,24.719999313354492,24.950000762939453,24.350000381469727,24.84000015258789,21.492586135864258,61755900
2020-07-31,24.93000030517578,24.950000762939453,24.459999084472656,24.8799991607666,21.52719497680664,61955800
2020-08-03,25.030000686645508,25.309999465942383,24.690000534057617,24.989999771118164,21.622371673583984,58284000
2020-08-04,24.959999084472656,25.059999465942383,24.860000610351562,25.010000228881836,21.639677047729492,37985300
2020-08-05,25.31999969482422,25.59000015258789,25.25,25.389999389648438,21.96847152709961,51322600
2020-08-06,25.450000762939453,25.670000076293945,25.280000686645508,25.469999313354492,22.037687301635742,51999700
2020-08-07,25.34000015258789,26.190000534057617,25.260000228881836,26.110000610351562,22.591440200805664,63354500
2020-08-10,26.309999465942383,26.809999465942383,26.209999084472656,26.559999465942383,22.980806350708008,64051100
2020-08-11,27.280000686645508,27.75,26.780000686645508,26.920000076293945,23.29228401184082,81441000
2020-08-12,27.479999542236328,27.56999969482422,26.40999984741211,26.729999542236328,23.12788963317871,61971300
2020-08-13,26.489999771118164,26.670000076293945,26.139999389648438,26.350000381469727,22.799100875854492,55955500
2020-08-14,26.059999465942383,26.65999984741211,25.920000076293945,26.469999313354492,22.902923583984375,50931900
2020-08-17,26.309999465942383,26.40999984741211,25.84000015258789,25.899999618530273,22.40974235534668,57518700
2020-08-18,25.8700008392334,25.989999771118164,25.459999084472656,25.530000686645508,22.089603424072266,45850100
2020-08-19,25.65999984741211,26.079999923706055,25.389999389648438,25.5,22.063644409179688,59856000
2020-08-20,25.15999984741211,25.329999923706055,25.020000457763672,25.100000381469727,21.71755027770996,49403700
2020-08-21,24.979999542236328,25.43000030517578,24.899999618530273,24.979999542236328,21.61371612548828,55010700
2020-08-24,25.219999313354492,25.700000762939453,25.040000915527344,25.690000534057617,22.228042602539062,54579500
2020-08-25,26.040000915527344,26.190000534057617,25.729999542236328,26.0,22.496259689331055,57304700
2020-08-26,25.940000534057617,25.940000534057617,25.540000915527344,25.559999465942383,22.115558624267578,39478000
2020-08-27,25.489999771118164,26.219999313354492,25.440000534057617,26.049999237060547,22.539527893066406,52934800
2020-08-28,26.399999618530273,26.469999313354492,25.989999771118164,26.299999237060547,22.755830764770508,46466400
2020-08-31,26.09000015258789,26.139999389648438,25.690000534057617,25.739999771118164,22.27130126953125,49416200
2020-09-01,25.579999923706055,25.899999618530273,25.399999618530273,25.709999084472656,22.245338439941406,46109200
2020-09-02,25.530000686645508,26.15999984741211,25.489999771118164,26.020000457763672,22.513568878173828,57300900
2020-09-03,26.200000762939453,26.6200008392334,25.459999084472656,25.65999984741211,22.35674285888672,86192500
2020-09-04,26.260000228881836,26.760000228881836,25.799999237060547,26.540000915527344,23.123451232910156,99621400
2020-09-08,26.139999389648438,26.31999969482422,25.389999389648438,25.479999542236328,22.19991111755371,74978600
2020-09-09,25.639999389648438,25.719999313354492,25.229999542236328,25.510000228881836,22.22605323791504,53822700
2020-09-10,25.700000762939453,25.889999389648438,25.079999923706055,25.139999389648438,21.903684616088867,56609600
2020-09-11,25.219999313354492,25.579999923706055,25.09000015258789,25.5,22.217342376708984,47708300
2020-09-14,25.670000076293945,25.989999771118164,25.540000915527344,25.75,22.43515396118164,47802400
2020-09-15,25.770000457763672,25.829999923706055,25.190000534057617,25.280000686645508,22.02566146850586,63820200
2020-09-16,25.280000686645508,25.90999984741211,25.049999237060547,25.600000381469727,22.304462432861328,64598600
2020-09-17,25.1299991607666,25.479999542236328,25.100000381469727,25.350000381469727,22.08664894104004,48862000
2020-09-18,25.149999618530273,25.579999923706055,25.100000381469727,25.209999084472656,21.96466636657715,94055800
2020-09-21,24.56999969482422,24.780000686645508,24.030000686645508,24.469999313354492,21.31993293762207,75218600
2020-09-22,24.270000457763672,24.600000381469727,23.809999465942383,23.940000534057617,20.858156204223633,68665300
2020-09-23,24.100000381469727,24.260000228881836,23.260000228881836,23.260000228881836,20.265695571899414,59950300
2020-09-24,23.3799991607666,23.81999969482422,22.950000762939453,23.34000015258789,20.335397720336914,53570700
2020-09-25,23.280000686645508,23.549999237060547,23.1299991607666,23.489999771118164,20.466087341308594,42111300
2020-09-28,23.8799991607666,24.309999465942383,23.790000915527344,24.09000015258789,20.988849639892578,47996900
2020-09-29,23.979999542236328,23.989999771118164,23.530000686645508,23.770000457763672,20.71004295349121,45695200
2020-09-30,23.780000686645508,24.31999969482422,23.770000457763672,24.09000015258789,20.988849639892578,56226100
2020-10-01,24.270000457763672,24.40999984741211,23.860000610351562,24.100000381469727,20.997562408447266,44782200
2020-10-02,23.639999389648438,24.43000030517578,23.56999969482422,24.209999084472656,21.093399047851562,51682100
2020-10-05,24.520000457763672,24.709999084472656,24.3799991607666,24.6200008392334,21.450624465942383,44396800
2020-10-06,24.920000076293945,25.190000534057617,24.280000686645508,24.3700008392334,21.232803344726562,67541100
2020-10-07,24.6299991607666,25.110000610351562,24.600000381469727,24.8799991607666,21.677152633666992,47648000
2020-10-08,24.950000762939453,25.299999237060547,24.809999465942383,25.239999771118164,21.990806579589844,52080600
2020-10-09,25.34000015258789,25.489999771118164,25.040000915527344,25.360000610351562,22.09536361694336,44511500
2020-10-12,25.299999237060547,25.829999923706055,25.239999771118164,25.68000030517578,22.37416648864746,48362900
2020-10-13,25.639999389648438,25.68000030517578,24.84000015258789,24.950000762939453,21.738142013549805,61186900
2020-10-14,24.350000381469727,24.59000015258789,23.59000015258789,23.6200008392334,20.57935905456543,127409500
2020-10-15,23.59000015258789,24.200000762939453,23.479999542236328,24.149999618530273,21.04112434387207,66832400
2020-10-16,24.200000762939453,24.350000381469727,23.940000534057617,24.239999771118164,21.119543075561523,58357700
2020-10-19,24.299999237060547,24.31999969482422,23.690000534057617,23.719999313354492,20.666475296020508,51377900
2020-10-20,23.889999389648438,24.479999542236328,23.8799991607666,24.139999389648438,21.032413482666016,62476400
2020-10-21,24.219999313354492,24.34000015258789,24.010000228881836,24.049999237060547,20.953998565673828,41564900
2020-10-22,24.049999237060547,24.90999984741211,24.0,24.8700008392334,21.668437957763672,55402000
2020-10-23,25.239999771118164,25.260000228881836,24.709999084472656,24.899999618530273,21.694581985473633,51007400
2020-10-26,24.469999313354492,24.579999923706055,24.149999618530273,24.540000915527344,21.380922317504883,59450200
2020-10-27,24.290000915527344,24.389999389648438,23.809999465942383,23.850000381469727,20.77974510192871,55009300
2020-10-28,23.40999984741211,23.65999984741211,23.1200008392334,23.469999313354492,20.44866371154785,81942500
2020-10-29,23.360000610351562,23.75,23.1200008392334,23.540000915527344,20.509653091430664,57490400
2020-10-30,23.489999771118164,23.84000015258789,23.239999771118164,23.700000762939453,20.649057388305664,66453400
2020-11-02,23.889999389648438,24.260000228881836,23.469999313354492,24.079999923706055,20.980138778686523,59756400
2020-11-03,24.579999923706055,24.940000534057617,24.510000228881836,24.690000534057617,21.511611938476562,65106200
2020-11-04,23.889999389648438,24.139999389648438,23.270000457763672,23.68000030517578,20.631629943847656,88845500
2020-11-05,23.899999618530273,24.790000915527344,23.860000610351562,24.610000610351562,21.44190788269043,74722600
2020-11-06,24.93000030517578,24.959999084472656,24.229999542236328,24.309999465942383,21.180526733398438,55454500
2020-11-09,26.600000381469727,28.270000457763672,26.299999237060547,27.760000228881836,24.186405181884766,178378800
2020-11-10,27.489999771118164,27.760000228881836,27.18000030517578,27.65999984741211,24.099275588989258,77694600
2020-11-11,27.75,27.770000457763672,27.1200008392334,27.34000015258789,23.820472717285156,48360900
2020-11-12,26.84000015258789,26.899999618530273,26.309999465942383,26.690000534057617,23.254146575927734,67912600
2020-11-13,26.8799991607666,27.209999084472656,26.760000228881836,27.0,23.524240493774414,52421000
2020-11-16,27.860000610351562,28.0,27.18000030517578,27.579999923706055,24.029571533203125,57396700
2020-11-17,27.25,27.600000381469727,27.010000228881836,27.549999237060547,24.003435134887695,46402300
2020-11-18,27.6299991607666,27.93000030517578,26.959999084472656,26.979999542236328,23.50681495666504,54416700
2020-11-19,26.93000030517578,27.010000228881836,26.649999618530273,26.979999542236328,23.50681495666504,46423000
2020-11-20,26.739999771118164,26.950000762939453,26.6299991607666,26.809999465942383,23.35869789123535,40538000
2020-11-23,27.110000610351562,27.520000457763672,27.059999465942383,27.389999389648438,23.864036560058594,45421200
2020-11-24,27.93000030517578,28.989999771118164,27.920000076293945,28.979999542236328,25.24934959411621,80387800
2020-11-25,28.709999084472656,29.040000915527344,28.479999542236328,29.030000686645508,25.292917251586914,57249900
2020-11-27,28.969999313354492,29.100000381469727,28.809999465942383,28.989999771118164,25.25806427001953,25971600
2020-11-30,28.719999313354492,28.860000610351562,28.100000381469727,28.15999984741211,24.534914016723633,63567900
2020-12-01,28.739999771118164,29.040000915527344,28.670000076293945,28.690000534057617,24.996681213378906,50255100
2020-12-02,28.690000534057617,29.18000030517578,28.530000686645508,29.059999465942383,25.319053649902344,45257500
2020-12-03,28.940000534057617,29.100000381469727,28.6299991607666,28.90999984741211,25.34535026550293,54013700
2020-12-04,29.200000762939453,29.43000030517578,29.0,29.290000915527344,25.678499221801758,66188200
2020-12-07,28.899999618530273,29.149999618530273,28.690000534057617,29.09000015258789,25.503158569335938,42197800
2020-12-08,28.860000610351562,29.149999618530273,28.770000457763672,28.93000030517578,25.362884521484375,33869100
2020-12-09,29.25,29.25,28.75,28.799999237060547,25.248916625976562,54886300
2020-12-10,28.6299991607666,29.1299991607666,28.469999313354492,29.110000610351562,25.52069664001465,58859600
2020-12-11,28.68000030517578,28.75,28.299999237060547,28.56999969482422,25.047271728515625,40538400
2020-12-14,28.920000076293945,28.959999084472656,28.139999389648438,28.219999313354492,24.740428924560547,40267100
2020-12-15,28.350000381469727,28.81999969482422,28.25,28.639999389648438,25.108644485473633,43672700
2020-12-16,28.799999237060547,28.81999969482422,28.440000534057617,28.719999313354492,25.17877769470215,42463200
2020-12-17,28.709999084472656,28.920000076293945,28.530000686645508,28.829999923706055,25.275222778320312,43182700
2020-12-18,28.889999389648438,29.100000381469727,28.56999969482422,28.670000076293945,25.134946823120117,82817200
2020-12-21,29.100000381469727,29.989999771118164,28.729999542236328,29.739999771118164,26.073013305664062,93397400
2020-12-22,29.780000686645508,29.780000686645508,29.170000076293945,29.209999084472656,25.608360290527344,39054300
2020-12-23,29.389999389648438,30.350000381469727,29.329999923706055,30.049999237060547,26.344785690307617,52537200
2020-12-24,30.270000457763672,30.270000457763672,29.739999771118164,29.959999084472656,26.265886306762695,22632300
2020-12-28,30.229999542236328,30.549999237060547,29.989999771118164,30.1299991607666,26.414926528930664,32861200
2020-12-29,30.170000076293945,30.25,29.93000030517578,30.010000228881836,26.309724807739258,33291900
2020-12-30,30.0,30.219999313354492,29.940000534057617,29.979999542236328,26.283418655395508,26370100
2020-12-31,30.010000228881836,30.389999389648438,29.899999618530273,30.309999465942383,26.572731018066406,28716000
2021-01-04,30.459999084472656,30.56999969482422,29.75,30.030000686645508,26.327255249023438,51483900
2021-01-05,30.170000076293945,30.540000915527344,29.90999984741211,30.260000228881836,26.528894424438477,48507000
2021-01-06,31.899999618530273,32.619998931884766,31.360000610351562,32.150001525878906,28.185855865478516,107002800
2021-01-07,33.310001373291016,33.619998931884766,32.84000015258789,32.86000061035156,28.808313369750977,74358500
2021-01-08,32.91999816894531,33.0,32.11000061035156,32.529998779296875,28.51900291442871,44641400
2021-01-11,32.09000015258789,33.130001068115234,31.899999618530273,33.06999969482422,28.992420196533203,51868200
2021-01-12,33.41999816894531,33.970001220703125,33.20000076293945,33.65999984741211,29.509666442871094,68166200
2021-01-13,33.43000030517578,33.68000030517578,33.09000015258789,33.459999084472656,29.334331512451172,43172800
2021-01-14,33.47999954223633,34.369998931884766,33.41999816894531,33.9900016784668,29.798974990844727,48483500
2021-01-15,33.290000915527344,33.630001068115234,32.70000076293945,33.0099983215332,28.93981170654297,57684300
2021-01-19,32.5,33.599998474121094,32.20000076293945,32.77000045776367,28.729413986206055,78130200
2021-01-20,32.7599983215332,32.790000915527344,32.15999984741211,32.34000015258789,28.352434158325195,53920000
2021-01-21,32.34000015258789,32.47999954223633,31.729999542236328,31.770000457763672,27.85270881652832,49626600
2021-01-22,31.360000610351562,31.75,31.25,31.549999237060547,27.659835815429688,45314500
2021-01-25,31.270000457763672,31.299999237060547,30.56999969482422,31.15999984741211,27.317930221557617,48078400
2021-01-26,31.399999618530273,31.43000030517578,30.90999984741211,30.940000534057617,27.12505340576172,36373000
2021-01-27,30.309999465942383,30.43000030517578,29.670000076293945,29.829999923706055,26.151918411254883,63809200
2021-01-28,30.420000076293945,30.75,29.920000076293945,30.31999969482422,26.581497192382812,51223300
2021-01-29,30.399999618530273,30.5,29.59000015258789,29.649999618530273,25.994108200073242,64019100
2021-02-01,29.8700008392334,30.040000915527344,29.56999969482422,29.959999084472656,26.265886306762695,40985300
2021-02-02,30.579999923706055,31.200000762939453,30.540000915527344,31.030000686645508,27.203954696655273,53527000
2021-02-03,30.90999984741211,31.729999542236328,30.8799991607666,31.579999923706055,27.686140060424805,49404900
2021-02-04,31.799999237060547,32.529998779296875,31.780000686645508,32.5,28.492706298828125,51751900
2021-02-05,32.88999938964844,32.90999984741211,32.31999969482422,32.369998931884766,28.37872886657715,42008800
2021-02-08,32.43000030517578,33.279998779296875,32.400001525878906,33.09000015258789,29.00995635986328,46014100
2021-02-09,32.970001220703125,33.02000045776367,32.59000015258789,32.95000076293945,28.8872127532959,35868600
2021-02-10,33.119998931884766,33.41999816894531,32.86000061035156,32.97999954223633,28.913516998291016,45031900
2021-02-11,32.970001220703125,33.310001373291016,32.54999923706055,32.880001068115234,28.82584571838379,29479900
2021-02-12,33.0,33.45000076293945,32.90999984741211,33.369998931884766,29.255428314208984,37468300
2021-02-16,33.97999954223633,34.560001373291016,33.70000076293945,34.27000045776367,30.04445457458496,52802600
2021-02-17,34.040000915527344,34.560001373291016,33.790000915527344,34.40999984741211,30.167198181152344,45455300
2021-02-18,34.060001373291016,34.650001525878906,34.02000045776367,34.189998626708984,29.974319458007812,37541700
2021-02-19,34.20000076293945,34.72999954223633,34.18000030517578,34.540000915527344,30.281166076660156,54514100
2021-02-22,34.45000076293945,35.25,34.40999984741211,35.150001525878906,30.815954208374023,56783400
2021-02-23,35.41999816894531,35.88999938964844,35.13999938964844,35.52000045776367,31.140331268310547,67440700
2021-02-24,35.7400016784668,36.52000045776367,35.599998474121094,36.380001068115234,31.89429473876953,58139500
2021-02-25,36.959999084472656,37.029998779296875,35.7599983215332,35.93000030517578,31.499773025512695,74762000
2021-02-26,35.72999954223633,36.029998779296875,34.68000030517578,34.709999084472656,30.43020248413086,70933300
2021-03-01,35.52000045776367,36.04999923706055,35.2400016784668,35.790000915527344,31.377031326293945,45901700
2021-03-02,35.650001525878906,35.939998626708984,35.5,35.529998779296875,31.149093627929688,41167400
2021-03-03,35.970001220703125,36.970001220703125,35.84000015258789,36.41999816894531,31.929351806640625,66047000
2021-03-04,36.13999938964844,36.869998931884766,35.91999816894531,36.5,32.15843200683594,96512800
2021-03-05,37.029998779296875,37.599998474121094,36.16999816894531,36.93000030517578,32.53728485107422,74292300
2021-03-08,37.380001068115234,37.72999954223633,36.81999969482422,37.130001068115234,32.7135009765625,65335500
2021-03-09,36.54999923706055,37.15999984741211,35.810001373291016,36.31999969482422,31.99984359741211,63946000
2021-03-10,36.540000915527344,37.529998779296875,36.369998931884766,37.369998931884766,32.92494583129883,53365600
2021-03-11,37.27000045776367,37.790000915527344,36.849998474121094,37.2400016784668,32.8104248046875,45834000
2021-03-12,37.91999816894531,38.18000030517578,37.58000183105469,37.939998626708984,33.427154541015625,46069600
2021-03-15,38.029998779296875,38.06999969482422,37.220001220703125,37.75,33.259742736816406,50131600
2021-03-16,37.41999816894531,37.720001220703125,36.970001220703125,37.63999938964844,33.16282653808594,50300400
2021-03-17,38.0,38.36000061035156,37.33000183105469,37.95000076293945,33.43596267700195,63796000
2021-03-18,38.5099983215332,39.970001220703125,38.41999816894531,38.939998626708984,34.308204650878906,95439700
2021-03-19,38.290000915527344,38.91999816894531,37.529998779296875,38.529998779296875,33.946964263916016,106252700
2021-03-22,38.08000183105469,38.380001068115234,37.400001525878906,37.65999984741211,33.18045425415039,54701300
2021-03-23,37.36000061035156,37.81999969482422,36.779998779296875,36.900001525878906,32.510860443115234,49838000
2021-03-24,37.209999084472656,37.790000915527344,36.88999938964844,36.900001525878906,32.510860443115234,43896800
2021-03-25,36.869998931884766,37.75,36.630001068115234,37.65999984741211,33.18045425415039,47517900
2021-03-26,38.349998474121094,38.7599983215332,38.08000183105469,38.68000030517578,34.07912826538086,66846000
2021-03-29,38.04999923706055,38.630001068115234,37.86000061035156,38.310001373291016,33.753143310546875,45680000
2021-03-30,38.630001068115234,39.459999084472656,38.630001068115234,38.9900016784668,34.352256774902344,56705900
2021-03-31,38.619998931884766,38.9900016784668,38.459999084472656,38.689998626708984,34.08793640136719,49270000
2021-04-01,38.83000183105469,39.52000045776367,38.720001220703125,39.4900016784668,34.792789459228516,65587000
2021-04-05,40.0,40.279998779296875,39.599998474121094,39.79999923706055,35.065914154052734,50328500
2021-04-06,39.529998779296875,40.150001525878906,39.459999084472656,39.689998626708984,34.96898651123047,42590100
2021-04-07,39.77000045776367,40.150001525878906,39.59000015258789,40.04999923706055,35.286170959472656,43136400
2021-04-08,39.79999923706055,39.849998474121094,39.220001220703125,39.70000076293945,34.977813720703125,45285900
2021-04-09,39.90999984741211,40.18000030517578,39.5099983215332,39.9900016784668,35.233306884765625,45872900
2021-04-12,39.9900016784668,40.380001068115234,39.849998474121094,40.060001373291016,35.29498291015625,45544600
2021-04-13,39.810001373291016,39.81999969482422,39.20000076293945,39.31999969482422,34.64299774169922,46770400
2021-04-14,38.97999954223633,40.33000183105469,38.91999816894531,39.880001068115234,35.136390686035156,52023800
2021-04-15,39.72999954223633,39.84000015258789,38.04999923706055,38.7400016784668,34.131996154785156,118128900
2021-04-16,39.310001373291016,39.41999816894531,38.90999984741211,39.150001525878906,34.493228912353516,60633400
2021-04-19,39.38999938964844,39.43000030517578,39.029998779296875,39.16999816894531,34.51084518432617,42321100
2021-04-20,39.0,39.0,37.88999938964844,38.08000183105469,33.55050277709961,50834100
2021-04-21,37.75,38.779998779296875,37.40999984741211,38.720001220703125,34.11437225341797,37851800
2021-04-22,38.75,38.77000045776367,38.16999816894531,38.36000061035156,33.79719161987305,48093400
2021-04-23,38.31999969482422,39.34000015258789,38.220001220703125,39.18000030517578,34.519657135009766,48674100
2021-04-26,39.349998474121094,39.849998474121094,39.279998779296875,39.40999984741211,34.72230529785156,34699800
2021-04-27,39.66999816894531,39.91999816894531,39.5099983215332,39.880001068115234,35.136390686035156,34304800
2021-04-28,39.93000030517578,40.220001220703125,39.880001068115234,40.029998779296875,35.2685546875,34084400
2021-04-29,40.54999923706055,41.130001068115234,40.459999084472656,41.11000061035156,36.220088958740234,44008700
2021-04-30,40.84000015258789,40.900001525878906,40.470001220703125,40.529998779296875,35.70907211303711,39203400
2021-05-03,40.869998931884766,41.04999923706055,40.41999816894531,40.560001373291016,35.735511779785156,41940500
2021-05-04,40.2400016784668,41.08000183105469,39.779998779296875,41.0,36.123172760009766,53880000
2021-05-05,41.20000076293945,41.560001373291016,40.7599983215332,41.38999938964844,36.46678161621094,37471100
2021-05-06,41.47999954223633,42.060001373291016,41.2400016784668,42.0099983215332,37.013038635253906,39044400
2021-05-07,41.130001068115234,42.25,41.11000061035156,42.18000030517578,37.16281509399414,39249200
2021-05-10,42.5,42.939998626708984,42.029998779296875,42.04999923706055,37.048282623291016,41271500
2021-05-11,41.54999923706055,42.34000015258789,41.34000015258789,41.56999969482422,36.62538146972656,42964700
2021-05-12,42.380001068115234,42.560001373291016,41.040000915527344,41.18000030517578,36.281761169433594,47533000
2021-05-13,40.86000061035156,42.09000015258789,40.779998779296875,41.84000015258789,36.863258361816406,42026100
2021-05-14,42.060001373291016,42.47999954223633,41.91999816894531,42.36000061035156,37.3213996887207,30932600
2021-05-17,42.2400016784668,42.849998474121094,42.15999984741211,42.7400016784668,37.65620422363281,32656400
2021-05-18,42.70000076293945,42.95000076293945,42.13999938964844,42.15999984741211,37.14519500732422,37880300
2021-05-19,41.650001525878906,42.0,41.310001373291016,41.970001220703125,36.97779083251953,42672800
2021-05-20,41.900001525878906,42.130001068115234,41.459999084472656,41.869998931884766,36.88968276977539,36871100
2021-05-21,42.02000045776367,42.599998474121094,41.88999938964844,42.400001525878906,37.35665512084961,40243800
2021-05-24,42.58000183105469,42.779998779296875,42.25,42.630001068115234,37.559288024902344,31390800
2021-05-25,42.689998626708984,43.2599983215332,41.93000030517578,42.0099983215332,37.013038635253906,52657700
2021-05-26,42.02000045776367,42.25,41.65999984741211,42.040000915527344,37.03946304321289,41332800
2021-05-27,42.47999954223633,42.849998474121094,42.119998931884766,42.54999923706055,37.488807678222656,52981100
2021-05-28,42.65999984741211,42.709999084472656,42.04999923706055,42.38999938964844,37.347835540771484,38509700
2021-06-01,42.95000076293945,43.279998779296875,42.77000045776367,42.91999816894531,37.814788818359375,42890700
2021-06-02,43.099998474121094,43.16999816894531,42.599998474121094,42.939998626708984,37.83241653442383,34180500
2021-06-03,42.77000045776367,43.4900016784668,42.68000030517578,43.25,38.265953063964844,46981200
2021-06-04,43.2400016784668,43.38999938964844,42.83000183105469,43.27000045776367,38.28364944458008,37192600
2021-06-07,43.27000045776367,43.38999938964844,43.060001373291016,43.119998931884766,38.15092849731445,28401900
2021-06-08,42.86000061035156,43.2400016784668,42.43000030517578,42.880001068115234,37.93857955932617,41871400
2021-06-09,42.470001220703125,42.72999954223633,42.11000061035156,42.31999969482422,37.443115234375,42366300
2021-06-10,42.7599983215332,42.959999084472656,41.619998931884766,41.689998626708984,36.885719299316406,40123600
2021-06-11,41.810001373291016,41.88999938964844,41.5099983215332,41.86000061035156,37.036128997802734,31203600
2021-06-14,41.849998474121094,41.90999984741211,41.060001373291016,41.36000061035156,36.5937385559082,36050700
2021-06-15,41.279998779296875,41.560001373291016,40.900001525878906,41.38999938964844,36.62028503417969,39247900
2021-06-16,41.279998779296875,41.9900016784668,40.66999816894531,41.619998931884766,36.823787689208984,63859100
2021-06-17,42.02000045776367,42.099998474121094,39.720001220703125,39.79999923706055,35.21352005004883,80728200
2021-06-18,39.0099983215332,39.29999923706055,38.4900016784668,38.779998779296875,34.31106185913086,102774200
2021-06-21,39.119998931884766,39.779998779296875,39.029998779296875,39.75,35.169288635253906,48119400
2021-06-22,39.880001068115234,40.2599983215332,39.279998779296875,39.970001220703125,35.36392593383789,44113200
2021-06-23,40.15999984741211,40.41999816894531,40.06999969482422,40.20000076293945,35.567420959472656,32039900
2021-06-24,40.439998626708984,41.0099983215332,40.18000030517578,40.83000183105469,36.12482833862305,37161800
2021-06-25,41.27000045776367,41.83000183105469,40.84000015258789,41.619998931884766,36.823787689208984,53178800
2021-06-28,41.459999084472656,41.58000183105469,41.099998474121094,41.560001373291016,36.77070236206055,34416500
2021-06-29,41.630001068115234,41.95000076293945,40.75,40.88999938964844,36.17791748046875,38519600
2021-06-30,40.7599983215332,41.36000061035156,40.720001220703125,41.22999954223633,36.478729248046875,29159800
2021-07-01,41.560001373291016,41.70000076293945,41.209999084472656,41.540000915527344,36.75300598144531,28045100
2021-07-02,41.369998931884766,41.470001220703125,41.099998474121094,41.150001525878906,36.40794372558594,28980800
2021-07-06,40.810001373291016,40.880001068115234,39.869998931884766,40.06999969482422,35.4524040222168,47578700
2021-07-07,39.56999969482422,40.0,39.36000061035156,39.75,35.169288635253906,43499900
2021-07-08,38.619998931884766,39.2400016784668,38.47999954223633,38.779998779296875,34.31106185913086,52793100
2021-07-09,39.650001525878906,40.2400016784668,39.400001525878906,40.040000915527344,35.42585754394531,43887200
2021-07-12,39.790000915527344,40.810001373291016,39.63999938964844,40.630001068115234,35.947872161865234,42624500
2021-07-13,40.47999954223633,40.47999954223633,39.58000183105469,39.86000061035156,35.26660919189453,54338100
2021-07-14,39.11000061035156,39.54999923706055,37.790000915527344,38.86000061035156,34.3818359375,105651700
2021-07-15,38.38999938964844,39.33000183105469,38.31999969482422,38.83000183105469,34.35530471801758,54697300
2021-07-16,39.220001220703125,39.290000915527344,37.59000015258789,37.91999816894531,33.550167083740234,60469700
2021-07-19,36.75,37.25,36.5099983215332,36.93000030517578,32.67425537109375,83251500
2021-07-20,36.86000061035156,38.119998931884766,36.61000061035156,37.689998626708984,33.3466796875,59462900
2021-07-21,38.04999923706055,38.77000045776367,37.97999954223633,38.459999084472656,34.02793884277344,49907400
2021-07-22,38.36000061035156,38.400001525878906,37.68000030517578,37.959999084472656,33.58555603027344,52715600
2021-07-23,38.20000076293945,38.27000045776367,37.560001373291016,37.70000076293945,33.355525970458984,48659400
2021-07-26,37.65999984741211,38.2400016784668,37.65999984741211,38.130001068115234,33.735965728759766,32258000
2021-07-27,37.720001220703125,38.2400016784668,37.459999084472656,37.97999954223633,33.603248596191406,39121400
2021-07-28,38.189998626708984,38.5,37.75,38.130001068115234,33.735965728759766,43331100
2021-07-29,38.54999923706055,38.97999954223633,38.369998931884766,38.68000030517578,34.22258377075195,43039100
2021-07-30,38.5099983215332,38.83000183105469,38.04999923706055,38.36000061035156,33.9394645690918,46210100
2021-08-02,38.400001525878906,38.95000076293945,37.90999984741211,37.959999084472656,33.58555603027344,49894000
2021-08-03,38.060001373291016,38.630001068115234,37.54999923706055,38.54999923706055,34.107566833496094,39680600
2021-08-04,38.029998779296875,38.77000045776367,37.86000061035156,38.27000045776367,33.85983657836914,42289800
2021-08-05,38.56999969482422,39.060001373291016,38.54999923706055,39.02000045776367,34.523414611816406,34754500
2021-08-06,39.470001220703125,40.40999984741211,39.470001220703125,40.150001525878906,35.523189544677734,58022300
2021-08-09,40.04999923706055,40.959999084472656,39.79999923706055,40.66999816894531,35.983253479003906,56340100
2021-08-10,40.709999084472656,41.619998931884766,40.58000183105469,41.43000030517578,36.655677795410156,44987300
2021-08-11,41.599998474121094,42.189998626708984,41.47999954223633,41.95000076293945,37.115760803222656,58458200
2021-08-12,42.22999954223633,42.290000915527344,41.77000045776367,42.150001525878906,37.29271697998047,37400100
2021-08-13,42.09000015258789,42.22999954223633,41.43000030517578,41.630001068115234,36.8326301574707,41344900
2021-08-16,41.15999984741211,41.29999923706055,40.61000061035156,41.290000915527344,36.53181076049805,38599100
2021-08-17,41.04999923706055,41.56999969482422,40.619998931884766,41.09000015258789,36.3548583984375,43526900
2021-08-18,40.77000045776367,41.529998779296875,40.65999984741211,40.790000915527344,36.08943176269531,50342500
2021-08-19,40.119998931884766,40.66999816894531,40.0099983215332,40.189998626708984,35.55857849121094,51883900
2021-08-20,40.09000015258789,40.470001220703125,39.90999984741211,40.369998931884766,35.717838287353516,40415000
2021-08-23,40.630001068115234,41.099998474121094,40.599998474121094,40.90999984741211,36.19560623168945,35364500
2021-08-24,41.099998474121094,41.68000030517578,41.040000915527344,41.47999954223633,36.69990921020508,35579300
2021-08-25,41.65999984741211,42.45000076293945,41.540000915527344,42.150001525878906,37.29271697998047,51219900
2021-08-26,42.5,42.84000015258789,42.02000045776367,42.040000915527344,37.19538116455078,41184500
2021-08-27,42.119998931884766,42.650001525878906,41.939998626708984,42.4900016784668,37.59353256225586,46468600
2021-08-30,42.630001068115234,42.630001068115234,41.630001068115234,41.65999984741211,36.85917282104492,44855600
2021-08-31,41.66999816894531,42.06999969482422,41.36000061035156,41.75,36.938804626464844,54654600
2021-09-01,41.75,41.779998779296875,41.029998779296875,41.189998626708984,36.44334030151367,52361900
2021-09-02,41.11000061035156,41.4900016784668,40.63999938964844,41.02000045776367,36.47890853881836,44538900
2021-09-03,41.02000045776367,41.189998626708984,40.68000030517578,41.04999923706055,36.50558853149414,41812400
2021-09-07,41.25,41.849998474121094,41.18000030517578,41.31999969482422,36.74569320678711,43748600
2021-09-08,41.08000183105469,41.4900016784668,40.68000030517578,40.779998779296875,36.265480041503906,36064400
2021-09-09,40.65999984741211,41.349998474121094,40.560001373291016,40.93000030517578,36.39887619018555,36266400
2021-09-10,41.220001220703125,41.349998474121094,40.2400016784668,40.27000045776367,35.81193542480469,40514700
2021-09-13,40.599998474121094,40.959999084472656,40.349998474121094,40.939998626708984,36.40776443481445,42036300
2021-09-14,41.130001068115234,41.310001373291016,39.65999984741211,39.84000015258789,35.42954635620117,53820400
2021-09-15,39.72999954223633,40.34000015258789,39.66999816894531,40.13999938964844,35.69633102416992,52358200
2021-09-16,40.47999954223633,40.810001373291016,40.20000076293945,40.45000076293945,35.97201156616211,42922000
2021-09-17,40.34000015258789,40.66999816894531,40.08000183105469,40.5,36.016475677490234,92746000
2021-09-20,39.380001068115234,39.459999084472656,38.36000061035156,39.11000061035156,34.78035354614258,67566200
2021-09-21,39.27000045776367,39.599998474121094,38.939998626708984,39.130001068115234,34.79814147949219,38271100
2021-09-22,39.75,40.52000045776367,39.75,40.13999938964844,35.69633102416992,46261400
2021-09-23,40.7599983215332,41.880001068115234,40.650001525878906,41.689998626708984,37.074737548828125,49779800
2021-09-24,41.720001220703125,42.34000015258789,41.650001525878906,42.13999938964844,37.47492218017578,39042300
2021-09-27,42.68000030517578,43.43000030517578,42.63999938964844,43.2599983215332,38.47092819213867,49755400
2021-09-28,43.43000030517578,44.040000915527344,43.060001373291016,43.15999984741211,38.38201141357422,60781200
2021-09-29,43.18000030517578,43.31999969482422,42.7400016784668,43.06999969482422,38.301971435546875,44260200
2021-09-30,43.349998474121094,43.349998474121094,42.22999954223633,42.45000076293945,37.75059509277344,47410800
2021-10-01,42.47999954223633,43.43000030517578,42.38999938964844,43.08000183105469,38.31086349487305,40987100
2021-10-04,43.11000061035156,44.06999969482422,43.06999969482422,43.34000015258789,38.54208755493164,48273400
2021-10-05,43.77000045776367,44.75,43.66999816894531,44.220001220703125,39.324649810791016,54070700
2021-10-06,43.849998474121094,44.290000915527344,43.54999923706055,44.2400016784668,39.34244918823242,47031700
2021-10-07,44.790000915527344,44.869998931884766,44.029998779296875,44.119998931884766,39.235721588134766,46258800
2021-10-08,44.06999969482422,44.810001373291016,43.91999816894531,44.34000015258789,39.43137741088867,39389400
2021-10-11,44.599998474121094,44.810001373291016,43.75,43.779998779296875,38.93336486816406,36283500
2021-10-12,43.66999816894531,44.0,43.27000045776367,43.540000915527344,38.71994400024414,36898300
2021-10-13,43.54999923706055,43.63999938964844,42.33000183105469,43.13999938964844,38.364219665527344,43908000
2021-10-14,44.369998931884766,45.099998474121094,43.47999954223633,45.06999969482422,40.08056640625,82201000
2021-10-15,45.77000045776367,46.66999816894531,45.36000061035156,46.369998931884766,41.236637115478516,64264900
2021-10-18,46.290000915527344,46.88999938964844,46.029998779296875,46.279998779296875,41.1566047668457,49542500
2021-10-19,46.5,46.630001068115234,46.20000076293945,46.47999954223633,41.334468841552734,32515500
2021-10-20,46.4900016784668,47.2400016784668,46.04999923706055,47.09000015258789,41.876930236816406,40411000
2021-10-21,47.099998474121094,47.47999954223633,46.61000061035156,46.83000183105469,41.64571762084961,36848600
2021-10-22,46.9900016784668,47.619998931884766,46.9900016784668,47.56999969482422,42.30379104614258,36225600
2021-10-25,47.79999923706055,47.97999954223633,47.20000076293945,47.5099983215332,42.25043487548828,31679500
2021-10-26,47.65999984741211,48.43000030517578,47.439998626708984,47.959999084472656,42.65061950683594,35674800
2021-10-27,47.47999954223633,48.16999816894531,47.029998779296875,47.040000915527344,41.832481384277344,45790800
2021-10-28,47.59000015258789,48.0,47.29999923706055,47.779998779296875,42.49055099487305,37209600
2021-10-29,47.75,48.130001068115234,47.52000045776367,47.779998779296875,42.49055099487305,31756200
2021-11-01,48.099998474121094,48.16999816894531,47.279998779296875,47.849998474121094,42.552799224853516,36937200
2021-11-02,47.56999969482422,48.41999816894531,47.349998474121094,47.880001068115234,42.57948303222656,36283400
2021-11-03,47.79999923706055,48.689998626708984,47.61000061035156,48.369998931884766,43.01523971557617,42553000
2021-11-04,48.150001525878906,48.150001525878906,46.880001068115234,47.33000183105469,42.09036636352539,47646300
2021-11-05,47.599998474121094,47.81999969482422,46.81999969482422,46.970001220703125,41.770225524902344,38271200
2021-11-08,47.349998474121094,47.79999923706055,47.25,47.34000015258789,42.09925842285156,33815500
2021-11-09,46.650001525878906,47.36000061035156,46.40999984741211,46.880001068115234,41.690185546875,36900300
2021-11-10,46.75,47.52000045776367,46.650001525878906,47.22999954223633,42.001441955566406,39385600
2021-11-11,47.310001373291016,47.88999938964844,47.0099983215332,47.4900016784668,42.23264694213867,31194800
2021-11-12,47.5099983215332,47.529998779296875,46.7599983215332,46.90999984741211,41.716861724853516,44268500
2021-11-15,47.2599983215332,47.38999938964844,46.900001525878906,47.04999923706055,41.84136199951172,35335500
2021-11-16,47.18000030517578,47.279998779296875,46.689998626708984,47.08000183105469,41.86804962158203,35120800
2021-11-17,47.08000183105469,47.20000076293945,46.45000076293945,46.5099983215332,41.36113739013672,32963700
2021-11-18,46.709999084472656,46.810001373291016,46.209999084472656,46.31999969482422,41.192176818847656,30639000
2021-11-19,45.70000076293945,45.77000045776367,44.83000183105469,45.400001525878906,40.37403106689453,48429500
2021-11-22,46.720001220703125,46.869998931884766,45.90999984741211,46.279998779296875,41.1566047668457,53697100
2021-11-23,46.869998931884766,47.650001525878906,46.66999816894531,47.5,42.24155044555664,49362900
2021-11-24,47.41999816894531,47.97999954223633,47.209999084472656,47.630001068115234,42.35715103149414,40060000
2021-11-26,45.52000045776367,46.040000915527344,44.75,45.7599983215332,40.694175720214844,55110100
2021-11-29,46.41999816894531,46.70000076293945,45.16999816894531,45.59000015258789,40.54299545288086,50231100
2021-11-30,44.7599983215332,45.220001220703125,44.36000061035156,44.470001220703125,39.54697799682617,77193600
2021-12-01,45.220001220703125,45.70000076293945,43.810001373291016,43.84000015258789,38.986732482910156,60601600
2021-12-02,44.33000183105469,45.5,44.0,44.88999938964844,40.11262893676758,57821400
2021-12-03,45.0,45.06999969482422,43.599998474121094,43.869998931884766,39.2011833190918,74605300
2021-12-06,44.560001373291016,44.880001068115234,43.959999084472656,44.150001525878906,39.451385498046875,48193100
2021-12-07,44.560001373291016,44.90999984741211,44.43000030517578,44.709999084472656,39.95178985595703,40740800
2021-12-08,44.68000030517578,44.79999923706055,44.09000015258789,44.15999984741211,39.46031951904297,50560300
2021-12-09,43.90999984741211,44.72999954223633,43.650001525878906,44.4900016784668,39.75519943237305,37316700
2021-12-10,44.709999084472656,44.83000183105469,44.06999969482422,44.52000045776367,39.78200912475586,37700200
2021-12-13,44.27000045776367,44.400001525878906,43.38999938964844,43.58000183105469,38.94205093383789,38653900
2021-12-14,43.59000015258789,44.81999969482422,43.529998779296875,44.130001068115234,39.433509826660156,47099400
2021-12-15,44.369998931884766,44.45000076293945,43.619998931884766,43.939998626708984,39.26374435424805,60057100
2021-12-16,44.70000076293945,45.36000061035156,44.09000015258789,45.0,40.2109375,69487200
2021-12-17,44.5,44.70000076293945,43.619998931884766,43.880001068115234,39.21011734008789,124242400
2021-12-20,43.27000045776367,43.36000061035156,42.70000076293945,43.15999984741211,38.56673812866211,56455200
2021-12-21,43.540000915527344,44.47999954223633,43.540000915527344,44.189998626708984,39.487125396728516,47845600
2021-12-22,44.08000183105469,44.58000183105469,43.880001068115234,44.279998779296875,39.56754684448242,35715700
2021-12-23,44.68000030517578,45.06999969482422,44.400001525878906,44.41999816894531,39.69264221191406,34053500
2021-12-27,44.54999923706055,44.81999969482422,44.310001373291016,44.63999938964844,39.88922882080078,33879200
2021-12-28,44.470001220703125,45.08000183105469,44.41999816894531,44.70000076293945,39.9428596496582,32492400
2021-12-29,44.849998474121094,45.119998931884766,44.599998474121094,44.630001068115234,39.88029861450195,25294900
2021-12-30,44.75,45.099998474121094,44.47999954223633,44.529998779296875,39.79093933105469,23852200
2021-12-31,44.52000045776367,44.720001220703125,44.279998779296875,44.4900016784668,39.75519943237305,24253900
2022-01-03,45.09000015258789,46.4900016784668,44.97999954223633,46.18000030517578,41.265350341796875,58587900
2022-01-04,47.060001373291016,48.43000030517578,47.040000915527344,47.9900016784668,42.882720947265625,74606700
2022-01-05,48.13999938964844,48.369998931884766,47.15999984741211,47.18000030517578,42.15891647338867,57791600
2022-01-06,47.97999954223633,48.15999984741211,47.189998626708984,48.130001068115234,43.0078125,52040900
2022-01-07,48.150001525878906,49.310001373291016,48.060001373291016,49.18000030517578,43.946075439453125,59082600
2022-01-10,49.90999984741211,50.08000183105469,48.34000015258789,48.93000030517578,43.722679138183594,66839500
2022-01-11,48.9900016784668,49.25,48.63999938964844,49.209999084472656,43.97288131713867,40454400
2022-01-12,49.16999816894531,49.380001068115234,48.68000030517578,48.86000061035156,43.66012954711914,41378000
2022-01-13,48.91999816894531,49.4900016784668,48.630001068115234,48.7599983215332,43.57076644897461,46337500
2022-01-14,47.52000045776367,48.22999954223633,47.189998626708984,47.90999984741211,42.81122589111328,72953300
2022-01-18,47.849998474121094,47.91999816894531,46.04999923706055,46.2599983215332,41.33682632446289,65877400
2022-01-19,48.38999938964844,48.58000183105469,46.349998474121094,46.439998626708984,41.497676849365234,84451800
2022-01-20,46.689998626708984,47.04999923706055,45.65999984741211,45.75,40.881099700927734,46265300
2022-01-21,45.56999969482422,46.02000045776367,44.65999984741211,44.91999816894531,40.13943862915039,71303600
2022-01-24,43.900001525878906,44.689998626708984,42.59000015258789,44.54999923706055,39.80881118774414,90672700
2022-01-25,44.290000915527344,45.56999969482422,43.83000183105469,45.43000030517578,40.595157623291016,73555300
2022-01-26,45.779998779296875,46.459999084472656,45.2599983215332,45.900001525878906,41.01514434814453,63735800
2022-01-27,46.369998931884766,46.75,45.09000015258789,45.470001220703125,40.63090896606445,63402400
2022-01-28,45.33000183105469,45.88999938964844,44.45000076293945,45.869998931884766,40.98834228515625,51048300
2022-01-31,45.52000045776367,46.27000045776367,45.220001220703125,46.13999938964844,41.229591369628906,44793700
2022-02-01,46.209999084472656,47.099998474121094,45.900001525878906,46.939998626708984,41.94446563720703,40326600
2022-02-02,46.720001220703125,46.959999084472656,46.29999923706055,46.88999938964844,41.899784088134766,41125600
2022-02-03,47.220001220703125,47.290000915527344,46.349998474121094,46.43000030517578,41.48872756958008,35879900
2022-02-04,47.08000183105469,48.689998626708984,46.68000030517578,48.279998779296875,43.141849517822266,60297100
2022-02-07,48.560001373291016,48.7599983215332,47.9900016784668,48.5099983215332,43.34737014770508,44824800
2022-02-08,49.150001525878906,50.02000045776367,48.939998626708984,49.380001068115234,44.124778747558594,49560500
2022-02-09,49.220001220703125,49.790000915527344,49.029998779296875,49.279998779296875,44.03542709350586,33861100
2022-02-10,49.68000030517578,50.11000061035156,48.7599983215332,49.04999923706055,43.829898834228516,47082800
2022-02-11,48.630001068115234,49.439998626708984,47.5,47.91999816894531,42.820159912109375,61056000
2022-02-14,48.02000045776367,48.189998626708984,46.939998626708984,47.41999816894531,42.37336730957031,44791900
2022-02-15,48.0,48.369998931884766,47.56999969482422,47.790000915527344,42.704002380371094,42397600
2022-02-16,47.439998626708984,48.2400016784668,47.310001373291016,47.68000030517578,42.60570526123047,36664600
2022-02-17,47.0,47.290000915527344,45.95000076293945,46.06999969482422,41.16704177856445,49442400
2022-02-18,46.06999969482422,46.540000915527344,45.720001220703125,45.959999084472656,41.06875991821289,37856500
2022-02-22,45.16999816894531,45.97999954223633,45.040000915527344,45.560001373291016,40.71132278442383,51905600
2022-02-23,45.95000076293945,46.11000061035156,44.56999969482422,44.779998779296875,40.01433563232422,45704900
2022-02-24,43.0,43.68000030517578,42.04999923706055,43.599998474121094,38.95991134643555,80484800
2022-02-25,43.810001373291016,45.349998474121094,43.630001068115234,45.02000045776367,40.22879409790039,68530700
2022-02-28,43.720001220703125,44.2599983215332,43.439998626708984,44.20000076293945,39.496055603027344,69955300
2022-03-01,43.709999084472656,43.7400016784668,41.93000030517578,42.470001220703125,37.95018005371094,74895600
2022-03-02,42.7400016784668,43.540000915527344,42.619998931884766,43.15999984741211,38.56673812866211,70834600
2022-03-03,43.09000015258789,43.5,42.209999084472656,42.4900016784668,38.15369415283203,48733800
2022-03-04,41.43000030517578,41.439998626708984,40.31999969482422,40.95000076293945,36.770851135253906,75572800
2022-03-07,39.93000030517578,40.11000061035156,38.209999084472656,38.34000015258789,34.427215576171875,109779000
2022-03-08,39.06999969482422,39.65999984741211,38.16999816894531,38.59000015258789,34.65168762207031,76553800
2022-03-09,40.310001373291016,41.61000061035156,40.15999984741211,41.040000915527344,36.8516731262207,78207900
2022-03-10,40.290000915527344,41.47999954223633,40.11000061035156,40.66999816894531,36.5194206237793,48804400
2022-03-11,41.040000915527344,41.380001068115234,40.290000915527344,40.33000183105469,36.21412658691406,43946600
2022-03-14,40.900001525878906,42.18000030517578,40.900001525878906,41.20000076293945,36.995338439941406,54262400
2022-03-15,41.2599983215332,41.779998779296875,40.869998931884766,41.5,37.26472091674805,41395300
2022-03-16,42.2400016784668,43.04999923706055,41.91999816894531,42.79999923706055,38.43205261230469,59477600
2022-03-17,42.40999984741211,43.040000915527344,41.83000183105469,43.029998779296875,38.638580322265625,50260200
2022-03-18,42.7599983215332,42.93000030517578,42.2599983215332,42.900001525878906,38.521846771240234,74470600
2022-03-21,43.349998474121094,43.43000030517578,42.5099983215332,42.84000015258789,38.46796798706055,47106400
2022-03-22,43.81999969482422,44.630001068115234,43.70000076293945,44.18000030517578,39.67121505737305,52360600
2022-03-23,43.720001220703125,44.0099983215332,43.029998779296875,43.09000015258789,38.69245147705078,48539300
2022-03-24,43.380001068115234,43.43000030517578,42.88999938964844,43.06999969482422,38.67449188232422,30360800
2022-03-25,43.47999954223633,44.2599983215332,43.33000183105469,43.72999954223633,39.26713562011719,38968100
2022-03-28,43.709999084472656,43.75,42.83000183105469,43.54999923706055,39.10550308227539,37428600
2022-03-29,44.25,44.38999938964844,43.11000061035156,43.439998626708984,39.00672912597656,46355800
2022-03-30,43.439998626708984,43.650001525878906,42.75,43.0,38.61164093017578,36601800
2022-03-31,42.84000015258789,42.88999938964844,41.20000076293945,41.220001220703125,37.0132942199707,67902500
2022-04-01,41.689998626708984,41.7400016784668,40.349998474121094,40.900001525878906,36.72595977783203,61929200
2022-04-04,40.47999954223633,41.13999938964844,40.15999984741211,40.83000183105469,36.6630973815918,53761700
2022-04-05,40.439998626708984,40.7599983215332,40.040000915527344,40.13999938964844,36.043514251708984,51781700
2022-04-06,39.7400016784668,40.0099983215332,39.349998474121094,39.70000076293945,35.64842224121094,54159800
2022-04-07,39.88999938964844,39.97999954223633,38.849998474121094,39.38999938964844,35.370059967041016,54585000
2022-04-08,39.4900016784668,40.099998474121094,39.31999969482422,39.66999816894531,35.6214714050293,41018900
2022-04-11,39.47999954223633,40.400001525878906,39.38999938964844,39.59000015258789,35.549644470214844,34198700
2022-04-12,39.56999969482422,40.08000183105469,38.849998474121094,39.16999816894531,35.17251205444336,42855300
2022-04-13,38.5,39.0099983215332,38.36000061035156,38.81999969482422,34.85823059082031,45484200
2022-04-14,38.4900016784668,38.970001220703125,37.41999816894531,37.56999969482422,33.73579406738281,79032000
2022-04-18,37.41999816894531,39.310001373291016,37.220001220703125,38.849998474121094,34.885162353515625,80080300
2022-04-19,39.209999084472656,39.880001068115234,39.11000061035156,39.56999969482422,35.531681060791016,53714200
2022-04-20,40.150001525878906,40.369998931884766,39.61000061035156,39.65999984741211,35.61249923706055,47064300
2022-04-21,40.0,40.209999084472656,38.619998931884766,38.90999984741211,34.939048767089844,46245900
2022-04-22,38.810001373291016,38.849998474121094,37.5,37.560001373291016,33.72681427001953,50409800
2022-04-25,36.88999938964844,37.400001525878906,35.93000030517578,37.290000915527344,33.484375,64301100
2022-04-26,36.880001068115234,37.540000915527344,36.41999816894531,36.45000076293945,32.730098724365234,44809900
2022-04-27,36.27000045776367,36.90999984741211,36.16999816894531,36.25,32.55051040649414,39824900
2022-04-28,36.72999954223633,36.95000076293945,36.15999984741211,36.810001373291016,33.0533561706543,39567800
2022-04-29,36.75,37.130001068115234,35.540000915527344,35.68000030517578,32.0386848449707,47385200
2022-05-02,36.029998779296875,36.279998779296875,35.400001525878906,36.13999938964844,32.45173645019531,46652200
2022-05-03,36.34000015258789,37.630001068115234,36.33000183105469,37.130001068115234,33.3406982421875,48926000
2022-05-04,37.369998931884766,38.75,37.279998779296875,38.619998931884766,34.67863845825195,57860300
2022-05-05,38.04999923706055,38.209999084472656,36.869998931884766,37.540000915527344,33.708866119384766,48860600
2022-05-06,37.369998931884766,37.619998931884766,36.61000061035156,37.45000076293945,33.628047943115234,50440100
2022-05-09,36.869998931884766,37.060001373291016,36.060001373291016,36.369998931884766,32.658260345458984,51242000
2022-05-10,36.75,37.130001068115234,35.18000030517578,35.7599983215332,32.11051559448242,60235300
2022-05-11,35.900001525878906,36.91999816894531,35.5099983215332,35.56999969482422,31.939905166625977,54969300
2022-05-12,35.0099983215332,35.43000030517578,34.2599983215332,35.06999969482422,31.49094009399414,61231500
2022-05-13,35.529998779296875,35.72999954223633,34.7599983215332,35.16999816894531,31.580726623535156,49117900
2022-05-16,35.0,35.16999816894531,34.40999984741211,34.810001373291016,31.25747299194336,39076500
2022-05-17,35.619998931884766,36.220001220703125,35.43000030517578,35.9900016784668,32.31705093383789,42635600
2022-05-18,35.619998931884766,35.689998626708984,34.599998474121094,34.880001068115234,31.320322036743164,47396900
2022-05-19,34.290000915527344,34.84000015258789,34.25,34.45000076293945,30.9342098236084,47002700
2022-05-20,34.79999923706055,34.97999954223633,32.959999084472656,33.86000061035156,30.404422760009766,62406500
2022-05-23,34.7599983215332,36.2599983215332,34.65999984741211,35.869998931884766,32.209285736083984,69081900
2022-05-24,35.470001220703125,35.959999084472656,34.959999084472656,35.650001525878906,32.011749267578125,46146700
2022-05-25,35.5,36.27000045776367,35.290000915527344,35.84000015258789,32.182350158691406,49343400
2022-05-26,36.5,36.84000015258789,36.34000015258789,36.66999816894531,32.927642822265625,60201200
2022-05-27,36.88999938964844,37.04999923706055,36.58000183105469,37.02000045776367,33.24192810058594,43365600
2022-05-31,36.81999969482422,37.529998779296875,36.61000061035156,37.20000076293945,33.403560638427734,71609200
2022-06-01,37.459999084472656,37.470001220703125,36.16999816894531,36.66999816894531,32.927642822265625,35237900
2022-06-02,36.40999984741211,36.709999084472656,36.06999969482422,36.70000076293945,33.14439392089844,35341900
2022-06-03,36.47999954223633,36.68000030517578,36.130001068115234,36.189998626708984,32.68380355834961,25235200
2022-06-06,36.70000076293945,37.209999084472656,36.099998474121094,36.150001525878906,32.64768600463867,40394000
2022-06-07,35.900001525878906,36.40999984741211,35.7400016784668,36.349998474121094,32.82830047607422,29152200
2022-06-08,35.91999816894531,36.11000061035156,35.52000045776367,35.88999938964844,32.412864685058594,33590600
2022-06-09,35.7400016784668,35.84000015258789,34.5,34.5099983215332,31.166566848754883,49419000
2022-06-10,33.68000030517578,34.040000915527344,33.02000045776367,33.16999816894531,29.956390380859375,49318200
2022-06-13,32.38999938964844,32.77000045776367,31.739999771118164,32.02000045776367,28.91780662536621,61216600
2022-06-14,31.920000076293945,32.599998474121094,31.229999542236328,31.459999084472656,28.412063598632812,49349800
2022-06-15,31.979999542236328,32.4900016784668,31.420000076293945,32.04999923706055,28.944900512695312,51540100
2022-06-16,31.5,32.0,30.860000610351562,31.850000381469727,28.7642765045166,61363400
2022-06-17,32.029998779296875,32.58000183105469,31.639999389648438,31.920000076293945,28.827497482299805,80470300
2022-06-21,32.88999938964844,33.290000915527344,32.619998931884766,32.849998474121094,29.667394638061523,53537200
2022-06-22,32.38999938964844,32.939998626708984,32.31999969482422,32.599998474121094,29.441608428955078,38305600
2022-06-23,32.380001068115234,32.40999984741211,31.260000228881836,32.08000183105469,28.971994400024414,44091500
2022-06-24,31.25,32.77000045776367,31.229999542236328,32.310001373291016,29.179712295532227,79504700
2022-06-27,32.41999816894531,32.599998474121094,31.90999984741211,32.349998474121094,29.21583366394043,47900300
2022-06-28,32.83000183105469,33.5,32.189998626708984,32.2599983215332,29.134552001953125,49863800
2022-06-29,32.22999954223633,32.439998626708984,31.65999984741211,31.860000610351562,28.77330780029297,35149700
2022-06-30,31.170000076293945,31.549999237060547,30.639999389648438,31.1299991607666,28.114030838012695,46312300
2022-07-01,30.979999542236328,31.670000076293945,30.6299991607666,31.559999465942383,28.502370834350586,40236100
2022-07-05,30.799999237060547,31.239999771118164,30.450000762939453,31.239999771118164,28.213376998901367,47411800
2022-07-06,31.010000228881836,31.25,30.639999389648438,30.979999542236328,27.978565216064453,35933700
2022-07-07,31.5,32.0099983215332,31.469999313354492,31.860000610351562,28.77330780029297,40137900
2022-07-08,32.0099983215332,32.25,31.559999465942383,31.790000915527344,28.710094451904297,31153800
2022-07-11,31.549999237060547,31.790000915527344,31.290000915527344,31.459999084472656,28.412063598632812,29311900
2022-07-12,31.020000457763672,32.029998779296875,30.979999542236328,31.360000610351562,28.321748733520508,39527000
2022-07-13,31.06999969482422,31.149999618530273,30.399999618530273,30.84000015258789,27.852128982543945,44153700
2022-07-14,30.09000015258789,30.219999313354492,29.670000076293945,30.1299991607666,27.21091651916504,51707800
2022-07-15,30.649999618530273,32.630001068115234,30.610000610351562,32.25,29.125524520874023,77801700
2022-07-18,33.08000183105469,33.380001068115234,32.099998474121094,32.2599983215332,29.134552001953125,56382900
2022-07-19,32.900001525878906,33.619998931884766,32.68000030517578,33.349998474121094,30.118953704833984,46874900
2022-07-20,33.18000030517578,33.45000076293945,32.95000076293945,33.36000061035156,30.127981185913086,35514900
2022-07-21,33.09000015258789,33.66999816894531,32.95000076293945,33.650001525878906,30.389890670776367,31244000
2022-07-22,33.599998474121094,33.939998626708984,33.09000015258789,33.43000030517578,30.191200256347656,27115400
2022-07-25,33.779998779296875,33.97999954223633,33.439998626708984,33.72999954223633,30.46213722229004,30381000
2022-07-26,33.40999984741211,33.779998779296875,32.959999084472656,33.04999923706055,29.848018646240234,30645700
2022-07-27,33.2400016784668,33.77000045776367,32.95000076293945,33.59000015258789,30.335693359375,30344800
2022-07-28,33.5,33.75,32.900001525878906,33.31999969482422,30.09185218811035,40176500
2022-07-29,33.470001220703125,33.939998626708984,33.349998474121094,33.810001373291016,30.534381866455078,48152500
2022-08-01,33.619998931884766,33.88999938964844,33.220001220703125,33.709999084472656,30.444080352783203,32336700
2022-08-02,33.599998474121094,33.720001220703125,33.0,33.040000915527344,29.838985443115234,37884100
2022-08-03,33.41999816894531,33.75,33.16999816894531,33.63999938964844,30.380855560302734,30065800
2022-08-04,33.52000045776367,33.66999816894531,33.16999816894531,33.400001525878906,30.164108276367188,28404500
2022-08-05,33.279998779296875,34.33000183105469,33.2400016784668,33.959999084472656,30.669851303100586,35874500
2022-08-08,34.16999816894531,34.290000915527344,33.45000076293945,33.4900016784668,30.245393753051758,33454300
2022-08-09,33.650001525878906,33.959999084472656,33.40999984741211,33.91999816894531,30.63372802734375,40196900
2022-08-10,34.5,35.43000030517578,34.45000076293945,35.06999969482422,31.672319412231445,61415800
2022-08-11,35.77000045776367,36.060001373291016,35.650001525878906,35.90999984741211,32.430931091308594,50420800
2022-08-12,36.15999984741211,36.310001373291016,35.689998626708984,36.29999923706055,32.783145904541016,31821700
2022-08-15,35.84000015258789,36.29999923706055,35.66999816894531,36.25,32.73799514770508,24908000
2022-08-16,36.189998626708984,36.939998626708984,36.099998474121094,36.63999938964844,33.09021759033203,31870200
2022-08-17,36.20000076293945,36.59000015258789,36.08000183105469,36.40999984741211,32.88249588012695,27125600
2022-08-18,36.25,36.400001525878906,36.0,36.279998779296875,32.76508331298828,23138300
2022-08-19,35.959999084472656,36.029998779296875,35.310001373291016,35.47999954223633,32.04258728027344,36485400
2022-08-22,34.75,34.81999969482422,34.45000076293945,34.720001220703125,31.356225967407227,31210300
2022-08-23,34.66999816894531,34.970001220703125,34.36000061035156,34.40999984741211,31.07625961303711,26588000
2022-08-24,34.25,34.79999923706055,34.04999923706055,34.52000045776367,31.175600051879883,31389400
2022-08-25,34.599998474121094,35.279998779296875,34.45000076293945,35.13999938964844,31.735538482666016,40576700
2022-08-26,35.439998626708984,35.47999954223633,34.02000045776367,34.029998779296875,30.73307228088379,36152600
2022-08-29,33.86000061035156,34.150001525878906,33.61000061035156,33.900001525878906,30.615673065185547,34931000
2022-08-30,34.18000030517578,34.279998779296875,33.540000915527344,34.09000015258789,30.78726577758789,48194900
2022-08-31,34.13999938964844,34.369998931884766,33.599998474121094,33.61000061035156,30.353761672973633,44917600
2022-09-01,33.34000015258789,33.4900016784668,32.65999984741211,33.470001220703125,30.426488876342773,32848900
2022-09-02,33.93000030517578,34.47999954223633,33.27000045776367,33.43000030517578,30.39012336730957,44000800
2022-09-06,33.63999938964844,33.72999954223633,32.61000061035156,33.060001373291016,30.053773880004883,40762400
2022-09-07,32.810001373291016,33.66999816894531,32.630001068115234,33.56999969482422,30.517391204833984,40742600
2022-09-08,33.459999084472656,34.72999954223633,33.27000045776367,34.650001525878906,31.499191284179688,44361800
2022-09-09,34.97999954223633,35.25,34.84000015258789,34.939998626708984,31.762815475463867,37295100
2022-09-12,35.20000076293945,35.630001068115234,35.029998779296875,35.27000045776367,32.062808990478516,30534000
2022-09-13,34.58000183105469,34.720001220703125,33.810001373291016,34.0,30.908292770385742,40959600
2022-09-14,34.20000076293945,34.41999816894531,33.540000915527344,33.869998931884766,30.79011344909668,32004400
2022-09-15,33.790000915527344,34.900001525878906,33.70000076293945,34.5099983215332,31.371915817260742,44863300
2022-09-16,34.189998626708984,34.22999954223633,33.65999984741211,34.119998931884766,31.017377853393555,54281800
2022-09-19,33.720001220703125,34.869998931884766,33.630001068115234,34.689998626708984,31.535551071166992,29782000
2022-09-20,34.5,34.779998779296875,33.880001068115234,34.16999816894531,31.062829971313477,33591100
2022-09-21,34.310001373291016,34.400001525878906,33.119998931884766,33.150001525878906,30.135587692260742,51667800
2022-09-22,33.310001373291016,33.41999816894531,32.38999938964844,32.5,29.544694900512695,47527500
2022-09-23,31.93000030517578,32.09000015258789,31.209999084472656,31.729999542236328,28.84471321105957,55316100
2022-09-26,31.31999969482422,31.81999969482422,30.68000030517578,31.030000686645508,28.20836639404297,40360200
2022-09-27,31.270000457763672,31.3700008392334,30.299999237060547,30.56999969482422,27.79019546508789,43396600
2022-09-28,30.530000686645508,31.309999465942383,30.389999389648438,31.06999969482422,28.244728088378906,38372900
2022-09-29,30.690000534057617,30.899999618530273,30.209999084472656,30.65999984741211,27.87200927734375,35220900
2022-09-30,30.760000228881836,31.190000534057617,30.170000076293945,30.200000762939453,27.45384407043457,42294100
2022-10-03,30.59000015258789,31.280000686645508,30.200000762939453,31.09000015258789,28.262908935546875,34591700
2022-10-04,31.719999313354492,32.52000045776367,31.65999984741211,32.380001068115234,29.43560791015625,39758700
2022-10-05,31.540000915527344,32.029998779296875,31.450000762939453,31.920000076293945,29.01743507385254,35791100
2022-10-06,31.600000381469727,31.8799991607666,31.360000610351562,31.459999084472656,28.599266052246094,40891900
2022-10-07,31.170000076293945,31.239999771118164,30.530000686645508,30.75,27.953824996948242,52304600
2022-10-10,30.899999618530273,31.049999237060547,30.350000381469727,30.65999984741211,27.87200927734375,37669100
2022-10-11,30.3700008392334,30.469999313354492,29.56999969482422,29.770000457763672,27.062936782836914,58124000
2022-10-12,29.639999389648438,30.309999465942383,29.479999542236328,29.860000610351562,27.14475440979004,36137900
2022-10-13,29.40999984741211,31.770000457763672,29.309999465942383,31.690000534057617,28.808351516723633,67671000
2022-10-14,31.809999465942383,32.630001068115234,31.56999969482422,31.700000762939453,28.81744384765625,58108500
2022-10-17,33.36000061035156,33.869998931884766,32.869998931884766,33.619998931884766,30.56284523010254,88896800
2022-10-18,34.97999954223633,35.36000061035156,34.279998779296875,34.880001068115234,31.70827293395996,81937900
2022-10-19,34.58000183105469,34.83000183105469,33.77000045776367,33.91999816894531,30.8355655670166,43139900
2022-10-20,33.97999954223633,34.630001068115234,33.59000015258789,33.70000076293945,30.635576248168945,39549100
2022-10-21,33.560001373291016,35.040000915527344,33.560001373291016,34.95000076293945,31.771907806396484,54870300
2022-10-24,35.11000061035156,35.2599983215332,34.709999084472656,35.06999969482422,31.88100242614746,33765600
2022-10-25,34.7400016784668,35.58000183105469,34.529998779296875,35.38999938964844,32.171897888183594,37132300
2022-10-26,35.41999816894531,36.09000015258789,35.349998474121094,35.70000076293945,32.45370864868164,41104600
2022-10-27,36.150001525878906,36.369998931884766,35.77000045776367,35.869998931884766,32.608245849609375,35261900
2022-10-28,36.040000915527344,36.29999923706055,35.63999938964844,36.18000030517578,32.89006042480469,31659100
2022-10-31,36.0,36.33000183105469,35.810001373291016,36.040000915527344,32.762794494628906,32565500
2022-11-01,36.439998626708984,36.7599983215332,36.11000061035156,36.20000076293945,32.90824508666992,29913200
2022-11-02,36.06999969482422,37.279998779296875,35.95000076293945,36.09000015258789,32.8082389831543,57380600
2022-11-03,35.70000076293945,36.13999938964844,35.40999984741211,35.88999938964844,32.626426696777344,30046500
2022-11-04,36.5,37.0,36.220001220703125,36.790000915527344,33.4445915222168,39369400
2022-11-07,37.0099983215332,37.34000015258789,36.72999954223633,37.0099983215332,33.64458084106445,37533700
2022-11-08,37.09000015258789,37.41999816894531,36.75,37.11000061035156,33.735496520996094,32664300
2022-11-09,36.880001068115234,36.959999084472656,36.38999938964844,36.52000045776367,33.19913864135742,30164400
2022-11-10,37.29999923706055,38.220001220703125,37.13999938964844,38.130001068115234,34.662742614746094,45702800
2022-11-11,38.189998626708984,38.599998474121094,37.970001220703125,38.40999984741211,34.91728210449219,35688700
2022-11-14,38.09000015258789,38.2599983215332,37.75,37.7599983215332,34.32638931274414,35541400
2022-11-15,38.189998626708984,38.29999923706055,37.29999923706055,37.70000076293945,34.271846771240234,46082800
2022-11-16,37.61000061035156,37.7400016784668,37.20000076293945,37.36000061035156,33.9627571105957,23813000
2022-11-17,36.880001068115234,37.20000076293945,36.560001373291016,37.16999816894531,33.790035247802734,23689700
2022-11-18,37.790000915527344,37.849998474121094,36.91999816894531,37.189998626708984,33.80821990966797,32041800
2022-11-21,37.09000015258789,37.52000045776367,37.060001373291016,37.310001373291016,33.91730880737305,27935700
2022-11-22,37.59000015258789,37.79999923706055,37.43000030517578,37.4900016784668,34.0809440612793,23499300
2022-11-23,37.4900016784668,37.65999984741211,37.369998931884766,37.61000061035156,34.190032958984375,18934700
2022-11-25,37.720001220703125,37.869998931884766,37.560001373291016,37.70000076293945,34.271846771240234,16118500
2022-11-28,37.400001525878906,37.65999984741211,36.83000183105469,36.86000061035156,33.50823211669922,35428300
2022-11-29,36.97999954223633,37.150001525878906,36.720001220703125,37.0,33.635494232177734,27048800
2022-11-30,36.900001525878906,37.849998474121094,36.20000076293945,37.849998474121094,34.408203125,51747900
2022-12-01,37.5,37.689998626708984,36.400001525878906,36.54999923706055,33.42066955566406,46213200
2022-12-02,36.060001373291016,36.290000915527344,35.810001373291016,36.08000183105469,32.99091339111328,42295300
2022-12-05,35.810001373291016,35.88999938964844,34.13999938964844,34.470001220703125,31.518754959106445,71386600
2022-12-06,34.56999969482422,34.68000030517578,32.40999984741211,33.0,30.174612045288086,84085700
2022-12-07,32.59000015258789,32.91999816894531,32.349998474121094,32.7400016784668,29.93687629699707,49234100
2022-12-08,32.970001220703125,32.9900016784668,32.18000030517578,32.439998626708984,29.662559509277344,45491100
2022-12-09,32.11000061035156,32.599998474121094,32.08000183105469,32.380001068115234,29.607698440551758,36985500
2022-12-12,32.310001373291016,32.779998779296875,32.060001373291016,32.72999954223633,29.9277286529541,41060500
2022-12-13,33.54999923706055,33.66999816894531,32.56999969482422,32.75,29.946016311645508,54804800
2022-12-14,32.79999923706055,33.0,32.15999984741211,32.279998779296875,29.516258239746094,48819500
2022-12-15,31.75,31.989999771118164,31.489999771118164,31.770000457763672,29.049924850463867,49027600
2022-12-16,31.6200008392334,31.93000030517578,31.350000381469727,31.700000762939453,28.985919952392578,61795200
2022-12-19,31.760000228881836,32.22999954223633,31.729999542236328,32.060001373291016,29.315093994140625,38374100
2022-12-20,32.400001525878906,32.58000183105469,32.13999938964844,32.189998626708984,29.433963775634766,35561100
2022-12-21,32.52000045776367,32.869998931884766,32.40999984741211,32.68000030517578,29.88201141357422,32544000
2022-12-22,32.52000045776367,32.58000183105469,31.8700008392334,32.38999938964844,29.616838455200195,30234400
2022-12-23,32.400001525878906,32.58000183105469,32.189998626708984,32.470001220703125,29.689990997314453,21378600
2022-12-27,32.5,32.66999816894531,32.279998779296875,32.529998779296875,29.74485206604004,22776100
2022-12-28,32.56999969482422,32.970001220703125,32.529998779296875,32.77000045776367,29.96430778503418,30541000
2022-12-29,32.88999938964844,33.15999984741211,32.75,33.13999938964844,30.302629470825195,22252900
2022-12-30,33.099998474121094,33.29999923706055,32.86000061035156,33.119998931884766,30.284337997436523,28198900
2023-01-03,33.22999954223633,34.09000015258789,33.209999084472656,33.5099983215332,30.640945434570312,35221500
2023-01-04,33.900001525878906,34.81999969482422,33.83000183105469,34.13999938964844,31.217010498046875,41998500
2023-01-05,33.91999816894531,34.13999938964844,33.58000183105469,34.06999969482422,31.15300178527832,34177000
2023-01-06,34.09000015258789,34.58000183105469,33.540000915527344,34.40999984741211,31.463891983032227,34068700
2023-01-09,34.75,34.7599983215332,33.709999084472656,33.88999938964844,30.988412857055664,43818800
2023-01-10,33.7400016784668,34.27000045776367,33.63999938964844,34.119998931884766,31.19871711730957,35096000
2023-01-11,34.119998931884766,34.439998626708984,34.0,34.380001068115234,31.436458587646484,36783700
2023-01-12,34.599998474121094,34.869998931884766,34.36000061035156,34.470001220703125,31.518754959106445,44230400
2023-01-13,34.20000076293945,35.38999938964844,33.09000015258789,35.22999954223633,32.21369171142578,89667800
2023-01-17,34.689998626708984,34.83000183105469,34.150001525878906,34.52000045776367,31.564477920532227,56458400
2023-01-18,34.33000183105469,34.34000015258789,33.5099983215332,33.720001220703125,30.832969665527344,54517800
2023-01-19,33.279998779296875,33.54999923706055,32.88999938964844,33.22999954223633,30.384918212890625,42707100
2023-01-20,33.29999923706055,33.88999938964844,33.09000015258789,33.849998474121094,30.951833724975586,45004400
2023-01-23,33.810001373291016,34.5099983215332,33.75,34.31999969482422,31.3815975189209,33683300
2023-01-24,34.220001220703125,34.790000915527344,33.95000076293945,34.56999969482422,31.610191345214844,26716700
2023-01-25,34.29999923706055,34.959999084472656,34.25,34.869998931884766,31.884511947631836,28859700
2023-01-26,35.04999923706055,35.349998474121094,34.790000915527344,35.34000015258789,32.31427001953125,30035500
2023-01-27,35.439998626708984,35.779998779296875,35.27000045776367,35.45000076293945,32.414859771728516,29964900
2023-01-30,35.209999084472656,35.560001373291016,35.18000030517578,35.29999923706055,32.27769088745117,27353500
2023-01-31,35.16999816894531,35.47999954223633,35.0,35.47999954223633,32.442283630371094,38917400
2023-02-01,35.20000076293945,36.2599983215332,35.11000061035156,35.91999816894531,32.84461212158203,44438700
2023-02-02,36.099998474121094,36.380001068115234,35.439998626708984,36.130001068115234,33.03662109375,33729100
2023-02-03,36.02000045776367,36.7599983215332,35.900001525878906,36.43000030517578,33.310943603515625,37411700
2023-02-06,36.25,36.439998626708984,35.97999954223633,36.369998931884766,33.256080627441406,29463200
2023-02-07,36.16999816894531,37.0,36.130001068115234,36.77000045776367,33.62183380126953,44100200
2023-02-08,36.40999984741211,36.84000015258789,36.34000015258789,36.5,33.37495040893555,28032800
2023-02-09,36.27000045776367,36.349998474121094,35.560001373291016,35.720001220703125,32.6617317199707,35257100
2023-02-10,35.54999923706055,35.59000015258789,35.029998779296875,35.58000183105469,32.53371810913086,32898900
2023-02-13,35.47999954223633,35.779998779296875,35.38999938964844,35.650001525878906,32.59773254394531,29163900
2023-02-14,35.630001068115234,35.9900016784668,35.459999084472656,35.619998931884766,32.57029342651367,33625200
2023-02-15,35.31999969482422,35.61000061035156,35.15999984741211,35.560001373291016,32.51543426513672,23500100
2023-02-16,35.41999816894531,35.65999984741211,35.220001220703125,35.279998779296875,32.25940704345703,22681100
2023-02-17,35.08000183105469,35.38999938964844,34.7400016784668,35.349998474121094,32.32341003417969,28562700
2023-02-21,34.90999984741211,35.04999923706055,34.27000045776367,34.52000045776367,31.564477920532227,37068900
2023-02-22,34.36000061035156,34.54999923706055,34.06999969482422,34.290000915527344,31.354164123535156,38550400
2023-02-23,34.400001525878906,34.599998474121094,33.86000061035156,34.2599983215332,31.326736450195312,28488000
2023-02-24,33.86000061035156,34.290000915527344,33.84000015258789,34.209999084472656,31.28101348876953,27046600
2023-02-27,34.45000076293945,34.689998626708984,34.16999816894531,34.209999084472656,31.28101348876953,30137500
2023-02-28,34.349998474121094,34.4900016784668,34.18000030517578,34.29999923706055,31.36330795288086,32620600
2023-03-01,34.150001525878906,34.4900016784668,33.97999954223633,34.13999938964844,31.217010498046875,29281600
2023-03-02,33.65999984741211,33.70000076293945,33.0,33.4900016784668,30.82127571105957,44607200
2023-03-03,33.650001525878906,34.290000915527344,33.650001525878906,34.15999984741211,31.437885284423828,39109100
2023-03-06,34.2400016784668,34.560001373291016,33.9900016784668,34.09000015258789,31.37346839904785,36646700
2023-03-07,33.849998474121094,33.900001525878906,32.79999923706055,33.0,30.370319366455078,52855300
2023-03-08,32.65999984741211,32.970001220703125,32.439998626708984,32.560001373291016,29.965383529663086,40045600
2023-03-09,32.279998779296875,32.38999938964844,30.309999465942383,30.540000915527344,28.106353759765625,112457900
2023-03-10,30.31999969482422,31.040000915527344,28.920000076293945,30.270000457763672,27.857868194580078,165330900
2023-03-13,28.920000076293945,29.719999313354492,27.8700008392334,28.510000228881836,26.238115310668945,218403300
2023-03-14,29.989999771118164,30.09000015258789,28.469999313354492,28.760000228881836,26.468196868896484,154255800
2023-03-15,27.8799991607666,28.559999465942383,27.68000030517578,28.489999771118164,26.219711303710938,131104400
2023-03-16,28.3799991607666,29.469999313354492,28.110000610351562,28.969999313354492,26.66145896911621,108348800
2023-03-17,28.65999984741211,28.65999984741211,27.6200008392334,27.81999969482422,25.60310173034668,130665500
2023-03-20,28.239999771118164,28.43000030517578,27.649999618530273,27.75,25.538677215576172,81441200
2023-03-21,28.6299991607666,28.979999542236328,28.510000228881836,28.59000015258789,26.31174087524414,84854800
2023-03-22,28.709999084472656,28.739999771118164,27.639999389648438,27.639999389648438,25.43744468688965,76925900
2023-03-23,28.0,28.09000015258789,26.790000915527344,26.969999313354492,24.82083511352539,105335900
2023-03-24,26.600000381469727,27.290000915527344,26.31999969482422,27.139999389648438,24.97728729248047,96872700
2023-03-27,27.93000030517578,28.649999618530273,27.90999984741211,28.489999771118164,26.219711303710938,102469800
2023-03-28,28.3799991607666,28.649999618530273,27.979999542236328,28.1200008392334,25.87919807434082,63416500
2023-03-29,28.489999771118164,28.770000457763672,28.239999771118164,28.670000076293945,26.385366439819336,62666400
2023-03-30,28.920000076293945,29.059999465942383,28.110000610351562,28.299999237060547,26.044851303100586,67427100
2023-03-31,28.6200008392334,28.68000030517578,28.260000228881836,28.600000381469727,26.320945739746094,56482100
2023-04-03,28.639999389648438,28.979999542236328,28.329999923706055,28.59000015258789,26.31174087524414,51996800
2023-04-04,28.549999237060547,28.649999618530273,27.65999984741211,27.979999542236328,25.75035285949707,56233300
2023-04-05,27.65999984741211,27.90999984741211,27.459999084472656,27.639999389648438,25.43744468688965,47799400
2023-04-06,27.719999313354492,28.010000228881836,27.6200008392334,27.84000015258789,25.62150764465332,41216600
2023-04-10,27.670000076293945,28.100000381469727,27.649999618530273,27.940000534057617,25.71354103088379,40572700
2023-04-11,28.020000457763672,28.75,27.959999084472656,28.709999084472656,26.422176361083984,58761200
2023-04-12,28.68000030517578,29.010000228881836,28.3700008392334,28.479999542236328,26.210506439208984,44313300
2023-04-13,28.559999465942383,28.639999389648438,28.239999771118164,28.559999465942383,26.284130096435547,52261400
2023-04-14,29.299999237060547,29.8700008392334,29.25,29.520000457763672,27.167633056640625,81110800
2023-04-17,29.770000457763672,30.40999984741211,29.399999618530273,30.3700008392334,27.949899673461914,83704400
2023-04-18,30.799999237060547,30.93000030517578,29.799999237060547,30.559999465942383,28.124757766723633,114498800
2023-04-19,30.1299991607666,30.200000762939453,29.790000915527344,30.059999465942383,27.664602279663086,65594200
2023-04-20,29.84000015258789,30.229999542236328,29.770000457763672,29.899999618530273,27.517353057861328,43193800
2023-04-21,29.75,29.979999542236328,29.40999984741211,29.8700008392334,27.489744186401367,44759000
2023-04-24,29.790000915527344,29.899999618530273,29.59000015258789,29.760000228881836,27.388507843017578,28020300
2023-04-25,29.450000762939453,29.530000686645508,28.81999969482422,28.84000015258789,26.541820526123047,49718800
2023-04-26,28.760000228881836,28.940000534057617,28.299999237060547,28.440000534057617,26.17369842529297,45848400
2023-04-27,28.520000457763672,29.079999923706055,28.520000457763672,28.889999389648438,26.587833404541016,33060100
2023-04-28,28.530000686645508,29.43000030517578,28.510000228881836,29.280000686645508,26.946758270263672,45592500
2023-05-01,29.5,29.540000915527344,29.0,29.040000915527344,26.725887298583984,34076800
2023-05-02,28.850000381469727,28.860000610351562,27.709999084472656,28.15999984741211,25.916006088256836,70797700
2023-05-03,28.15999984741211,28.5,27.809999465942383,27.860000610351562,25.63991355895996,51139500
2023-05-04,27.579999923706055,27.809999465942383,26.829999923706055,26.989999771118164,24.83924102783203,82173800
2023-05-05,27.6200008392334,27.889999389648438,27.469999313354492,27.709999084472656,25.501869201660156,50087100
2023-05-08,28.079999923706055,28.149999618530273,27.65999984741211,27.690000534057617,25.483461380004883,34245500
2023-05-09,27.420000076293945,27.829999923706055,27.239999771118164,27.65999984741211,25.45585060119629,32188800
2023-05-10,27.959999084472656,28.0,27.020000457763672,27.31999969482422,25.142946243286133,44446400
2023-05-11,27.010000228881836,27.489999771118164,26.8799991607666,27.389999389648438,25.207365036010742,34897300
2023-05-12,27.520000457763672,27.549999237060547,26.8799991607666,27.09000015258789,24.931276321411133,38142000
2023-05-15,27.100000381469727,27.81999969482422,27.030000686645508,27.649999618530273,25.446645736694336,38722800
2023-05-16,27.780000686645508,27.899999618530273,27.329999923706055,27.360000610351562,25.17975616455078,33347500
2023-05-17,27.739999771118164,28.670000076293945,27.729999542236328,28.56999969482422,26.293338775634766,61750400
2023-05-18,28.440000534057617,28.5,28.0,28.469999313354492,26.201305389404297,51146100
2023-05-19,28.459999084472656,28.670000076293945,28.030000686645508,28.110000610351562,25.869991302490234,50062500
2023-05-22,28.299999237060547,28.450000762939453,28.010000228881836,28.34000015258789,26.081661224365234,36473700
2023-05-23,28.31999969482422,29.079999923706055,28.299999237060547,28.579999923706055,26.302539825439453,51400400
2023-05-24,28.329999923706055,28.510000228881836,28.0,28.100000381469727,25.86078643798828,50606900
2023-05-25,27.989999771118164,28.239999771118164,27.8799991607666,28.170000076293945,25.925212860107422,40517800
2023-05-26,28.200000762939453,28.399999618530273,27.790000915527344,28.309999465942383,26.05405616760254,57879100
2023-05-30,28.31999969482422,28.489999771118164,27.950000762939453,28.260000228881836,26.008037567138672,41819600
2023-05-31,28.100000381469727,28.15999984741211,27.479999542236328,27.790000915527344,25.57549285888672,61905200
2023-06-01,27.760000228881836,27.979999542236328,27.34000015258789,27.780000686645508,25.770296096801758,57426100
2023-06-02,28.15999984741211,28.950000762939453,28.1200008392334,28.709999084472656,26.633020401000977,66578100
2023-06-05,28.81999969482422,28.81999969482422,28.299999237060547,28.540000915527344,26.47532081604004,34757800
2023-06-06,28.459999084472656,29.43000030517578,28.450000762939453,29.229999542236328,27.115402221679688,46297900
2023-06-07,29.299999237060547,29.649999618530273,29.010000228881836,29.479999542236328,27.347314834594727,44502600
2023-06-08,29.280000686645508,29.3799991607666,28.989999771118164,29.229999542236328,27.115402221679688,41483100
2023-06-09,29.200000762939453,29.399999618530273,29.079999923706055,29.270000457763672,27.152507781982422,32692000
2023-06-12,29.299999237060547,29.559999465942383,28.90999984741211,29.1299991607666,27.02263641357422,41011300
2023-06-13,29.1299991607666,29.799999237060547,29.030000686645508,29.399999618530273,27.273101806640625,42718800
2023-06-14,29.56999969482422,29.729999542236328,28.989999771118164,29.1200008392334,27.013357162475586,38322800
2023-06-15,28.899999618530273,29.469999313354492,28.690000534057617,29.3700008392334,27.245271682739258,42044900
2023-06-16,29.530000686645508,29.68000030517578,29.15999984741211,29.190000534057617,27.07829475402832,53050200
2023-06-20,29.010000228881836,29.040000915527344,28.579999923706055,28.8700008392334,26.781442642211914,39040900
2023-06-21,28.780000686645508,29.0,28.540000915527344,28.56999969482422,26.503149032592773,39553400
2023-06-22,28.5,28.530000686645508,27.899999618530273,27.959999084472656,25.93727684020996,50742900
2023-06-23,27.739999771118164,27.889999389648438,27.59000015258789,27.75,25.742469787597656,55181100
2023-06-26,27.799999237060547,28.280000686645508,27.790000915527344,28.09000015258789,26.05787467956543,47519300
2023-06-27,28.100000381469727,28.399999618530273,27.950000762939453,28.239999771118164,26.197023391723633,39081800
2023-06-28,28.25,28.270000457763672,27.899999618530273,28.06999969482422,26.039321899414062,37803800
2023-06-29,28.5,29.0,28.399999618530273,28.65999984741211,26.586633682250977,68376400
2023-06-30,28.940000534057617,29.110000610351562,28.670000076293945,28.690000534057617,26.614465713500977,50479000
2023-07-03,28.700000762939453,29.350000381469727,28.649999618530273,29.200000762939453,27.08757209777832,30995800
2023-07-05,29.139999389648438,29.420000076293945,28.950000762939453,29.079999923706055,26.97625160217285,37492000
2023-07-06,28.799999237060547,28.81999969482422,28.100000381469727,28.280000686645508,26.234130859375,52098000
2023-07-07,28.299999237060547,28.81999969482422,28.290000915527344,28.530000686645508,26.46604347229004,34288000
2023-07-10,28.59000015258789,28.850000381469727,28.469999313354492,28.65999984741211,26.586633682250977,36086000
2023-07-11,28.65999984741211,29.079999923706055,28.420000076293945,29.020000457763672,26.92059326171875,40978700
2023-07-12,29.510000228881836,29.889999389648438,29.270000457763672,29.360000610351562,27.236000061035156,41855500
2023-07-13,29.520000457763672,29.8700008392334,29.40999984741211,29.670000076293945,27.523571014404297,39589000
2023-07-14,30.0,30.100000381469727,29.049999237060547,29.110000610351562,27.004079818725586,58720300
2023-07-17,29.149999618530273,29.559999465942383,29.1200008392334,29.399999618530273,27.273101806640625,49477200
2023-07-18,30.0,30.860000610351562,29.920000076293945,30.700000762939453,28.47905731201172,98253800
2023-07-19,30.889999389648438,31.700000762939453,30.690000534057617,31.530000686645508,29.249013900756836,70619800
2023-07-20,31.329999923706055,31.799999237060547,31.260000228881836,31.690000534057617,29.39743995666504,42128800
2023-07-21,31.8700008392334,32.11000061035156,31.420000076293945,31.979999542236328,29.666454315185547,70872400
2023-07-24,32.0,32.849998474121094,31.979999542236328,32.650001525878906,30.28799057006836,64548600
2023-07-25,32.7599983215332,32.790000915527344,32.06999969482422,32.150001525878906,29.824159622192383,51208800
2023-07-26,32.2400016784668,32.540000915527344,32.150001525878906,32.40999984741211,30.065345764160156,41814600
2023-07-27,32.43000030517578,32.7400016784668,31.81999969482422,31.950000762939453,29.638628005981445,45529500
2023-07-28,32.150001525878906,32.15999984741211,31.709999084472656,31.899999618530273,29.59224510192871,33296500
2023-07-31,31.899999618530273,32.25,31.780000686645508,32.0,29.68501091003418,29093400
2023-08-01,31.84000015258789,31.940000534057617,31.420000076293945,31.6200008392334,29.332500457763672,32712000
2023-08-02,31.15999984741211,31.280000686645508,30.780000686645508,31.190000534057617,28.933610916137695,38855100
2023-08-03,30.940000534057617,31.549999237060547,30.8799991607666,31.40999984741211,29.1376895904541,27933400
2023-08-04,31.360000610351562,31.670000076293945,31.170000076293945,31.299999237060547,29.03565216064453,30768100
2023-08-07,31.40999984741211,31.899999618530273,31.40999984741211,31.8799991607666,29.57369041442871,31745200
2023-08-08,31.299999237060547,31.309999465942383,30.479999542236328,31.270000457763672,29.00782012939453,45951800
2023-08-09,31.219999313354492,31.280000686645508,30.829999923706055,30.860000610351562,28.627485275268555,30732100
2023-08-10,31.010000228881836,31.31999969482422,30.799999237060547,30.940000534057617,28.701696395874023,26062600
2023-08-11,30.799999237060547,31.399999618530273,30.75,31.290000915527344,29.026378631591797,35720700
2023-08-14,31.049999237060547,31.110000610351562,30.75,30.93000030517578,28.692420959472656,32563700
2023-08-15,30.5,30.549999237060547,29.84000015258789,29.940000534057617,27.774038314819336,43406100
2023-08-16,29.75,29.84000015258789,29.209999084472656,29.290000915527344,27.17106056213379,47220400
2023-08-17,29.440000534057617,29.540000915527344,29.110000610351562,29.280000686645508,27.161785125732422,37202200
2023-08-18,29.040000915527344,29.350000381469727,28.979999542236328,29.110000610351562,27.004079818725586,31430400
2023-08-21,29.219999313354492,29.299999237060547,28.799999237060547,29.149999618530273,27.04119300842285,34959000
2023-08-22,29.1299991607666,29.239999771118164,28.420000076293945,28.440000534057617,26.382553100585938,37564200
2023-08-23,28.450000762939453,28.510000228881836,28.18000030517578,28.450000762939453,26.39183235168457,44686600
2023-08-24,28.399999618530273,28.790000915527344,28.3700008392334,28.6200008392334,26.549531936645508,31934800
2023-08-25,28.639999389648438,28.790000915527344,28.299999237060547,28.5,26.43821144104004,34253200
2023-08-28,28.690000534057617,29.0,28.56999969482422,28.760000228881836,26.67940330505371,33075200
2023-08-29,28.889999389648438,29.260000228881836,28.719999313354492,29.170000076293945,27.059743881225586,30428200
2023-08-30,29.219999313354492,29.270000457763672,28.93000030517578,29.040000915527344,26.93914794921875,33366400
2023-08-31,28.93000030517578,28.969999313354492,28.530000686645508,28.670000076293945,26.817546844482422,37243000
2023-09-01,28.760000228881836,29.1299991607666,28.760000228881836,28.979999542236328,27.10751724243164,35228600
2023-09-05,28.940000534057617,29.1200008392334,28.5,28.649999618530273,26.798837661743164,46543600
2023-09-06,28.399999618530273,28.559999465942383,28.1200008392334,28.389999389648438,26.555639266967773,45022600
2023-09-07,28.40999984741211,28.549999237060547,28.059999465942383,28.1299991607666,26.312437057495117,35023600
2023-09-08,28.1200008392334,28.3799991607666,27.959999084472656,28.360000610351562,26.52758026123047,36513900
2023-09-11,28.510000228881836,28.760000228881836,28.399999618530273,28.479999542236328,26.639822006225586,34168300
2023-09-12,28.459999084472656,29.139999389648438,28.399999618530273,28.969999313354492,27.09816551208496,42284000
2023-09-13,29.1200008392334,29.190000534057617,28.700000762939453,28.8799991607666,27.013973236083984,37215700
2023-09-14,29.170000076293945,29.440000534057617,29.100000381469727,29.200000762939453,27.313302993774414,44634800
2023-09-15,28.950000762939453,29.09000015258789,28.75,28.84000015258789,26.9765625,61661100
2023-09-18,28.799999237060547,28.799999237060547,28.489999771118164,28.760000228881836,26.9017333984375,25752300
2023-09-19,28.760000228881836,28.940000534057617,28.510000228881836,28.649999618530273,26.798837661743164,34888100
2023-09-20,28.809999465942383,28.969999313354492,28.530000686645508,28.549999237060547,26.70529556274414,26641100
2023-09-21,28.360000610351562,28.59000015258789,28.020000457763672,28.049999237060547,26.23760414123535,39906000
2023-09-22,28.06999969482422,28.190000534057617,27.600000381469727,27.639999389648438,25.854097366333008,41284400
2023-09-25,27.5,27.6200008392334,27.350000381469727,27.600000381469727,25.816680908203125,32749200
2023-09-26,27.34000015258789,27.5,27.010000228881836,27.170000076293945,25.41446876525879,42237400
2023-09-27,27.229999542236328,27.610000610351562,27.06999969482422,27.270000457763672,25.508005142211914,38296300
2023-09-28,27.170000076293945,27.639999389648438,27.170000076293945,27.559999465942383,25.779264450073242,36734300
2023-09-29,27.889999389648438,27.989999771118164,27.270000457763672,27.3799991607666,25.610897064208984,40645900
2023-10-02,27.270000457763672,27.360000610351562,26.579999923706055,26.700000762939453,24.974834442138672,50388600
2023-10-03,26.489999771118164,26.520000457763672,25.81999969482422,25.90999984741211,24.23587989807129,62144500
2023-10-04,25.8799991607666,26.010000228881836,25.579999923706055,25.940000534057617,24.263940811157227,55696400
2023-10-05,25.780000686645508,26.09000015258789,25.559999465942383,26.059999465942383,24.37618637084961,49044100
2023-10-06,25.770000457763672,26.229999542236328,25.469999313354492,26.06999969482422,24.385540008544922,58177300
2023-10-09,25.760000228881836,26.360000610351562,25.719999313354492,26.309999465942383,24.610034942626953,39953700
2023-10-10,26.610000610351562,27.299999237060547,26.56999969482422,27.010000228881836,25.264802932739258,51960100
2023-10-11,27.170000076293945,27.440000534057617,26.899999618530273,27.020000457763672,25.27415657043457,38508200
2023-10-12,26.969999313354492,27.079999923706055,26.610000610351562,26.899999618530273,25.161911010742188,44249800
2023-10-13,27.43000030517578,27.719999313354492,26.520000457763672,26.760000228881836,25.03095817565918,55089700
2023-10-16,27.15999984741211,27.18000030517578,26.770000457763672,26.989999771118164,25.2460994720459,56817500
2023-10-17,27.049999237060547,27.8700008392334,26.719999313354492,27.6200008392334,25.83539390563965,95344200
2023-10-18,27.540000915527344,28.040000915527344,27.209999084472656,27.309999465942383,25.54541778564453,68371100
2023-10-19,27.25,27.780000686645508,26.8799991607666,26.959999084472656,25.218032836914062,58611000
2023-10-20,26.799999237060547,26.940000534057617,26.239999771118164,26.309999465942383,24.610034942626953,62058400
2023-10-23,26.1299991607666,26.209999084472656,25.520000457763672,25.56999969482422,23.9178466796875,59857200
2023-10-24,25.739999771118164,25.8700008392334,25.399999618530273,25.469999313354492,23.824308395385742,55975700
2023-10-25,25.3799991607666,25.649999618530273,25.18000030517578,25.549999237060547,23.899141311645508,45522400
2023-10-26,25.489999771118164,26.360000610351562,25.440000534057617,26.1200008392334,24.432308197021484,60921000
2023-10-27,26.06999969482422,26.06999969482422,24.959999084472656,25.170000076293945,23.5436954498291,64709300
2023-10-30,25.31999969482422,25.780000686645508,25.280000686645508,25.690000534057617,24.030094146728516,41891900
2023-10-31,25.739999771118164,26.3799991607666,25.719999313354492,26.34000015258789,24.638092041015625,50106700
2023-11-01,26.440000534057617,26.6200008392334,26.149999618530273,26.399999618530273,24.694217681884766,44046300
2023-11-02,26.709999084472656,27.65999984741211,26.59000015258789,27.6200008392334,25.83539390563965,63278300
2023-11-03,28.15999984741211,28.93000030517578,28.1299991607666,28.420000076293945,26.583698272705078,62613600
2023-11-06,28.559999465942383,28.770000457763672,28.020000457763672,28.329999923706055,26.49951171875,45548000
2023-11-07,28.049999237060547,28.260000228881836,27.950000762939453,28.15999984741211,26.340499877929688,33081900
2023-11-08,28.15999984741211,28.200000762939453,27.670000076293945,27.889999389648438,26.08794403076172,31896000
2023-11-09,28.06999969482422,28.079999923706055,27.399999618530273,27.530000686645508,25.751205444335938,32267900
2023-11-10,27.760000228881836,27.770000457763672,27.34000015258789,27.68000030517578,25.891515731811523,32858500
2023-11-13,27.540000915527344,27.850000381469727,27.420000076293945,27.700000762939453,25.91022300720215,28521800
2023-11-14,28.5,29.40999984741211,28.469999313354492,29.219999313354492,27.33201026916504,66676300
2023-11-15,29.200000762939453,29.729999542236328,29.200000762939453,29.6200008392334,27.706161499023438,46968900
2023-11-16,29.43000030517578,29.700000762939453,29.219999313354492,29.540000915527344,27.631336212158203,36952800
2023-11-17,29.709999084472656,30.0,29.549999237060547,29.979999542236328,28.04290199279785,38493300
2023-11-20,29.979999542236328,30.25,29.75,30.010000228881836,28.070966720581055,46783400
2023-11-21,29.989999771118164,29.989999771118164,29.549999237060547,29.65999984741211,27.74357795715332,41611900
2023-11-22,29.739999771118164,29.790000915527344,29.520000457763672,29.6299991607666,27.71551513671875,41422700
2023-11-24,29.479999542236328,29.889999389648438,29.479999542236328,29.729999542236328,27.80905532836914,15815600
2023-11-27,29.600000381469727,29.690000534057617,29.510000228881836,29.559999465942383,27.650041580200195,42039500
2023-11-28,29.530000686645508,29.649999618530273,29.31999969482422,29.530000686645508,27.62198257446289,29705800
2023-11-29,29.8799991607666,30.610000610351562,29.809999465942383,30.309999465942383,28.351579666137695,57954900
2023-11-30,30.209999084472656,30.549999237060547,30.040000915527344,30.489999771118164,28.747583389282227,52547700
2023-12-01,30.399999618530273,31.049999237060547,30.350000381469727,30.959999084472656,29.190719604492188,46133300
2023-12-04,30.530000686645508,31.0,30.520000457763672,30.81999969482422,29.058719635009766,37811300
2023-12-05,30.68000030517578,30.790000915527344,30.329999923706055,30.579999923706055,28.832435607910156,45723100
2023-12-06,30.780000686645508,31.520000457763672,30.440000534057617,30.530000686645508,28.785293579101562,49803100
2023-12-07,30.59000015258789,30.93000030517578,30.540000915527344,30.65999984741211,28.907861709594727,32699600
2023-12-08,30.670000076293945,31.139999389648438,30.610000610351562,30.959999084472656,29.190719604492188,34794300
2023-12-11,30.920000076293945,31.079999923706055,30.709999084472656,30.850000381469727,29.087007522583008,32254000
2023-12-12,30.770000457763672,30.860000610351562,30.450000762939453,30.739999771118164,28.983291625976562,34566700
2023-12-13,30.75,32.130001068115234,30.6299991607666,32.040000915527344,30.209001541137695,60311100
2023-12-14,32.619998931884766,34.06999969482422,32.56999969482422,33.939998626708984,32.000423431396484,107190000
2023-12-15,33.81999969482422,34.02000045776367,33.290000915527344,33.599998474121094,31.679853439331055,83771800
2023-12-18,33.709999084472656,33.790000915527344,33.40999984741211,33.43000030517578,31.519569396972656,40694700
2023-12-19,33.029998779296875,33.66999816894531,32.79999923706055,33.5099983215332,31.594989776611328,44534800
2023-12-20,33.380001068115234,33.709999084472656,32.95000076293945,32.97999954223633,31.095277786254883,44711400
2023-12-21,33.2400016784668,33.45000076293945,32.88999938964844,33.20000076293945,31.302711486816406,32325700
2023-12-22,33.209999084472656,33.66999816894531,33.20000076293945,33.43000030517578,31.519569396972656,37265900
2023-12-26,33.45000076293945,33.959999084472656,33.369998931884766,33.86000061035156,31.92499542236328,24845400
2023-12-27,33.79999923706055,33.95000076293945,33.65999984741211,33.84000015258789,31.906131744384766,24498600
2023-12-28,33.81999969482422,33.970001220703125,33.77000045776367,33.880001068115234,31.9438533782959,21799600
2023-12-29,33.939998626708984,33.9900016784668,33.54999923706055,33.66999816894531,31.745851516723633,28060700
2024-01-02,33.38999938964844,34.06999969482422,33.27000045776367,33.900001525878906,31.962709426879883,36668600
2024-01-03,33.650001525878906,33.77000045776367,33.2400016784668,33.529998779296875,31.613849639892578,45988700
2024-01-04,33.56999969482422,34.310001373291016,33.540000915527344,33.79999923706055,31.868419647216797,39834600
2024-01-05,33.79999923706055,34.689998626708984,33.709999084472656,34.43000030517578,32.462425231933594,49242400
2024-01-08,34.29999923706055,34.29999923706055,33.63999938964844,34.15999984741211,32.207847595214844,40253900
2024-01-09,33.81999969482422,33.84000015258789,33.5099983215332,33.630001068115234,31.708139419555664,39268800
2024-01-10,33.5,33.630001068115234,33.2400016784668,33.599998474121094,31.679853439331055,34904000
2024-01-11,33.36000061035156,33.5,32.779998779296875,33.150001525878906,31.255569458007812,48790600
2024-01-12,32.25,33.189998626708984,31.959999084472656,32.79999923706055,30.925569534301758,74344300
2024-01-16,32.40999984741211,32.5099983215332,31.81999969482422,32.119998931884766,30.284427642822266,58420800
2024-01-17,31.719999313354492,31.989999771118164,31.270000457763672,31.799999237060547,29.982715606689453,48811300
2024-01-18,31.75,31.770000457763672,31.399999618530273,31.729999542236328,29.916717529296875,35484400
2024-01-19,31.799999237060547,32.22999954223633,31.56999969482422,32.220001220703125,30.37871551513672,49493600
2024-01-22,32.36000061035156,32.9900016784668,32.31999969482422,32.54999923706055,30.689857482910156,43903400
2024-01-23,32.540000915527344,32.81999969482422,32.38999938964844,32.77000045776367,30.89728546142578,30003400
2024-01-24,33.029998779296875,33.34000015258789,32.90999984741211,32.97999954223633,31.095277786254883,36403900
2024-01-25,33.209999084472656,33.45000076293945,32.83000183105469,33.38999938964844,31.481855392456055,46204000
2024-01-26,33.400001525878906,33.66999816894531,33.31999969482422,33.43000030517578,31.519569396972656,30839800
2024-01-29,33.400001525878906,33.650001525878906,33.2400016784668,33.61000061035156,31.689273834228516,30269300
2024-01-30,33.900001525878906,34.88999938964844,33.84000015258789,34.790000915527344,32.80184555053711,60315700
2024-01-31,34.56999969482422,35.099998474121094,34.0,34.0099983215332,32.06642532348633,54716000
2024-02-01,33.93000030517578,34.25,32.93000030517578,33.54999923706055,31.632705688476562,57084800
2024-02-02,33.369998931884766,33.709999084472656,33.16999816894531,33.470001220703125,31.557279586791992,40416000
2024-02-05,33.11000061035156,33.290000915527344,32.86000061035156,32.9900016784668,31.104713439941406,43573000
2024-02-06,32.91999816894531,33.36000061035156,32.880001068115234,33.040000915527344,31.151851654052734,27188000
2024-02-07,33.060001373291016,33.2599983215332,32.630001068115234,33.18000030517578,31.283857345581055,29660100
2024-02-08,33.04999923706055,33.279998779296875,32.79999923706055,33.119998931884766,31.22728157043457,36852200
2024-02-09,33.099998474121094,33.25,32.84000015258789,33.06999969482422,31.180139541625977,36176000
2024-02-12,33.0,33.970001220703125,32.97999954223633,33.619998931884766,31.698707580566406,34160400
2024-02-13,33.119998931884766,33.310001373291016,32.349998474121094,32.75,30.8784236907959,43801500
2024-02-14,32.97999954223633,33.18000030517578,32.869998931884766,33.130001068115234,31.236709594726562,27833900
2024-02-15,33.31999969482422,34.2400016784668,33.31999969482422,34.06999969482422,32.12299346923828,41683100
2024-02-16,33.91999816894531,34.150001525878906,32.4900016784668,34.09000015258789,32.14185333251953,33290700
2024-02-20,33.779998779296875,34.09000015258789,33.77000045776367,33.959999084472656,32.0192756652832,30372900
2024-02-21,33.36000061035156,33.7400016784668,33.16999816894531,33.70000076293945,31.774131774902344,37847100
2024-02-22,33.369998931884766,34.06999969482422,33.369998931884766,33.61000061035156,31.689273834228516,42756900
2024-02-23,33.72999954223633,34.04999923706055,33.4900016784668,33.91999816894531,31.981565475463867,30586000
2024-02-26,33.790000915527344,34.220001220703125,33.529998779296875,33.61000061035156,31.689273834228516,31129200
2024-02-27,33.72999954223633,34.43000030517578,33.709999084472656,34.279998779296875,32.320987701416016,40536300
2024-02-28,34.220001220703125,34.599998474121094,34.11000061035156,34.310001373291016,32.34927749633789,39548600
2024-02-29,34.33000183105469,34.650001525878906,34.150001525878906,34.52000045776367,32.776546478271484,43863400
2024-03-01,34.529998779296875,34.650001525878906,34.029998779296875,34.349998474121094,32.615135192871094,38432300
2024-03-04,34.290000915527344,35.41999816894531,34.25,35.150001525878906,33.374725341796875,49136400
2024-03-05,34.93000030517578,35.720001220703125,34.869998931884766,35.38999938964844,33.602603912353516,47591600
2024-03-06,35.650001525878906,35.790000915527344,35.06999969482422,35.41999816894531,33.63109588623047,49149700
2024-03-07,35.599998474121094,35.900001525878906,35.25,35.630001068115234,33.83048629760742,35900700
2024-03-08,35.869998931884766,36.130001068115234,35.5,35.599998474121094,33.801998138427734,42769900
2024-03-11,35.38999938964844,35.93000030517578,35.27000045776367,35.88999938964844,34.07735061645508,34131500
2024-03-12,35.900001525878906,36.150001525878906,35.779998779296875,35.959999084472656,34.143821716308594,29260400
2024-03-13,35.959999084472656,36.45000076293945,35.959999084472656,36.08000183105469,34.25776290893555,38289600
2024-03-14,35.91999816894531,36.220001220703125,35.47999954223633,35.689998626708984,33.887454986572266,40178100
2024-03-15,35.279998779296875,36.0099983215332,35.2400016784668,35.40999984741211,33.62159729003906,69646400
2024-03-18,35.65999984741211,36.09000015258789,35.38999938964844,36.0099983215332,34.1912956237793,50617900
2024-03-19,35.88999938964844,36.38999938964844,35.849998474121094,36.029998779296875,34.21028518676758,46113800
2024-03-20,35.84000015258789,36.880001068115234,35.72999954223633,36.75,34.893917083740234,40519000
2024-03-21,36.93000030517578,37.599998474121094,36.880001068115234,37.5099983215332,35.61553955078125,43219500
2024-03-22,37.40999984741211,37.61000061035156,37.0,37.04999923706055,35.178768157958984,29001100
2024-03-25,37.099998474121094,37.279998779296875,36.84000015258789,36.86000061035156,34.99836730957031,30480200
2024-03-26,37.0,37.2400016784668,36.79999923706055,37.09000015258789,35.21675109863281,33673400
2024-03-27,37.25,37.849998474121094,37.2400016784668,37.810001373291016,35.900386810302734,36350200
2024-03-28,37.720001220703125,38.0,37.41999816894531,37.91999816894531,36.00482940673828,42262500
2024-04-01,37.939998626708984,38.349998474121094,37.439998626708984,37.52000045776367,35.62503433227539,33908000
2024-04-02,37.189998626708984,37.58000183105469,37.15999984741211,37.29999923706055,35.41614532470703,34806800
2024-04-03,37.400001525878906,38.02000045776367,37.27000045776367,37.439998626708984,35.54906463623047,33338500
2024-04-04,37.70000076293945,37.959999084472656,36.869998931884766,36.91999816894531,35.055335998535156,42888200
2024-04-05,36.810001373291016,37.34000015258789,36.72999954223633,37.11000061035156,35.235740661621094,30823500
2024-04-08,37.20000076293945,37.58000183105469,37.130001068115234,37.5,35.60603713989258,29470300
2024-04-09,37.5099983215332,37.77000045776367,37.20000076293945,37.72999954223633,35.82442855834961,30967300
2024-04-10,37.18000030517578,37.22999954223633,36.54999923706055,36.650001525878906,34.79896926879883,37610700
2024-04-11,36.75,36.75,36.04999923706055,36.349998474121094,34.51411819458008,38604000
2024-04-12,35.810001373291016,36.09000015258789,35.529998779296875,35.790000915527344,33.98240661621094,47126100
2024-04-15,36.33000183105469,36.7599983215332,35.7599983215332,35.95000076293945,34.13432693481445,44392000
2024-04-16,36.099998474121094,36.16999816894531,34.150001525878906,34.68000030517578,32.928470611572266,95566100
2024-04-17,34.88999938964844,35.75,34.75,35.22999954223633,33.4506950378418,65951400
2024-04-18,35.540000915527344,35.9900016784668,35.18000030517578,35.77000045776367,33.96342086791992,44506200
2024-04-19,36.099998474121094,37.119998931884766,36.060001373291016,36.970001220703125,35.10280990600586,56273700
2024-04-22,37.0,37.90999984741211,36.869998931884766,37.72999954223633,35.82442855834961,43867100
2024-04-23,37.939998626708984,38.41999816894531,37.83000183105469,38.369998931884766,36.432098388671875,39180300
2024-04-24,38.02000045776367,38.4900016784668,38.0,38.31999969482422,36.38462829589844,28670600
2024-04-25,37.93000030517578,38.27000045776367,37.380001068115234,37.90999984741211,35.995338439941406,41116000
2024-04-26,37.93000030517578,38.310001373291016,37.779998779296875,37.83000183105469,35.91937255859375,28668700
2024-04-29,37.84000015258789,38.060001373291016,37.45000076293945,37.54999923706055,35.65351867675781,26438800
2024-04-30,37.349998474121094,37.66999816894531,36.97999954223633,37.0099983215332,35.14079284667969,30283800
2024-05-01,37.209999084472656,37.5099983215332,36.77000045776367,36.95000076293945,35.083824157714844,32272000
2024-05-02,37.369998931884766,37.4900016784668,36.650001525878906,36.880001068115234,35.017356872558594,34860300
2024-05-03,37.25,37.529998779296875,37.08000183105469,37.25,35.36866760253906,34082700
2024-05-06,37.65999984741211,37.790000915527344,37.36000061035156,37.689998626708984,35.78644943237305,28422300
2024-05-07,37.70000076293945,38.150001525878906,37.70000076293945,37.84000015258789,35.928871154785156,29119500
2024-05-08,37.70000076293945,37.81999969482422,37.52000045776367,37.709999084472656,35.8054313659668,32803300
2024-05-09,37.529998779296875,38.41999816894531,37.459999084472656,38.279998779296875,36.346649169921875,26855400
2024-05-10,38.47999954223633,38.779998779296875,38.33000183105469,38.45000076293945,36.50806427001953,27359100
2024-05-13,38.619998931884766,38.779998779296875,38.18000030517578,38.209999084472656,36.28018569946289,24060600
2024-05-14,38.400001525878906,38.790000915527344,38.369998931884766,38.4900016784668,36.54603958129883,27594800
2024-05-15,38.79999923706055,39.2400016784668,38.779998779296875,38.90999984741211,36.944828033447266,34084400
2024-05-16,38.91999816894531,39.36000061035156,38.709999084472656,39.220001220703125,37.239173889160156,32554200
2024-05-17,39.45000076293945,39.4900016784668,39.15999984741211,39.290000915527344,37.30563735961914,25537300
2024-05-20,39.2599983215332,39.470001220703125,38.790000915527344,38.81999969482422,36.859375,28369800
2024-05-21,38.77000045776367,39.75,38.77000045776367,39.650001525878906,37.64745330810547,31799200
2024-05-22,39.40999984741211,39.810001373291016,39.34000015258789,39.7599983215332,37.751895904541016,42837600
2024-05-23,39.77000045776367,39.84000015258789,38.939998626708984,39.16999816894531,37.19169998168945,39033900
2024-05-24,39.15999984741211,39.779998779296875,39.06999969482422,39.70000076293945,37.69492721557617,22166300
2024-05-28,39.650001525878906,39.7400016784668,39.11000061035156,39.31999969482422,37.33412170410156,31217900
2024-05-29,38.84000015258789,38.900001525878906,38.560001373291016,38.720001220703125,36.764427185058594,26677500
2024-05-30,38.72999954223633,39.119998931884766,37.59000015258789,38.630001068115234,36.67897415161133,50989100
2024-05-31,38.70000076293945,40.08000183105469,38.65999984741211,39.9900016784668,37.97028350830078,58188400
2024-06-03,40.040000915527344,40.189998626708984,39.36000061035156,39.880001068115234,37.8658332824707,31898600
2024-06-04,39.619998931884766,40.13999938964844,39.41999816894531,39.68000030517578,37.675941467285156,26974200
2024-06-05,39.81999969482422,39.9900016784668,39.52000045776367,39.959999084472656,37.941802978515625,34140300
2024-06-06,39.90999984741211,40.0,39.41999816894531,39.70000076293945,37.69492721557617,38676400
2024-06-07,39.279998779296875,39.959999084472656,39.279998779296875,39.779998779296875,38.000614166259766,25928700
2024-06-10,39.58000183105469,39.84000015258789,39.209999084472656,39.66999816894531,37.89553451538086,37176200
2024-06-11,39.33000183105469,39.349998474121094,38.459999084472656,38.86000061035156,37.12177276611328,44629000
2024-06-12,39.79999923706055,39.880001068115234,39.099998474121094,39.40999984741211,37.64716720581055,38964700
2024-06-13,39.290000915527344,39.349998474121094,38.93000030517578,39.2599983215332,37.50387191772461,40018700
2024-06-14,39.099998474121094,39.47999954223633,38.90999984741211,39.2400016784668,37.48477554321289,32347900
2024-06-17,39.09000015258789,39.529998779296875,38.97999954223633,39.5099983215332,37.74269485473633,26135400
2024-06-18,39.560001373291016,40.02000045776367,39.459999084472656,39.9900016784668,38.20122528076172,30804500
2024-06-20,39.779998779296875,40.310001373291016,39.75,39.9900016784668,38.20122528076172,29383300
2024-06-21,39.849998474121094,39.90999984741211,39.369998931884766,39.4900016784668,37.72359085083008,72244900
2024-06-24,39.77000045776367,40.34000015258789,39.650001525878906,40.02000045776367,38.229881286621094,31064900
2024-06-25,39.779998779296875,40.06999969482422,39.349998474121094,39.380001068115234,37.618507385253906,30596000
2024-06-26,39.16999816894531,39.349998474121094,38.470001220703125,39.0,37.25550842285156,44310200
2024-06-27,38.70000076293945,39.349998474121094,38.34000015258789,39.25,37.49432373046875,29464200
2024-06-28,39.7400016784668,40.060001373291016,39.31999969482422,39.77000045776367,37.99106979370117,52028200
2024-07-01,39.90999984741211,40.34000015258789,39.66999816894531,40.0099983215332,38.2203254699707,26770500
2024-07-02,40.0,40.959999084472656,39.959999084472656,40.93000030517578,39.099178314208984,35626100
2024-07-03,41.02000045776367,41.20000076293945,40.75,40.900001525878906,39.07051467895508,17100700
2024-07-05,40.93000030517578,40.959999084472656,40.290000915527344,40.40999984741211,38.6024284362793,23489000
2024-07-08,40.599998474121094,41.040000915527344,40.43000030517578,40.619998931884766,38.803035736083984,26728500
2024-07-09,40.7599983215332,41.83000183105469,40.599998474121094,41.41999816894531,39.567256927490234,34697200
2024-07-10,41.279998779296875,41.7599983215332,41.06999969482422,41.7400016784668,39.872947692871094,25333400
2024-07-11,41.77000045776367,41.900001525878906,41.38999938964844,41.810001373291016,39.939815521240234,33824600
2024-07-12,41.4900016784668,41.91999816894531,41.09000015258789,41.59000015258789,39.729652404785156,31856600
2024-07-15,41.849998474121094,42.22999954223633,41.70000076293945,41.88999938964844,40.0162353515625,36648100
2024-07-16,42.52000045776367,44.400001525878906,42.220001220703125,44.130001068115234,42.156044006347656,75953300
2024-07-17,43.650001525878906,44.439998626708984,43.650001525878906,43.97999954223633,42.012752532958984,65713600
2024-07-18,43.619998931884766,44.2400016784668,42.93000030517578,43.0099983215332,41.08613586425781,48549200
2024-07-19,42.86000061035156,43.560001373291016,42.689998626708984,42.900001525878906,40.98106002807617,43903000
2024-07-22,42.63999938964844,42.869998931884766,41.959999084472656,42.29999923706055,40.40789794921875,42838300
2024-07-23,42.220001220703125,42.779998779296875,42.150001525878906,42.40999984741211,40.51297378540039,36705100
2024-07-24,42.279998779296875,42.75,42.06999969482422,42.189998626708984,40.302818298339844,36567200
2024-07-25,42.02000045776367,42.29999923706055,41.65999984741211,41.68000030517578,39.81562805175781,41593900
2024-07-26,41.58000183105469,41.959999084472656,41.40999984741211,41.66999816894531,39.80607986450195,52049300
2024-07-29,41.779998779296875,41.880001068115234,40.97999954223633,41.09000015258789,39.252017974853516,37133100
2024-07-30,41.04999923706055,41.88999938964844,40.810001373291016,41.279998779296875,39.43351364135742,44163200
2024-07-31,41.22999954223633,41.380001068115234,40.220001220703125,40.310001373291016,38.50691223144531,50851600
2024-08-01,40.439998626708984,40.45000076293945,38.97999954223633,39.5,37.73313903808594,60107800
2024-08-02,38.0,38.529998779296875,37.18000030517578,37.58000183105469,35.899024963378906,76728000
2024-08-05,35.650001525878906,36.959999084472656,35.13999938964844,36.650001525878906,35.0106201171875,76075200
2024-08-06,36.650001525878906,37.310001373291016,36.540000915527344,36.91999816894531,35.26854705810547,40614100
2024-08-07,38.099998474121094,38.59000015258789,37.27000045776367,37.29999923706055,35.63154602050781,44952400
2024-08-08,37.81999969482422,38.41999816894531,37.65999984741211,38.209999084472656,36.50083923339844,36557800
2024-08-09,38.15999984741211,38.45000076293945,37.90999984741211,38.279998779296875,36.567710876464844,26411200
2024-08-12,38.5,38.72999954223633,38.0099983215332,38.16999816894531,36.46263122558594,33040600
2024-08-13,38.369998931884766,38.47999954223633,38.119998931884766,38.459999084472656,36.739662170410156,21553500
2024-08-14,38.52000045776367,38.91999816894531,38.43000030517578,38.810001373291016,37.074005126953125,25658900
2024-08-15,39.43000030517578,39.68000030517578,38.970001220703125,39.029998779296875,37.28416442871094,37379800
2024-08-16,39.0,39.41999816894531,38.9900016784668,39.34000015258789,37.58029556274414,26886600
2024-08-19,39.47999954223633,39.7400016784668,39.45000076293945,39.66999816894531,37.89553451538086,27268900
2024-08-20,39.119998931884766,39.2400016784668,38.34000015258789,38.689998626708984,36.95936965942383,44440800
2024-08-21,38.869998931884766,38.9900016784668,38.38999938964844,38.75,37.016693115234375,33751100
2024-08-22,38.779998779296875,39.290000915527344,38.56999969482422,39.2400016784668,37.48477554321289,35421600
2024-08-23,39.27000045776367,40.16999816894531,39.27000045776367,39.77000045776367,37.99106979370117,45616600
2024-08-26,40.0,40.20000076293945,39.65999984741211,39.91999816894531,38.13434982299805,44659500
2024-08-27,40.0,40.130001068115234,39.61000061035156,39.66999816894531,37.89553451538086,32323900
2024-08-28,39.34000015258789,40.27000045776367,39.33000183105469,39.95000076293945,38.16300964355469,40700500
2024-08-29,40.04999923706055,40.34000015258789,39.529998779296875,40.16999816894531,38.373172760009766,34810800
2024-08-30,40.16999816894531,40.86000061035156,40.130001068115234,40.75,38.92723083496094,49098200
2024-09-03,40.58000183105469,40.900001525878906,40.22999954223633,40.70000076293945,38.87946319580078,48489300
2024-09-04,40.65999984741211,40.95000076293945,40.279998779296875,40.5,38.688411712646484,39629600
2024-09-05,40.79999923706055,40.939998626708984,40.0099983215332,40.13999938964844,38.344512939453125,34214500
2024-09-06,39.77000045776367,39.880001068115234,38.560001373291016,38.7599983215332,37.26763153076172,47007600
2024-09-09,39.25,39.709999084472656,39.099998474121094,39.470001220703125,37.95030212402344,37610200
2024-09-10,39.84000015258789,39.84000015258789,38.33000183105469,39.279998779296875,37.76762008666992,53983900
2024-09-11,38.9900016784668,39.029998779296875,38.0099983215332,39.0,37.49839401245117,41190000
2024-09-12,39.04999923706055,39.33000183105469,38.529998779296875,38.779998779296875,37.286865234375,39921600
2024-09-13,38.880001068115234,39.09000015258789,38.439998626708984,38.650001525878906,37.16187286376953,31887300
2024-09-16,38.810001373291016,39.209999084472656,38.790000915527344,39.099998474121094,37.594539642333984,26336400
2024-09-17,39.279998779296875,39.79999923706055,39.209999084472656,39.54999923706055,38.027217864990234,27769400
2024-09-18,39.619998931884766,40.119998931884766,39.41999816894531,39.619998931884766,38.09452438354492,42527800
2024-09-19,40.040000915527344,41.04999923706055,40.0099983215332,40.869998931884766,39.29639434814453,57977800
2024-09-20,40.619998931884766,40.72999954223633,40.2400016784668,40.27000045776367,38.71950149536133,70725000
2024-09-23,40.209999084472656,40.439998626708984,39.75,39.869998931884766,38.334896087646484,31714800
2024-09-24,39.849998474121094,39.97999954223633,39.25,39.45000076293945,37.931068420410156,32534900
2024-09-25,39.25,39.40999984741211,38.939998626708984,39.25,37.73876953125,28866000
2024-09-26,39.38999938964844,39.720001220703125,39.11000061035156,39.52000045776367,37.99837112426758,39601400
2024-09-27,39.650001525878906,39.900001525878906,39.349998474121094,39.400001525878906,37.882999420166016,27861100
2024-09-30,39.22999954223633,39.790000915527344,39.02000045776367,39.68000030517578,38.15221405029297,35055200
2024-10-01,39.5099983215332,39.560001373291016,38.939998626708984,39.220001220703125,37.70992660522461,26291200
2024-10-02,39.25,39.540000915527344,39.04999923706055,39.22999954223633,37.71953582763672,23302700
2024-10-03,38.97999954223633,39.27000045776367,38.72999954223633,39.25,37.73876953125,26030200
2024-10-04,39.93000030517578,40.25,39.619998931884766,40.11000061035156,38.56565475463867,34209900
2024-10-07,40.209999084472656,40.439998626708984,39.709999084472656,39.959999084472656,38.42143249511719,27177500
2024-10-08,40.04999923706055,40.150001525878906,39.810001373291016,39.93000030517578,38.3925895690918,26023600
2024-10-09,39.869998931884766,40.38999938964844,39.720001220703125,40.189998626708984,38.642574310302734,27421000
2024-10-10,40.0099983215332,40.130001068115234,39.77000045776367,39.970001220703125,38.43104934692383,26182300
2024-10-11,40.5,42.16999816894531,40.400001525878906,41.95000076293945,40.33481216430664,50660700
2024-10-14,41.959999084472656,42.18000030517578,41.720001220703125,41.90999984741211,40.296356201171875,28098900
2024-10-15,43.22999954223633,43.36000061035156,42.04999923706055,42.13999938964844,40.517494201660156,61490000
2024-10-16,42.209999084472656,43.099998474121094,42.150001525878906,42.79999923706055,41.15209197998047,42437800
2024-10-17,42.83000183105469,43.0,42.470001220703125,42.599998474121094,40.959781646728516,31708600
2024-10-18,42.43000030517578,42.650001525878906,42.11000061035156,42.31999969482422,40.69057083129883,30593500
2024-10-21,42.25,42.40999984741211,41.7400016784668,41.7599983215332,40.152122497558594,26589500
2024-10-22,41.650001525878906,42.40999984741211,41.56999969482422,42.29999923706055,40.67133712768555,37104400
2024-10-23,42.20000076293945,42.470001220703125,42.02000045776367,42.34000015258789,40.70979309082031,28569400
2024-10-24,42.31999969482422,42.65999984741211,41.970001220703125,42.650001525878906,41.00786209106445,28392000
2024-10-25,42.91999816894531,42.97999954223633,41.790000915527344,41.88999938964844,40.277122497558594,27466900
2024-10-28,42.06999969482422,42.75,42.0099983215332,42.619998931884766,40.97901916503906,24527600
2024-10-29,42.59000015258789,42.810001373291016,42.470001220703125,42.529998779296875,40.89248275756836,22313500
2024-10-30,41.709999084472656,42.900001525878906,41.63999938964844,42.310001373291016,40.68095016479492,38100500
2024-10-31,42.290000915527344,42.54999923706055,41.79999923706055,41.81999969482422,40.209815979003906,28138200
2024-11-01,42.150001525878906,42.43000030517578,41.75,41.7599983215332,40.152122497558594,31220000
2024-11-04,41.61000061035156,42.02000045776367,41.11000061035156,41.33000183105469,39.73868942260742,31110100
2024-11-05,41.5099983215332,42.0099983215332,41.380001068115234,41.880001068115234,40.26750564575195,30851400
2024-11-06,44.79999923706055,45.54999923706055,44.0,45.40999984741211,43.661590576171875,110086700
2024-11-07,45.040000915527344,45.22999954223633,44.5099983215332,44.77000045776367,43.04623794555664,48339700
2024-11-08,45.13999938964844,45.5,44.95000076293945,45.130001068115234,43.39237594604492,38331800
2024-11-11,45.599998474121094,46.52000045776367,45.58000183105469,46.08000183105469,44.30580520629883,43293500
2024-11-12,46.13999938964844,46.45000076293945,45.84000015258789,45.86000061035156,44.094261169433594,38155900
2024-11-13,46.20000076293945,46.47999954223633,45.83000183105469,45.869998931884766,44.103885650634766,36903900
2024-11-14,45.95000076293945,46.15999984741211,45.72999954223633,45.900001525878906,44.13272476196289,35733100
2024-11-15,45.619998931884766,46.84000015258789,45.619998931884766,46.75,44.95000457763672,40488900
2024-11-18,46.75,47.02000045776367,46.4900016784668,46.720001220703125,44.92115783691406,32360300
2024-11-19,45.9900016784668,46.619998931884766,45.95000076293945,46.40999984741211,44.62309265136719,28534100
2024-11-20,46.56999969482422,46.63999938964844,45.91999816894531,46.060001373291016,44.28656768798828,28021000
2024-11-21,46.38999938964844,47.04999923706055,46.29999923706055,46.459999084472656,44.671165466308594,45336500
2024-11-22,46.369998931884766,47.220001220703125,46.279998779296875,47.0,45.190372467041016,37996200
2024-11-25,47.2599983215332,47.7400016784668,47.15999984741211,47.5,45.67112731933594,42718600
2024-11-26,47.5099983215332,47.84000015258789,47.209999084472656,47.75,45.91149139404297,30301500
2024-11-27,47.81999969482422,47.97999954223633,47.650001525878906,47.77000045776367,45.930728912353516,23278400
2024-11-29,47.79999923706055,48.08000183105469,47.5,47.5099983215332,45.68073654174805,23262000
2024-12-02,47.7400016784668,47.81999969482422,46.849998474121094,47.040000915527344,45.22883605957031,35891500
2024-12-03,47.369998931884766,47.47999954223633,46.650001525878906,46.81999969482422,45.017311096191406,38123800
2024-12-04,46.689998626708984,46.779998779296875,46.130001068115234,46.369998931884766,44.584632873535156,24941300
2024-12-05,46.560001373291016,47.2400016784668,46.5,47.0,45.190372467041016,31572100
2024-12-06,47.060001373291016,47.060001373291016,46.400001525878906,46.75,45.20004653930664,28931700
2024-12-09,46.560001373291016,46.75,45.900001525878906,45.90999984741211,44.38789367675781,34660900
2024-12-10,45.90999984741211,46.290000915527344,45.59000015258789,45.75,44.23319625854492,35665800
2024-12-11,46.0,46.15999984741211,45.470001220703125,46.08000183105469,44.55226135253906,36790500
2024-12-12,46.13999938964844,46.470001220703125,45.91999816894531,46.08000183105469,44.55226135253906,24017300
2024-12-13,46.09000015258789,46.099998474121094,45.380001068115234,45.66999816894531,44.155845642089844,32902300
2024-12-16,45.59000015258789,45.68000030517578,45.15999984741211,45.470001220703125,43.96248245239258,27330400
2024-12-17,45.189998626708984,45.189998626708984,44.619998931884766,45.04999923706055,43.556400299072266,33054600
2024-12-18,45.13999938964844,45.43000030517578,43.349998474121094,43.5,42.05779266357422,41771900
2024-12-19,43.970001220703125,44.47999954223633,43.310001373291016,43.380001068115234,41.94178009033203,38583600
2024-12-20,43.20000076293945,44.400001525878906,43.099998474121094,44.16999816894531,42.7055778503418,74222200
2024-12-23,43.900001525878906,44.11000061035156,42.779998779296875,43.88999938964844,42.43486404418945,35374800
2024-12-24,43.93000030517578,44.41999816894531,43.93000030517578,44.380001068115234,42.90861511230469,12054400
2024-12-26,44.209999084472656,44.58000183105469,44.11000061035156,44.54999923706055,43.07298278808594,16077400
2024-12-27,44.2400016784668,44.779998779296875,44.060001373291016,44.34000015258789,42.86994934082031,17972500
2024-12-30,43.88999938964844,44.13999938964844,43.54999923706055,43.90999984741211,42.454200744628906,16109800
2024-12-31,44.040000915527344,44.22999954223633,43.709999084472656,43.95000076293945,42.49287796020508,16110400
2025-01-02,44.13999938964844,44.59000015258789,43.79999923706055,44.290000915527344,42.82160186767578,25610600
2025-01-03,44.75,44.849998474121094,44.150001525878906,44.810001373291016,43.32436752319336,23455700
2025-01-06,45.15999984741211,46.150001525878906,45.099998474121094,45.400001525878906,43.89480209350586,30518500
2025-01-07,46.279998779296875,46.650001525878906,45.650001525878906,46.08000183105469,44.55226135253906,41111200
2025-01-08,45.900001525878906,46.2599983215332,45.689998626708984,46.209999084472656,44.677947998046875,40246000
2025-01-10,46.0,46.04999923706055,44.7400016784668,45.11000061035156,43.614418029785156,40741300
2025-01-13,45.099998474121094,45.34000015258789,44.689998626708984,45.060001373291016,43.56607437133789,34353600
2025-01-14,45.599998474121094,45.91999816894531,45.22999954223633,45.779998779296875,44.262203216552734,36379000
2025-01-15,47.119998931884766,47.459999084472656,46.84000015258789,47.099998474121094,45.53843688964844,57154800
2025-01-16,47.0,47.5099983215332,45.81999969482422,46.63999938964844,45.09368896484375,56339300
2025-01-17,46.61000061035156,46.880001068115234,46.08000183105469,46.529998779296875,44.987335205078125,44486100
2025-01-21,46.619998931884766,47.150001525878906,46.540000915527344,46.65999984741211,45.11302947998047,52089100
2025-01-22,46.599998474121094,46.72999954223633,45.7599983215332,45.790000915527344,44.27186965942383,40296200
2025-01-23,46.04999923706055,46.88999938964844,46.04999923706055,46.38999938964844,44.85198211669922,35324100
2025-01-24,46.22999954223633,46.86000061035156,46.150001525878906,46.52000045776367,44.97766876220703,24655100
2025-01-27,46.54999923706055,47.13999938964844,46.380001068115234,47.09000015258789,45.528770446777344,44260000
2025-01-28,47.08000183105469,47.439998626708984,46.709999084472656,46.84000015258789,45.28706359863281,27156600
2025-01-29,46.75,47.38999938964844,46.63999938964844,46.75,45.20004653930664,23681500
2025-01-30,47.11000061035156,47.16999816894531,46.400001525878906,46.720001220703125,45.171043395996094,31199900
2025-01-31,46.70000076293945,46.83000183105469,46.15999984741211,46.29999923706055,44.76496124267578,30388900
2025-02-03,45.41999816894531,46.47999954223633,45.11000061035156,46.209999084472656,44.677947998046875,36497700
2025-02-04,46.349998474121094,47.130001068115234,46.27000045776367,46.709999084472656,45.161373138427734,32894000
2025-02-05,46.97999954223633,47.130001068115234,46.63999938964844,47.11000061035156,45.54811096191406,27696600
2025-02-06,47.439998626708984,47.97999954223633,47.16999816894531,47.7400016784668,46.1572265625,39793400
2025-02-07,47.84000015258789,47.970001220703125,47.380001068115234,47.400001525878906,45.828495025634766,26504700
2025-02-10,47.47999954223633,47.560001373291016,46.400001525878906,46.66999816894531,45.12269592285156,26725200
2025-02-11,46.54999923706055,46.93000030517578,46.279998779296875,46.790000915527344,45.23871994018555,20314900
2025-02-12,46.56999969482422,46.58000183105469,45.939998626708984,46.209999084472656,44.677947998046875,29777100
2025-02-13,46.52000045776367,46.56999969482422,45.970001220703125,46.33000183105469,44.793975830078125,26815400
2025-02-14,46.47999954223633,47.09000015258789,46.47999954223633,46.959999084472656,45.40308380126953,25960500
2025-02-18,46.560001373291016,46.650001525878906,46.15999984741211,46.529998779296875,44.987335205078125,37824100
2025-02-19,45.880001068115234,46.060001373291016,45.41999816894531,46.0099983215332,44.48457717895508,38967800
2025-02-20,45.900001525878906,46.189998626708984,45.040000915527344,45.29999923706055,43.79811477661133,40001100
2025-02-21,45.25,45.5099983215332,44.540000915527344,44.810001373291016,43.32436752319336,43485900
2025-02-24,45.029998779296875,45.38999938964844,44.439998626708984,44.459999084472656,42.985965728759766,35512200
2025-02-25,44.529998779296875,44.84000015258789,43.349998474121094,43.939998626708984,42.48320388793945,38119000
2025-02-26,44.040000915527344,44.54999923706055,43.86000061035156,43.939998626708984,42.48320388793945,32251700
2025-02-27,44.09000015258789,44.779998779296875,43.939998626708984,44.119998931884766,42.65723419189453,28477700
2025-02-28,44.31999969482422,46.20000076293945,44.20000076293945,46.099998474121094,44.57159423828125,62621100
2025-03-03,46.209999084472656,46.959999084472656,45.220001220703125,45.560001373291016,44.04949951171875,46946000
2025-03-04,44.72999954223633,44.84000015258789,42.029998779296875,42.66999816894531,41.25531005859375,78278100
2025-03-05,42.650001525878906,42.72999954223633,41.709999084472656,42.290000915527344,40.88791275024414,52588900
2025-03-06,41.59000015258789,41.88999938964844,40.959999084472656,41.459999084472656,40.085426330566406,58103500
2025-03-07,41.310001373291016,41.72999954223633,40.61000061035156,41.400001525878906,40.28002166748047,50651400
2025-03-10,40.400001525878906,40.619998931884766,39.18000030517578,39.83000183105469,38.752498626708984,77498400
2025-03-11,39.70000076293945,40.65999984741211,39.27000045776367,39.61000061035156,38.5384407043457,50608400
2025-03-12,40.310001373291016,40.5,39.20000076293945,39.90999984741211,38.830326080322266,42290700
2025-03-13,39.970001220703125,40.189998626708984,39.33000183105469,39.66999816894531,38.59681701660156,37766100
2025-03-14,40.2599983215332,41.02000045776367,40.16999816894531,40.88999938964844,39.7838134765625,35979900
2025-03-17,40.91999816894531,41.77000045776367,40.59000015258789,41.439998626708984,40.31893539428711,37242800
2025-03-18,41.720001220703125,41.83000183105469,41.290000915527344,41.650001525878906,40.52325439453125,37644500
2025-03-19,41.720001220703125,42.70000076293945,41.29999923706055,42.209999084472656,41.06810760498047,42471100
2025-03-20,41.7599983215332,42.720001220703125,41.650001525878906,42.47999954223633,41.330806732177734,41018100
2025-03-21,42.15999984741211,42.65999984741211,41.88999938964844,42.470001220703125,41.32107925415039,65011000
2025-03-24,42.93000030517578,43.150001525878906,42.75,43.06999969482422,41.904842376708984,30646100
2025-03-25,43.349998474121094,43.529998779296875,43.040000915527344,43.279998779296875,42.10915756225586,25445300
2025-03-26,43.459999084472656,43.720001220703125,42.72999954223633,42.81999969482422,41.66160202026367,30012100
2025-03-27,42.81999969482422,43.09000015258789,42.52000045776367,42.560001373291016,41.40863800048828,25619200
2025-03-28,42.439998626708984,42.619998931884766,40.9900016784668,41.25,40.13407516479492,34253000
2025-03-31,40.779998779296875,41.900001525878906,40.599998474121094,41.72999954223633,40.60108947753906,36390000
2025-04-01,41.31999969482422,41.70000076293945,40.970001220703125,41.4900016784668,40.36758804321289,25578500
2025-04-02,40.880001068115234,41.970001220703125,40.81999969482422,41.849998474121094,40.717838287353516,28216100
2025-04-03,38.630001068115234,38.84000015258789,37.02000045776367,37.220001220703125,36.213096618652344,115497900
2025-04-04,35.290000915527344,35.790000915527344,33.66999816894531,34.38999938964844,33.459659576416016,107761200
2025-04-07,34.970001220703125,36.630001068115234,33.540000915527344,35.58000183105469,34.61746597290039,137329100
2025-04-08,36.86000061035156,37.33000183105469,34.33000183105469,35.029998779296875,34.082340240478516,79116300
2025-04-09,34.04999923706055,37.849998474121094,33.06999969482422,37.150001525878906,36.144996643066406,161173500
2025-04-10,36.31999969482422,36.400001525878906,34.630001068115234,35.849998474121094,34.88016128540039,90451800
2025-04-11,35.20000076293945,36.22999954223633,34.810001373291016,35.95000076293945,34.97745895385742,63671900
2025-04-14,36.4900016784668,36.9900016784668,36.27000045776367,36.66999816894531,35.677978515625,46830600
2025-04-15,37.79999923706055,38.75,37.79999923706055,37.9900016784668,36.96227264404297,84677800
2025-04-16,37.86000061035156,38.15999984741211,36.970001220703125,37.33000183105469,36.320125579833984,52872700
2025-04-17,37.5099983215332,37.869998931884766,37.2400016784668,37.40999984741211,36.39795684814453,47144400
2025-04-21,37.06999969482422,37.279998779296875,36.4900016784668,36.91999816894531,35.92121124267578,34928300
2025-04-22,37.56999969482422,38.4900016784668,37.400001525878906,38.31999969482422,37.28334045410156,42288900
2025-04-23,39.40999984741211,40.130001068115234,38.66999816894531,38.75,37.70171356201172,54428400
2025-04-24,38.65999984741211,39.70000076293945,38.599998474121094,39.58000183105469,38.50925827026367,42457100
2025-04-25,39.540000915527344,39.790000915527344,39.31999969482422,39.689998626708984,38.616275787353516,32694200
2025-04-28,39.79999923706055,40.08000183105469,39.459999084472656,39.779998779296875,38.70384216308594,37428000
2025-04-29,39.630001068115234,40.13999938964844,39.47999954223633,39.9900016784668,38.90816116333008,33792500
2025-04-30,39.36000061035156,40.0,38.81999969482422,39.880001068115234,38.8011360168457,40994600
2025-05-01,39.81999969482422,40.439998626708984,39.58000183105469,40.16999816894531,39.08329391479492,33569100
2025-05-02,40.90999984741211,41.22999954223633,40.70000076293945,41.06999969482422,39.958946228027344,41613000
2025-05-05,40.849998474121094,41.4900016784668,40.619998931884766,41.119998931884766,40.00759506225586,32829200
2025-05-06,40.650001525878906,41.27000045776367,40.560001373291016,40.84000015258789,39.73516845703125,29541800
2025-05-07,41.040000915527344,41.34000015258789,40.86000061035156,40.93000030517578,39.82273483276367,30925900
2025-05-08,41.290000915527344,42.150001525878906,41.25,41.599998474121094,40.474609375,41861700
2025-05-09,41.72999954223633,41.97999954223633,41.689998626708984,41.790000915527344,40.65946960449219,27222800
2025-05-12,43.31999969482422,43.959999084472656,42.939998626708984,43.36000061035156,42.18699264526367,44875100
2025-05-13,43.41999816894531,44.4900016784668,43.41999816894531,44.279998779296875,43.08211135864258,43232500
2025-05-14,44.189998626708984,44.91999816894531,44.130001068115234,44.7400016784668,43.529666900634766,42419500
2025-05-15,44.599998474121094,44.97999954223633,44.0099983215332,44.380001068115234,43.17940139770508,47379400
2025-05-16,44.34000015258789,44.790000915527344,43.65999984741211,44.689998626708984,43.48101043701172,49488100
2025-05-19,44.11000061035156,45.13999938964844,44.11000061035156,44.77000045776367,43.55885696411133,37915700
2025-05-20,44.59000015258789,44.90999984741211,44.40999984741211,44.689998626708984,43.48101043701172,33424300
2025-05-21,44.369998931884766,44.4900016784668,43.150001525878906,43.25,42.07997131347656,55594100
2025-05-22,43.18000030517578,43.56999969482422,42.959999084472656,43.310001373291016,42.13835144042969,29026200
2025-05-23,42.47999954223633,43.43000030517578,42.349998474121094,43.20000076293945,42.03132629394531,34875100
2025-05-27,43.790000915527344,44.220001220703125,43.29999923706055,44.220001220703125,43.02373504638672,36322000
2025-05-28,44.209999084472656,44.439998626708984,43.959999084472656,44.060001373291016,42.86806106567383,35673800
2025-05-29,44.369998931884766,44.459999084472656,43.900001525878906,44.2400016784668,43.04319381713867,28545100
2025-05-30,44.189998626708984,44.29999923706055,43.720001220703125,44.130001068115234,42.93617248535156,66537500
2025-06-02,43.880001068115234,44.150001525878906,43.36000061035156,44.08000183105469,42.887516021728516,28582600
2025-06-03,44.0099983215332,44.72999954223633,43.939998626708984,44.650001525878906,43.44209671020508,31320200
2025-06-04,44.599998474121094,45.09000015258789,44.34000015258789,44.36000061035156,43.15994644165039,30591700
2025-06-05,44.45000076293945,44.58000183105469,44.0099983215332,44.380001068115234,43.17940139770508,32020900
2025-06-06,44.689998626708984,45.16999816894531,44.63999938964844,44.970001220703125,44.01128387451172,37013000
2025-06-09,45.11000061035156,45.400001525878906,44.779998779296875,44.869998931884766,43.91341018676758,32414000
2025-06-10,44.79999923706055,45.20000076293945,44.75,45.09000015258789,44.12872314453125,32229100
2025-06-11,45.20000076293945,45.40999984741211,44.54999923706055,44.72999954223633,43.776397705078125,47873500
2025-06-12,44.400001525878906,44.650001525878906,44.02000045776367,44.619998931884766,43.66874313354492,30165400
2025-06-13,44.0,44.459999084472656,43.65999984741211,44.09000015258789,43.15004348754883,43281700
2025-06-16,44.63999938964844,44.88999938964844,44.349998474121094,44.40999984741211,43.463218688964844,34103600
2025-06-17,44.27000045776367,44.66999816894531,44.060001373291016,44.22999954223633,43.287052154541016,27489600
2025-06-18,44.2599983215332,45.20000076293945,44.209999084472656,45.060001373291016,44.099365234375,37684700
2025-06-20,45.310001373291016,45.650001525878906,45.27000045776367,45.5,44.52998352050781,64591600
2025-06-23,45.400001525878906,46.369998931884766,45.11000061035156,46.29999923706055,45.31292724609375,42683600
2025-06-24,46.75,47.189998626708984,46.56999969482422,46.65999984741211,45.665252685546875,45437600
2025-06-25,46.58000183105469,46.97999954223633,46.459999084472656,46.849998474121094,45.8511962890625,33532400
2025-06-26,46.95000076293945,47.58000183105469,46.900001525878906,47.459999084472656,46.44819641113281,40127000
2025-06-27,47.45000076293945,47.66999816894531,46.90999984741211,47.119998931884766,46.11544418334961,56705000
2025-06-30,47.619998931884766,47.619998931884766,47.029998779296875,47.31999969482422,46.31118392944336,47921200
2025-07-01,47.02000045776367,48.41999816894531,46.939998626708984,48.150001525878906,47.12348937988281,48540900
2025-07-02,48.36000061035156,48.72999954223633,48.060001373291016,48.709999084472656,47.67154312133789,48003600
2025-07-03,48.95000076293945,49.310001373291016,48.810001373291016,48.93000030517578,47.88685607910156,21620300
2025-07-07,48.7400016784668,49.209999084472656,48.369998931884766,48.65999984741211,47.62261199951172,35567900
2025-07-08,47.5,47.790000915527344,46.7599983215332,47.150001525878906,46.144805908203125,88086500
2025-07-09,47.15999984741211,47.45000076293945,46.709999084472656,46.84000015258789,45.84141540527344,46227900
2025-07-10,46.900001525878906,47.220001220703125,46.779998779296875,46.970001220703125,45.96864318847656,44225000
2025-07-11,46.63999938964844,46.810001373291016,46.25,46.72999954223633,45.73375701904297,31653000
2025-07-14,46.810001373291016,47.06999969482422,46.54999923706055,47.06999969482422,46.06651306152344,36381200
2025-07-15,46.880001068115234,47.0099983215332,45.95000076293945,46.150001525878906,45.1661262512207,55145000
2025-07-16,46.25,46.560001373291016,45.0099983215332,46.029998779296875,45.048683166503906,61296600
2025-07-17,45.63999938964844,47.220001220703125,45.439998626708984,47.02000045776367,46.017578125,56480700
2025-07-18,47.0099983215332,47.380001068115234,46.900001525878906,47.31999969482422,46.31118392944336,48314200
2025-07-21,47.540000915527344,48.040000915527344,47.20000076293945,47.47999954223633,46.46776580810547,32199700
2025-07-22,47.599998474121094,48.16999816894531,47.459999084472656,47.77000045776367,46.751590728759766,34749400
2025-07-23,48.0099983215332,48.310001373291016,47.810001373291016,48.13999938964844,47.11369705200195,31380100
2025-07-24,48.4900016784668,49.0,48.209999084472656,48.38999938964844,47.358367919921875,42967600
2025-07-25,48.38999938964844,48.54999923706055,47.939998626708984,48.45000076293945,47.417091369628906,24461200
2025-07-28,48.45000076293945,48.540000915527344,48.08000183105469,48.22999954223633,47.2017822265625,20590400
2025-07-29,48.38999938964844,48.5099983215332,47.88999938964844,47.95000076293945,46.92774963378906,26216500
2025-07-30,48.2599983215332,48.5,47.7400016784668,47.959999084472656,46.937538146972656,32265900
2025-07-31,47.7599983215332,48.029998779296875,47.189998626708984,47.27000045776367,46.262245178222656,40016300
2025-08-01,46.36000061035156,46.40999984741211,45.31999969482422,45.65999984741211,44.68656921386719,52310400
2025-08-04,45.959999084472656,46.11000061035156,45.63999938964844,45.849998474121094,44.87251663208008,31038900
2025-08-05,45.95000076293945,46.0,44.75,45.560001373291016,44.58870315551758,36798300
2025-08-06,45.709999084472656,45.939998626708984,45.38999938964844,45.41999816894531,44.45168685913086,27916800
2025-08-07,45.709999084472656,45.7599983215332,44.779998779296875,44.91999816894531,43.962345123291016,30609900
2025-08-08,45.150001525878906,46.29999923706055,44.97999954223633,46.0099983215332,45.02910614013672,37131600
2025-08-11,46.060001373291016,46.52000045776367,45.810001373291016,46.15999984741211,45.17591094970703,35559400
2025-08-12,46.47999954223633,47.65999984741211,46.36000061035156,47.5,46.48734664916992,35481200
2025-08-13,47.68000030517578,47.7599983215332,46.9900016784668,47.2400016784668,46.23289108276367,29465100
2025-08-14,47.09000015258789,47.72999954223633,46.88999938964844,47.709999084472656,46.69286346435547,21073800
2025-08-15,47.75,47.81999969482422,46.900001525878906,46.939998626708984,45.93928146362305,26276900
2025-08-18,46.91999816894531,48.040000915527344,46.790000915527344,47.91999816894531,46.89838790893555,43125100
2025-08-19,47.81999969482422,48.119998931884766,47.630001068115234,48.08000183105469,47.05498123168945,33783400
2025-08-20,48.16999816894531,48.5,47.869998931884766,48.349998474121094,47.319217681884766,30822200
2025-08-21,48.27000045776367,48.4900016784668,47.810001373291016,48.2599983215332,47.23114013671875,28713200
2025-08-22,48.52000045776367,49.65999984741211,48.459999084472656,49.47999954223633,48.425132751464844,45078900
2025-08-25,49.38999938964844,49.65999984741211,49.209999084472656,49.47999954223633,48.425132751464844,34715700
2025-08-26,49.25,50.2599983215332,49.25,50.25,49.178714752197266,40609300
2025-08-27,50.029998779296875,50.630001068115234,49.9900016784668,50.380001068115234,49.30595016479492,42428200
2025-08-28,50.54999923706055,50.63999938964844,50.279998779296875,50.4900016784668,49.41360092163086,32949400
2025-08-29,50.5099983215332,50.91999816894531,50.5099983215332,50.7400016784668,49.65827178955078,32496500
2025-09-02,50.220001220703125,50.470001220703125,49.66999816894531,50.41999816894531,49.3450927734375,52719800
2025-09-03,50.400001525878906,50.56999969482422,49.70000076293945,50.060001373291016,48.992767333984375,38344200
2025-09-04,50.2400016784668,50.83000183105469,50.119998931884766,50.619998931884766,49.54082489013672,34796900
2025-09-05,50.439998626708984,50.790000915527344,49.22999954223633,49.77000045776367,48.97987747192383,40063300
2025-09-08,49.79999923706055,49.90999984741211,48.880001068115234,49.459999084472656,48.67479705810547,48033100
2025-09-09,49.5,50.560001373291016,49.459999084472656,50.290000915527344,49.49162292480469,40060100
2025-09-10,50.369998931884766,50.630001068115234,49.970001220703125,50.130001068115234,49.334163665771484,31706300
2025-09-11,50.13999938964844,50.959999084472656,49.9900016784668,50.75,49.94431686401367,28055200
2025-09-12,50.70000076293945,50.93000030517578,50.459999084472656,50.58000183105469,49.77701950073242,27851100
2025-09-15,50.849998474121094,51.09000015258789,50.459999084472656,50.59000015258789,49.786861419677734,29043600
2025-09-16,50.63999938964844,50.880001068115234,50.209999084472656,50.65999984741211,49.855751037597656,31624400
2025-09-17,50.86000061035156,51.630001068115234,50.790000915527344,51.400001525878906,50.58400344848633,38337900
2025-09-18,51.4900016784668,52.189998626708984,51.29999923706055,52.130001068115234,51.30241394042969,35246900
2025-09-19,52.150001525878906,52.65999984741211,51.7599983215332,52.25,51.42050552368164,98970700
2025-09-22,51.7599983215332,52.349998474121094,51.7599983215332,51.91999816894531,51.09574508666992,27468000
2025-09-23,52.0,52.880001068115234,51.52000045776367,51.70000076293945,50.87923812866211,28278200
2025-09-24,51.849998474121094,52.25,51.459999084472656,51.70000076293945,50.87923812866211,27010400
2025-09-25,51.47999954223633,52.33000183105469,51.439998626708984,51.849998474121094,51.026851654052734,22957900
2025-09-26,52.11000061035156,52.619998931884766,51.97999954223633,52.209999084472656,51.381141662597656,20025800
2025-09-29,52.36000061035156,52.54999923706055,52.11000061035156,52.41999816894531,51.58780288696289,23701000
2025-09-30,52.47999954223633,52.56999969482422,51.02000045776367,51.59000015258789,50.7709846496582,29945000
2025-10-01,51.29999923706055,51.68000030517578,50.560001373291016,50.68000030517578,49.875431060791016,27709100
2025-10-02,50.650001525878906,50.849998474121094,50.06999969482422,50.47999954223633,49.67860412597656,22757200
2025-10-03,50.619998931884766,51.130001068115234,50.54999923706055,50.63999938964844,49.83606719970703,24565700
2025-10-06,50.93000030517578,51.31999969482422,49.88999938964844,50.38999938964844,49.59003448486328,25386300
2025-10-07,50.54999923706055,50.90999984741211,50.130001068115234,50.290000915527344,49.49162292480469,24107300
2025-10-08,50.400001525878906,50.5099983215332,49.779998779296875,49.84000015258789,49.048763275146484,24014200
2025-10-09,50.0,50.279998779296875,49.66999816894531,49.790000915527344,48.99956130981445,21816900
2025-10-10,49.93000030517578,50.13999938964844,48.54999923706055,48.650001525878906,47.877662658691406,31831900
2025-10-13,49.20000076293945,49.400001525878906,48.810001373291016,48.86000061035156,48.08432388305664,34462800
2025-10-14,48.849998474121094,50.5,48.529998779296875,50.09000015258789,49.2947998046875,42462600
2025-10-15,51.56999969482422,52.849998474121094,51.22999954223633,52.279998779296875,51.45003128051758,69992200
2025-10-16,52.599998474121094,52.7599983215332,50.0,50.439998626708984,49.63924026489258,49027700
2025-10-17,50.95000076293945,51.77000045776367,50.33000183105469,51.279998779296875,50.465904235839844,48915400
2025-10-20,51.439998626708984,52.279998779296875,51.369998931884766,52.040000915527344,51.21384048461914,25786000
2025-10-21,52.09000015258789,52.369998931884766,51.439998626708984,51.52000045776367,50.70209884643555,27303400
2025-10-22,51.5,51.58000183105469,50.439998626708984,51.099998474121094,50.28876495361328,34955000
2025-10-23,51.47999954223633,51.79999923706055,51.11000061035156,51.7599983215332,50.93828201293945,26028800
2025-10-24,51.849998474121094,52.81999969482422,51.849998474121094,52.56999969482422,51.73542404174805,38923900
2025-10-27,52.79999923706055,53.06999969482422,52.529998779296875,53.02000045776367,52.17828369140625,27345800
2025-10-28,53.0,53.279998779296875,52.34000015258789,52.869998931884766,52.030662536621094,29575200
2025-10-29,52.65999984741211,53.0099983215332,52.31999969482422,52.58000183105469,51.74527359008789,29158800
2025-10-30,52.66999816894531,53.439998626708984,52.560001373291016,53.029998779296875,52.18811798095703,37548600
2025-10-31,52.790000915527344,53.63999938964844,52.77000045776367,53.45000076293945,52.60145568847656,39295700
2025-11-03,53.2599983215332,53.63999938964844,52.709999084472656,53.560001373291016,52.70970916748047,31252300
2025-11-04,53.02000045776367,54.0,52.720001220703125,53.540000915527344,52.69002914428711,47226600
2025-11-05,52.959999084472656,53.06999969482422,51.7400016784668,52.45000076293945,51.617332458496094,54353600
2025-11-06,53.41999816894531,53.75,52.77000045776367,53.290000915527344,52.44399642944336,55296000
2025-11-07,53.150001525878906,53.58000183105469,52.709999084472656,53.20000076293945,52.35542678833008,40537700
2025-11-10,53.40999984741211,53.9900016784668,53.34000015258789,53.41999816894531,52.57193374633789,26094600
2025-11-11,53.75,53.97999954223633,53.279998779296875,53.630001068115234,52.77859878540039,22244300
2025-11-12,53.88999938964844,54.689998626708984,53.77000045776367,54.11000061035156,53.250980377197266,40536700
2025-11-13,53.790000915527344,54.209999084472656,52.77000045776367,52.869998931884766,52.030662536621094,37716100
2025-11-14,52.86000061035156,52.900001525878906,52.029998779296875,52.61000061035156,51.7747917175293,32363100
2025-11-17,52.58000183105469,52.58000183105469,51.38999938964844,51.47999954223633,50.66273498535156,35546800
2025-11-18,51.279998779296875,52.18000030517578,51.150001525878906,51.63999938964844,50.8201904296875,35189500
2025-11-19,51.66999816894531,52.4900016784668,51.66999816894531,52.02000045776367,51.19416046142578,28112300
2025-11-20,52.5,52.95000076293945,50.970001220703125,51.0,50.19034957885742,36661600
2025-11-21,51.290000915527344,51.779998779296875,50.70000076293945,51.560001373291016,50.74146270751953,43867200
2025-11-24,51.650001525878906,52.2400016784668,51.400001525878906,51.93000030517578,51.10558319091797,52852100
2025-11-25,52.25,52.880001068115234,51.86000061035156,52.47999954223633,51.646854400634766,41310100
2025-11-26,52.70000076293945,53.25,52.54999923706055,52.9900016784668,52.14875793457031,32045600
2025-11-28,53.11000061035156,53.939998626708984,53.04999923706055,53.650001525878906,52.798282623291016,18920800
2025-12-01,53.5,53.900001525878906,53.209999084472656,53.2400016784668,52.39479064941406,30536500
2025-12-02,53.529998779296875,53.63999938964844,52.970001220703125,53.189998626708984,52.345584869384766,46073500
2025-12-03,53.25,54.2400016784668,53.18000030517578,54.09000015258789,53.231292724609375,37134400
2025-12-04,54.209999084472656,54.689998626708984,54.0,54.15999984741211,53.30018615722656,38529600
2025-12-05,53.93000030517578,54.83000183105469,53.7400016784668,53.95000076293945,53.36943435668945,33986500
2025-12-08,53.900001525878906,54.209999084472656,53.4900016784668,53.900001525878906,53.319969177246094,34386600
2025-12-09,53.970001220703125,54.279998779296875,53.27000045776367,53.540000915527344,52.963844299316406,47189300
2025-12-10,53.59000015258789,54.54999923706055,53.34000015258789,54.08000183105469,53.4980354309082,54424400
2025-12-11,53.95000076293945,54.650001525878906,53.75,54.560001373291016,53.972869873046875,35686900
2025-12-12,54.779998779296875,55.29999923706055,54.349998474121094,55.13999938964844,54.54662322998047,40539400
2025-12-15,55.40999984741211,56.06999969482422,55.06999969482422,55.33000183105469,54.734580993652344,32881300
2025-12-16,55.13999938964844,55.349998474121094,54.689998626708984,54.810001373291016,54.220176696777344,32931900
2025-12-17,55.119998931884766,55.56999969482422,54.459999084472656,54.54999923706055,53.962974548339844,35304100
2025-12-18,54.79999923706055,55.150001525878906,53.77000045776367,54.2599983215332,53.67609405517578,87452700
2025-12-19,54.52000045776367,55.310001373291016,54.380001068115234,55.27000045776367,54.675228118896484,73001900
2025-12-22,55.369998931884766,56.11000061035156,55.34000015258789,55.880001068115234,55.278663635253906,33408800
2025-12-23,55.810001373291016,56.220001220703125,55.810001373291016,55.970001220703125,55.36769485473633,22274600
2025-12-24,56.130001068115234,56.5,55.88999938964844,56.25,55.64468002319336,13634400
2025-12-26,56.279998779296875,56.54999923706055,56.029998779296875,56.16999816894531,55.56553649902344,15259400
2025-12-29,56.11000061035156,56.25,55.27000045776367,55.349998474121094,54.754364013671875,21040100
2025-12-30,55.4900016784668,55.63999938964844,55.16999816894531,55.279998779296875,54.68511962890625,17427600
