date,open,high,low,close,adj_close,volume
2020-01-02,80.12999725341797,81.26000213623047,80.02999877929688,81.2300033569336,64.6664047241211,12728900
2020-01-03,79.80000305175781,80.5199966430664,79.44999694824219,79.69999694824219,63.448387145996094,12437400
2020-01-06,78.72000122070312,79.55000305175781,78.72000122070312,79.44999694824219,63.249385833740234,10059500
2020-01-07,79.29000091552734,79.30000305175781,78.7300033569336,78.76000213623047,62.7000732421875,10469100
2020-01-08,78.7699966430664,80.0,78.68000030517578,79.36000061035156,63.177738189697266,11292400
2020-01-09,80.9800033569336,80.9800033569336,79.7300033569336,80.08000183105469,63.75092315673828,12895900
2020-01-10,80.0,80.01000213623047,79.06999969482422,79.25,63.09015655517578,10062100
2020-01-13,79.5,80.72000122070312,79.0,80.6500015258789,64.2046890258789,16566300
2020-01-14,81.19999694824219,83.11000061035156,80.97000122070312,81.91000366210938,65.20777893066406,24971800
2020-01-15,81.7300033569336,82.05000305175781,80.7300033569336,81.23999786376953,64.67438507080078,16063600
2020-01-16,81.95999908447266,82.12999725341797,80.8499984741211,81.0,64.48332214355469,10426000
2020-01-17,81.16000366210938,81.4000015258789,80.80999755859375,81.12000274658203,64.57886505126953,12413100
2020-01-21,80.4800033569336,80.91000366210938,79.87000274658203,79.9000015258789,63.60762405395508,10522000
2020-01-22,80.19999694824219,80.4800033569336,79.86000061035156,80.0999984741211,63.76685333251953,8045600
2020-01-23,79.58000183105469,80.08000183105469,78.91999816894531,79.80000305175781,63.52799606323242,11618200
2020-01-24,79.62000274658203,79.66999816894531,77.63999938964844,78.41999816894531,62.429405212402344,15036100
2020-01-27,76.26000213623047,77.0,75.8499984741211,76.70999908447266,61.068092346191406,15859600
2020-01-28,77.20999908447266,78.12999725341797,76.77999877929688,77.23999786376953,61.490020751953125,10960200
2020-01-29,77.54000091552734,77.9000015258789,76.41000366210938,76.4800033569336,60.88499069213867,9478900
2020-01-30,75.73999786376953,77.54000091552734,75.5,77.43000030517578,61.64128494262695,12498200
2020-01-31,75.95999908447266,76.18000030517578,73.91000366210938,74.41000366210938,59.62985610961914,17101200
2020-02-03,74.69999694824219,76.20999908447266,74.69999694824219,75.12999725341797,60.20682144165039,11096500
2020-02-04,76.75,77.2699966430664,76.43000030517578,76.5,61.304710388183594,12173200
2020-02-05,77.91999816894531,78.9800033569336,77.80999755859375,78.8499984741211,63.18791961669922,13070400
2020-02-06,79.80000305175781,79.86000061035156,78.4000015258789,78.97000122070312,63.28408432006836,12826400
2020-02-07,78.12999725341797,79.05000305175781,78.05999755859375,78.69000244140625,63.0597038269043,8341700
2020-02-10,78.08000183105469,78.73999786376953,78.05000305175781,78.4800033569336,62.89140701293945,8418300
2020-02-11,78.75,79.55000305175781,78.63999938964844,79.08999633789062,63.38026428222656,9437200
2020-02-12,79.9000015258789,80.7699966430664,79.30000305175781,79.33000183105469,63.572566986083984,9484100
2020-02-13,78.88999938964844,79.27999877929688,78.62000274658203,79.0,63.30811309814453,8946200
2020-02-14,78.88999938964844,79.08999633789062,78.44999694824219,78.79000091552734,63.13985824584961,9056600
2020-02-18,78.61000061035156,78.86000061035156,77.51000213623047,77.58000183105469,62.17018508911133,10343500
2020-02-19,77.87000274658203,78.38999938964844,77.62000274658203,78.05000305175781,62.54682922363281,9145200
2020-02-20,77.66000366210938,78.69000244140625,77.30999755859375,78.22000122070312,62.683074951171875,11763400
2020-02-21,77.55999755859375,77.95999908447266,76.1500015258789,76.44000244140625,61.256622314453125,14020000
2020-02-24,73.37999725341797,74.05000305175781,72.44000244140625,72.52999877929688,58.123291015625,21096200
2020-02-25,72.62999725341797,73.20999908447266,69.0,69.43000030517578,55.63903045654297,27451000
2020-02-26,70.0199966430664,70.61000061035156,68.16000366210938,68.18000030517578,54.6373176574707,25552100
2020-02-27,66.0999984741211,66.88999938964844,64.4000015258789,64.44999694824219,51.648216247558594,34656800
2020-02-28,62.0,64.44999694824219,61.34000015258789,63.459999084472656,50.8548583984375,46013200
2020-03-02,63.849998474121094,67.61000061035156,63.119998931884766,67.58999633789062,54.16451644897461,29006400
2020-03-03,67.86000061035156,68.43000030517578,64.47000122070312,65.05000305175781,52.12904739379883,29547700
2020-03-04,66.05000305175781,67.5199966430664,64.36000061035156,67.38999938964844,54.004241943359375,24188500
2020-03-05,64.80000305175781,65.12000274658203,63.0099983215332,63.4900016784668,50.8788948059082,27277600
2020-03-06,60.459999084472656,62.310001373291016,59.7400016784668,61.279998779296875,49.107879638671875,29916600
2020-03-09,54.310001373291016,55.61000061035156,51.0,51.369998931884766,41.16631317138672,35625600
2020-03-10,54.72999954223633,55.70000076293945,51.5,55.58000183105469,44.540069580078125,32527500
2020-03-11,53.95000076293945,54.33000183105469,50.02000045776367,50.790000915527344,40.70151138305664,36709000
2020-03-12,45.29999923706055,49.0,42.81999969482422,43.2599983215332,34.66720962524414,45941600
2020-03-13,47.81999969482422,51.2400016784668,45.310001373291016,51.040000915527344,40.901859283447266,40519800
2020-03-16,40.4900016784668,45.22999954223633,39.56999969482422,41.189998626708984,33.00838088989258,35133800
2020-03-17,42.0,43.97999954223633,38.79999923706055,40.25,32.25508499145508,51650000
2020-03-18,37.060001373291016,37.9900016784668,32.0,36.43000030517578,29.193857192993164,48351400
2020-03-19,35.470001220703125,41.2400016784668,34.20000076293945,39.63999938964844,31.76626205444336,43397100
2020-03-20,40.459999084472656,40.9900016784668,37.20000076293945,38.060001373291016,30.500099182128906,38163900
2020-03-23,37.54999923706055,38.150001525878906,34.619998931884766,35.38999938964844,28.360441207885742,33013300
2020-03-24,37.650001525878906,40.91999816894531,37.34000015258789,40.65999984741211,32.58365249633789,34100600
2020-03-25,42.310001373291016,44.70000076293945,39.43000030517578,41.86000061035156,33.5452880859375,38211100
2020-03-26,43.68000030517578,46.290000915527344,43.0,46.02000045776367,36.87899398803711,31528600
2020-03-27,44.130001068115234,45.5,43.0,43.79999923706055,35.099952697753906,25484500
2020-03-30,44.04999923706055,44.2599983215332,41.56999969482422,44.08000183105469,35.324344635009766,27459000
2020-03-31,43.630001068115234,44.22999954223633,41.650001525878906,42.119998931884766,33.75364685058594,26219100
2020-04-01,39.13999938964844,40.25,38.0,38.5099983215332,30.8607120513916,29219500
2020-04-02,38.36000061035156,39.65999984741211,37.29999923706055,39.22999954223633,31.437686920166016,29532100
2020-04-03,39.0,39.459999084472656,36.66999816894531,37.4900016784668,30.043319702148438,25327100
2020-04-06,39.79999923706055,41.34000015258789,39.5099983215332,41.119998931884766,32.95228576660156,30064700
2020-04-07,44.810001373291016,45.59000015258789,41.119998931884766,41.25,33.056461334228516,35220700
2020-04-08,42.849998474121094,44.45000076293945,41.970001220703125,44.2599983215332,35.46858215332031,32944800
2020-04-09,46.939998626708984,49.220001220703125,46.369998931884766,47.40999984741211,37.99289321899414,43637200
2020-04-13,47.5,47.56999969482422,45.27000045776367,46.68000030517578,37.40789031982422,27944300
2020-04-14,47.65999984741211,47.7400016784668,43.529998779296875,45.41999816894531,36.39816665649414,40466200
2020-04-15,43.369998931884766,44.27000045776367,42.61000061035156,42.86000061035156,34.34666442871094,32249000
2020-04-16,42.709999084472656,42.84000015258789,40.099998474121094,40.52000045776367,32.47145462036133,37756000
2020-04-17,43.150001525878906,45.619998931884766,42.650001525878906,45.45000076293945,36.422210693359375,41252900
2020-04-20,43.400001525878906,45.439998626708984,42.88999938964844,44.0099983215332,35.26823806762695,33471900
2020-04-21,42.349998474121094,43.11000061035156,41.06999969482422,41.56999969482422,33.31290054321289,35336200
2020-04-22,43.0,43.119998931884766,41.849998474121094,42.2400016784668,33.84981918334961,21888100
2020-04-23,42.650001525878906,43.7400016784668,42.2599983215332,42.459999084472656,34.026123046875,23970700
2020-04-24,43.0,43.34000015258789,41.72999954223633,43.099998474121094,34.53898620605469,26282100
2020-04-27,44.16999816894531,46.81999969482422,43.72999954223633,46.560001373291016,37.31172561645508,30929200
2020-04-28,48.939998626708984,49.59000015258789,46.93000030517578,47.209999084472656,37.83262252807617,28973300
2020-04-29,49.70000076293945,50.650001525878906,48.459999084472656,50.2599983215332,40.27678680419922,32941100
2020-04-30,49.06999969482422,49.77000045776367,48.040000915527344,48.560001373291016,38.914466857910156,28687000
2020-05-01,46.310001373291016,46.470001220703125,45.220001220703125,45.52000045776367,36.86548614501953,28078900
2020-05-04,45.029998779296875,45.36000061035156,43.97999954223633,45.119998931884766,36.541534423828125,26340200
2020-05-05,46.29999923706055,46.349998474121094,43.91999816894531,43.95000076293945,35.59398651123047,27342900
2020-05-06,44.4900016784668,45.02000045776367,42.720001220703125,42.95000076293945,34.78411102294922,25028000
2020-05-07,43.52000045776367,45.15999984741211,43.439998626708984,44.63999938964844,36.152793884277344,29849100
2020-05-08,45.31999969482422,46.41999816894531,45.2599983215332,46.31999969482422,37.51338577270508,22905200
2020-05-11,45.209999084472656,45.25,43.810001373291016,44.06999969482422,35.691165924072266,34765200
2020-05-12,44.38999938964844,44.689998626708984,42.31999969482422,42.349998474121094,34.29818344116211,33328300
2020-05-13,42.0,42.20000076293945,40.22999954223633,40.599998474121094,32.88090133666992,35350600
2020-05-14,39.9900016784668,42.099998474121094,38.7599983215332,42.060001373291016,34.06332015991211,40976400
2020-05-15,41.58000183105469,42.45000076293945,41.099998474121094,41.91999816894531,33.9499397277832,28494900
2020-05-18,44.04999923706055,45.90999984741211,43.4900016784668,45.66999816894531,36.98697280883789,39383300
2020-05-19,45.27000045776367,45.790000915527344,44.209999084472656,44.43000030517578,35.98272705078125,27271600
2020-05-20,45.56999969482422,46.279998779296875,45.220001220703125,45.470001220703125,36.82499313354492,23841300
2020-05-21,45.16999816894531,45.790000915527344,44.779998779296875,45.0,36.44435119628906,21698300
2020-05-22,44.77000045776367,45.04999923706055,43.689998626708984,44.099998474121094,35.715457916259766,22631700
2020-05-26,46.20000076293945,48.900001525878906,45.97999954223633,48.16999816894531,39.01165008544922,34429300
2020-05-27,51.68000030517578,52.38999938964844,49.86000061035156,52.2599983215332,42.32404327392578,43660500
2020-05-28,52.9900016784668,53.0099983215332,49.11000061035156,49.15999984741211,39.81343078613281,37972800
2020-05-29,48.02000045776367,49.47999954223633,47.560001373291016,47.90999984741211,38.801090240478516,35873400
2020-06-01,48.13999938964844,49.68000030517578,47.81999969482422,49.45000076293945,40.04829025268555,22860100
2020-06-02,50.709999084472656,51.290000915527344,50.15999984741211,50.84000015258789,41.17402267456055,27651300
2020-06-03,52.560001373291016,53.7599983215332,52.41999816894531,53.34000015258789,43.19870376586914,33341800
2020-06-04,53.29999923706055,55.689998626708984,52.61000061035156,55.650001525878906,45.06950759887695,33083500
2020-06-05,61.56999969482422,62.470001220703125,58.34000015258789,58.86000061035156,47.66920852661133,44648500
2020-06-08,60.65999984741211,61.33000183105469,59.77000045776367,61.2400016784668,49.596710205078125,32587100
2020-06-09,59.0,60.20000076293945,57.650001525878906,59.5,48.18752670288086,30422900
2020-06-10,58.900001525878906,59.13999938964844,55.86000061035156,55.86000061035156,45.239585876464844,36743700
2020-06-11,51.66999816894531,53.52000045776367,48.20000076293945,48.38999938964844,39.1898193359375,62098600
2020-06-12,51.400001525878906,52.45000076293945,49.79999923706055,52.25,42.31593322753906,39040000
2020-06-15,49.959999084472656,53.0,49.7400016784668,52.97999954223633,42.90715026855469,36592100
2020-06-16,56.29999923706055,56.400001525878906,52.31999969482422,54.45000076293945,44.09765625,37638700
2020-06-17,54.70000076293945,54.79999923706055,52.880001068115234,53.0,42.92333984375,23727300
2020-06-18,52.66999816894531,53.650001525878906,52.029998779296875,53.040000915527344,42.95574188232422,22280600
2020-06-19,54.060001373291016,54.09000015258789,51.560001373291016,52.91999816894531,42.85855484008789,50379300
2020-06-22,51.849998474121094,52.56999969482422,51.52000045776367,52.060001373291016,42.16206741333008,22642100
2020-06-23,52.95000076293945,53.72999954223633,52.5,52.95000076293945,42.88284683227539,22092600
2020-06-24,51.66999816894531,51.84000015258789,50.15999984741211,50.810001373291016,41.14971923828125,27207700
2020-06-25,50.29999923706055,52.790000915527344,50.130001068115234,52.68000030517578,42.6641845703125,28112400
2020-06-26,52.34000015258789,52.34000015258789,49.470001220703125,49.58000183105469,40.153568267822266,35426200
2020-06-29,50.279998779296875,50.91999816894531,49.61000061035156,50.290000915527344,40.72858810424805,22578600
2020-06-30,49.810001373291016,51.54999923706055,49.650001525878906,51.099998474121094,41.384578704833984,23360400
2020-07-01,51.7599983215332,52.0,50.150001525878906,50.349998474121094,40.77717208862305,19206900
2020-07-02,52.119998931884766,52.459999084472656,50.279998779296875,50.54999923706055,40.939151763916016,22042700
2020-07-06,51.869998931884766,52.560001373291016,51.189998626708984,51.970001220703125,42.089168548583984,22613100
2020-07-07,51.25,51.36000061035156,50.09000015258789,50.31999969482422,40.75288772583008,21235300
2020-07-08,50.20000076293945,51.06999969482422,49.939998626708984,50.880001068115234,41.2064094543457,19115300
2020-07-09,50.72999954223633,51.08000183105469,49.029998779296875,49.45000076293945,40.04829025268555,24263900
2020-07-10,49.45000076293945,52.689998626708984,49.45000076293945,52.650001525878906,42.639888763427734,28027800
2020-07-13,53.33000183105469,53.599998474121094,51.86000061035156,52.20000076293945,42.27544021606445,27151800
2020-07-14,51.290000915527344,52.08000183105469,50.0099983215332,50.150001525878906,40.615196228027344,35814400
2020-07-15,51.900001525878906,52.11000061035156,50.68000030517578,51.84000015258789,41.98389434814453,27676300
2020-07-16,51.279998779296875,52.459999084472656,50.939998626708984,51.459999084472656,41.67613983154297,18824000
2020-07-17,51.220001220703125,51.47999954223633,50.20000076293945,50.220001220703125,40.67190170288086,19747400
2020-07-20,49.9900016784668,50.58000183105469,49.75,50.13999938964844,40.60710144042969,23472600
2020-07-21,50.900001525878906,51.81999969482422,50.66999816894531,51.72999954223633,41.89480209350586,21943200
2020-07-22,51.540000915527344,52.279998779296875,51.150001525878906,51.65999984741211,41.83811569213867,17873400
2020-07-23,51.45000076293945,52.22999954223633,51.130001068115234,52.08000183105469,42.178260803222656,17090400
2020-07-24,52.099998474121094,52.47999954223633,51.5,51.66999816894531,41.84621810913086,16258900
2020-07-27,51.459999084472656,51.459999084472656,50.61000061035156,51.290000915527344,41.5384521484375,13991400
2020-07-28,51.02000045776367,51.65999984741211,50.970001220703125,51.27000045776367,41.52226638793945,13121400
2020-07-29,51.16999816894531,52.59000015258789,50.9900016784668,52.52000045776367,42.53459930419922,16991000
2020-07-30,51.11000061035156,51.20000076293945,49.86000061035156,50.869998931884766,41.19830322265625,24154600
2020-07-31,50.2599983215332,50.310001373291016,49.369998931884766,50.0099983215332,40.91197967529297,22485800
2020-08-03,50.560001373291016,50.849998474121094,49.689998626708984,50.38999938964844,41.22285461425781,15856600
2020-08-04,50.22999954223633,50.31999969482422,49.849998474121094,50.13999938964844,41.018333435058594,16230800
2020-08-05,50.5,51.310001373291016,50.470001220703125,51.040000915527344,41.75461196899414,16412400
2020-08-06,50.75,51.290000915527344,50.58000183105469,50.88999938964844,41.63188934326172,11025000
2020-08-07,50.52000045776367,52.22999954223633,50.130001068115234,52.119998931884766,42.63812255859375,21499100
2020-08-10,52.290000915527344,53.209999084472656,52.25,52.86000061035156,43.243507385253906,16850400
2020-08-11,54.45000076293945,55.029998779296875,53.540000915527344,53.7599983215332,43.979774475097656,25256500
2020-08-12,54.939998626708984,55.02000045776367,52.75,53.349998474121094,43.64435958862305,19337900
2020-08-13,52.83000183105469,53.47999954223633,52.56999969482422,52.88999938964844,43.268043518066406,13815300
2020-08-14,52.45000076293945,53.349998474121094,52.36000061035156,52.93000030517578,43.30076217651367,13861300
2020-08-17,52.630001068115234,52.81999969482422,51.349998474121094,51.41999816894531,42.06547164916992,19788700
2020-08-18,51.52000045776367,51.529998779296875,50.279998779296875,50.34000015258789,41.181949615478516,17100800
2020-08-19,50.68000030517578,51.33000183105469,50.0,50.290000915527344,41.141048431396484,20837300
2020-08-20,49.529998779296875,50.02000045776367,49.22999954223633,49.58000183105469,40.560203552246094,15920900
2020-08-21,49.45000076293945,50.08000183105469,49.15999984741211,49.29999923706055,40.33115005493164,17416000
2020-08-24,49.900001525878906,51.130001068115234,49.45000076293945,51.060001373291016,41.770965576171875,19745100
2020-08-25,51.849998474121094,52.5099983215332,50.970001220703125,51.650001525878906,42.253631591796875,17244800
2020-08-26,51.65999984741211,51.790000915527344,50.81999969482422,50.849998474121094,41.59917068481445,14541600
2020-08-27,50.720001220703125,52.209999084472656,50.650001525878906,51.720001220703125,42.3109016418457,19393500
2020-08-28,52.06999969482422,52.369998931884766,51.529998779296875,52.279998779296875,42.76901626586914,16990300
2020-08-31,51.90999984741211,52.040000915527344,51.099998474121094,51.119998931884766,41.820045471191406,16280100
2020-09-01,50.880001068115234,51.56999969482422,50.540000915527344,51.20000076293945,41.8854866027832,16903400
2020-09-02,51.040000915527344,52.13999938964844,50.65999984741211,51.95000076293945,42.499046325683594,15348600
2020-09-03,52.439998626708984,53.63999938964844,51.22999954223633,51.5,42.13092041015625,25003200
2020-09-04,52.470001220703125,53.36000061035156,51.439998626708984,52.52000045776367,42.96535110473633,25124000
2020-09-08,51.91999816894531,52.09000015258789,50.65999984741211,51.040000915527344,41.75461196899414,28128600
2020-09-09,51.20000076293945,51.59000015258789,50.619998931884766,51.400001525878906,42.049110412597656,19193900
2020-09-10,51.720001220703125,52.5,50.70000076293945,50.95000076293945,41.68097686767578,22324400
2020-09-11,50.88999938964844,51.689998626708984,50.79999923706055,51.0,41.72187805175781,21033200
2020-09-14,51.4900016784668,52.08000183105469,47.900001525878906,48.150001525878906,39.390357971191406,58798300
2020-09-15,48.119998931884766,48.38999938964844,44.66999816894531,44.810001373291016,36.65798568725586,84689700
2020-09-16,45.209999084472656,46.7599983215332,44.619998931884766,46.02000045776367,37.64786911010742,45484600
2020-09-17,45.459999084472656,45.83000183105469,45.0099983215332,45.529998779296875,37.24700164794922,28741600
2020-09-18,45.52000045776367,45.959999084472656,44.7599983215332,44.86000061035156,36.69889831542969,33201700
2020-09-21,43.40999984741211,44.15999984741211,43.06999969482422,43.93000030517578,35.93808364868164,33469700
2020-09-22,43.790000915527344,44.130001068115234,43.08000183105469,43.290000915527344,35.41450500488281,25799200
2020-09-23,43.61000061035156,43.95000076293945,41.790000915527344,41.849998474121094,34.236480712890625,28780200
2020-09-24,41.849998474121094,42.599998474121094,41.290000915527344,42.189998626708984,34.51462936401367,31259200
2020-09-25,41.84000015258789,42.130001068115234,41.52000045776367,42.02000045776367,34.37555694580078,26917200
2020-09-28,42.91999816894531,43.880001068115234,42.88999938964844,43.34000015258789,35.45541763305664,21204600
2020-09-29,43.099998474121094,43.290000915527344,42.02000045776367,42.41999816894531,34.702789306640625,20694300
2020-09-30,42.58000183105469,43.59000015258789,42.5,43.11000061035156,35.26725769042969,22533400
2020-10-01,43.33000183105469,43.650001525878906,42.599998474121094,43.439998626708984,35.537227630615234,21900500
2020-10-02,42.540000915527344,43.869998931884766,42.52000045776367,43.65999984741211,35.717193603515625,23899200
2020-10-05,44.2599983215332,45.22999954223633,44.209999084472656,44.90999984741211,36.73979187011719,24170600
2020-10-06,45.47999954223633,46.060001373291016,44.15999984741211,44.40999984741211,36.33076095581055,29505900
2020-10-07,45.02000045776367,45.630001068115234,44.61000061035156,44.84000015258789,36.68252944946289,22135800
2020-10-08,44.90999984741211,45.16999816894531,44.279998779296875,44.720001220703125,36.5843620300293,28630700
2020-10-09,45.0099983215332,45.59000015258789,44.689998626708984,44.93000030517578,36.756160736083984,25595600
2020-10-12,45.09000015258789,45.9900016784668,44.95000076293945,45.880001068115234,37.533329010009766,24070200
2020-10-13,46.119998931884766,46.119998931884766,43.54999923706055,43.68000030517578,35.73357009887695,49899100
2020-10-14,43.52000045776367,44.2400016784668,43.0,43.029998779296875,35.20181655883789,30260500
2020-10-15,42.540000915527344,43.63999938964844,42.25,43.61000061035156,35.676292419433594,26408000
2020-10-16,43.68000030517578,43.880001068115234,43.08000183105469,43.189998626708984,35.33271026611328,25998000
2020-10-19,43.349998474121094,43.38999938964844,42.810001373291016,42.900001525878906,35.095458984375,22793600
2020-10-20,43.369998931884766,44.08000183105469,43.34000015258789,43.52000045776367,35.60267639160156,21255900
2020-10-21,43.459999084472656,43.72999954223633,42.900001525878906,43.0099983215332,35.18545150756836,19816300
2020-10-22,42.88999938964844,43.9900016784668,42.65999984741211,43.95000076293945,35.954444885253906,21341200
2020-10-23,44.209999084472656,44.56999969482422,43.66999816894531,43.95000076293945,35.954444885253906,18486500
2020-10-26,43.36000061035156,43.400001525878906,42.810001373291016,43.2599983215332,35.38996887207031,24928100
2020-10-27,43.040000915527344,43.040000915527344,41.869998931884766,41.880001068115234,34.261024475097656,24251700
2020-10-28,40.970001220703125,41.59000015258789,40.7400016784668,41.130001068115234,33.64748001098633,27485000
2020-10-29,41.130001068115234,42.150001525878906,40.709999084472656,41.65999984741211,34.08104705810547,23351000
2020-10-30,41.029998779296875,41.540000915527344,40.4900016784668,41.41999816894531,34.30466842651367,26962800
2020-11-02,41.86000061035156,42.66999816894531,41.20000076293945,42.209999084472656,34.95895767211914,24310800
2020-11-03,43.29999923706055,44.02000045776367,43.060001373291016,43.529998779296875,36.05220031738281,29985200
2020-11-04,42.529998779296875,43.40999984741211,41.900001525878906,42.08000183105469,34.851295471191406,25956400
2020-11-05,42.34000015258789,43.58000183105469,42.18000030517578,43.06999969482422,35.671226501464844,24945100
2020-11-06,43.5099983215332,43.61000061035156,42.5,42.709999084472656,35.37306213378906,17705200
2020-11-09,46.869998931884766,48.779998779296875,46.2599983215332,47.63999938964844,39.4561653137207,56895200
2020-11-10,48.310001373291016,48.75,47.45000076293945,47.650001525878906,39.464447021484375,33275800
2020-11-11,47.900001525878906,49.290000915527344,47.68000030517578,48.93000030517578,40.52456283569336,29719600
2020-11-12,47.970001220703125,48.40999984741211,47.709999084472656,48.279998779296875,39.98621368408203,28457400
2020-11-13,48.650001525878906,49.06999969482422,48.400001525878906,48.65999984741211,40.300941467285156,18632500
2020-11-16,50.40999984741211,51.02000045776367,49.86000061035156,50.400001525878906,41.74204635620117,26699400
2020-11-17,49.84000015258789,50.93000030517578,49.47999954223633,50.72999954223633,42.015350341796875,18970000
2020-11-18,51.09000015258789,52.650001525878906,51.0099983215332,51.04999923706055,42.28037643432617,25824000
2020-11-19,51.599998474121094,52.31999969482422,50.95000076293945,52.13999938964844,43.183135986328125,20262400
2020-11-20,51.83000183105469,52.11000061035156,51.189998626708984,51.650001525878906,42.777305603027344,15471100
2020-11-23,52.5099983215332,53.630001068115234,52.290000915527344,53.29999923706055,44.143856048583984,28923200
2020-11-24,54.47999954223633,57.13999938964844,54.47999954223633,57.060001373291016,47.25794982910156,32890900
2020-11-25,56.27000045776367,57.15999984741211,55.33000183105469,57.060001373291016,47.25794982910156,28250500
2020-11-27,57.0,57.2400016784668,56.119998931884766,56.66999816894531,46.93495178222656,14267100
2020-11-30,56.13999938964844,56.540000915527344,55.0,55.06999969482422,45.60980987548828,23359300
2020-12-01,56.54999923706055,56.7400016784668,55.400001525878906,55.470001220703125,45.94108963012695,23497900
2020-12-02,55.36000061035156,57.41999816894531,55.25,57.20000076293945,47.37389373779297,26796800
2020-12-03,57.380001068115234,57.45000076293945,56.20000076293945,56.58000183105469,46.86040496826172,18776100
2020-12-04,57.560001373291016,58.81999969482422,57.310001373291016,58.619998931884766,48.54996109008789,24696000
2020-12-07,58.150001525878906,58.61000061035156,57.279998779296875,58.130001068115234,48.14413833618164,21280900
2020-12-08,57.47999954223633,58.400001525878906,57.36000061035156,58.36000061035156,48.334625244140625,15511700
2020-12-09,59.15999984741211,59.54999923706055,58.29999923706055,58.95000076293945,48.823280334472656,27278200
2020-12-10,58.040000915527344,60.790000915527344,58.0099983215332,60.5,50.10700988769531,25866600
2020-12-11,59.79999923706055,59.810001373291016,58.18000030517578,58.93000030517578,48.806724548339844,20960000
2020-12-14,60.0,60.2599983215332,58.72999954223633,58.7400016784668,48.649356842041016,19688300
2020-12-15,58.7400016784668,59.86000061035156,58.56999969482422,59.66999816894531,49.41959762573242,16044400
2020-12-16,60.06999969482422,60.13999938964844,59.36000061035156,59.75,49.48585891723633,14988300
2020-12-17,60.0,60.290000915527344,59.56999969482422,60.04999923706055,49.73431396484375,18229900
2020-12-18,60.29999923706055,60.29999923706055,58.709999084472656,59.060001373291016,48.91438293457031,28712700
2020-12-21,60.349998474121094,61.81999969482422,59.810001373291016,61.22999954223633,50.71161651611328,31906100
2020-12-22,61.099998474121094,61.13999938964844,59.15999984741211,59.2599983215332,49.080020904541016,17851600
2020-12-23,60.0,61.310001373291016,59.790000915527344,60.779998779296875,50.33891296386719,16579100
2020-12-24,60.93000030517578,61.09000015258789,59.880001068115234,60.56999969482422,50.16499328613281,6824400
2020-12-28,60.619998931884766,61.93000030517578,60.4900016784668,61.130001068115234,50.6287841796875,14414600
2020-12-29,61.150001525878906,61.400001525878906,60.54999923706055,60.90999984741211,50.44657516479492,10800400
2020-12-30,60.90999984741211,61.27000045776367,60.66999816894531,60.86000061035156,50.405174255371094,10770700
2020-12-31,60.66999816894531,61.849998474121094,60.529998779296875,61.65999984741211,51.067745208740234,12500700
2021-01-04,61.59000015258789,61.709999084472656,59.72999954223633,60.13999938964844,49.80885696411133,21286200
2021-01-05,60.349998474121094,62.0,60.02000045776367,61.70000076293945,51.100868225097656,20213100
2021-01-06,64.48999786376953,66.5999984741211,63.95000076293945,65.25,54.041038513183594,38106600
2021-01-07,67.06999969482422,68.0999984741211,66.01000213623047,66.0199966430664,54.67874526977539,24161000
2021-01-08,66.20999908447266,66.20999908447266,64.33999633789062,65.37000274658203,54.14042663574219,20747800
2021-01-11,64.58000183105469,66.62000274658203,64.33000183105469,66.44000244140625,55.026611328125,20454000
2021-01-12,67.48999786376953,67.73999786376953,66.23999786376953,66.66999816894531,55.21710205078125,20162800
2021-01-13,67.0,67.22000122070312,65.98999786376953,66.86000061035156,55.37445831298828,18541900
2021-01-14,67.5199966430664,69.43000030517578,67.16999816894531,69.01000213623047,57.15511703491211,29108900
2021-01-15,67.37000274658203,67.6500015258789,64.08999633789062,64.2300033569336,53.196258544921875,38295300
2021-01-19,65.19999694824219,65.25,62.90999984741211,63.689998626708984,52.74901580810547,27022400
2021-01-20,63.75,63.81999969482422,62.84000015258789,63.25,52.38460159301758,17448900
2021-01-21,63.209999084472656,63.34000015258789,61.7400016784668,61.869998931884766,51.24166488647461,19394600
2021-01-22,60.939998626708984,61.83000183105469,60.189998626708984,61.33000183105469,50.794437408447266,24740400
2021-01-25,60.66999816894531,60.77000045776367,59.16999816894531,60.560001373291016,50.156707763671875,25754100
2021-01-26,61.20000076293945,61.2400016784668,60.09000015258789,60.90999984741211,50.44657516479492,18760900
2021-01-27,59.900001525878906,60.0,58.529998779296875,59.400001525878906,49.19597244262695,24657200
2021-01-28,60.150001525878906,61.060001373291016,59.630001068115234,60.34000015258789,49.9744987487793,19986200
2021-01-29,59.959999084472656,60.20000076293945,57.689998626708984,57.9900016784668,48.437591552734375,27078300
2021-02-01,58.65999984741211,58.66999816894531,57.400001525878906,58.43000030517578,48.80512237548828,16073000
2021-02-02,59.599998474121094,60.25,59.29999923706055,59.58000183105469,49.76567459106445,18693400
2021-02-03,59.40999984741211,61.150001525878906,59.31999969482422,61.099998474121094,51.0352897644043,18730600
2021-02-04,61.56999969482422,62.630001068115234,61.41999816894531,62.40999984741211,52.12950897216797,16612900
2021-02-05,62.9900016784668,63.08000183105469,62.06999969482422,62.58000183105469,52.271514892578125,13493800
2021-02-08,63.09000015258789,63.709999084472656,62.849998474121094,63.650001525878906,53.165252685546875,15055400
2021-02-09,63.70000076293945,63.869998931884766,62.52000045776367,63.119998931884766,52.722557067871094,12336900
2021-02-10,63.47999954223633,63.9900016784668,62.97999954223633,63.619998931884766,53.14018249511719,12680700
2021-02-11,63.599998474121094,63.869998931884766,61.93000030517578,63.20000076293945,52.78937530517578,12108300
2021-02-12,62.91999816894531,64.0199966430664,62.88999938964844,63.630001068115234,53.1485481262207,12174600
2021-02-16,64.91999816894531,65.06999969482422,63.84000015258789,64.12000274658203,53.557830810546875,19065400
2021-02-17,63.79999923706055,64.91000366210938,63.45000076293945,64.76000213623047,54.0924072265625,20279600
2021-02-18,64.30000305175781,64.55000305175781,63.09000015258789,63.47999954223633,53.02324676513672,14833200
2021-02-19,64.16000366210938,65.98999786376953,64.05000305175781,65.77999877929688,54.94438552856445,20456200
2021-02-22,65.4000015258789,66.9000015258789,65.29000091552734,65.5199966430664,54.72719955444336,23120700
2021-02-23,65.58999633789062,66.91999816894531,64.86000061035156,66.73999786376953,55.746238708496094,26712100
2021-02-24,67.16999816894531,68.68000030517578,67.0,68.5999984741211,57.29986572265625,20752900
2021-02-25,69.04000091552734,69.37999725341797,66.88999938964844,67.41000366210938,56.305877685546875,25206100
2021-02-26,66.77999877929688,67.5999984741211,65.54000091552734,65.87999725341797,55.02790451049805,24182200
2021-03-01,68.48999786376953,69.98999786376953,67.9800033569336,69.54000091552734,58.085025787353516,28054600
2021-03-02,69.19000244140625,69.98999786376953,68.8499984741211,68.91000366210938,57.558799743652344,19200600
2021-03-03,69.48999786376953,71.48999786376953,69.30000305175781,70.37999725341797,58.78664779663086,25157600
2021-03-04,70.18000030517578,71.77999877929688,67.88999938964844,69.80999755859375,58.310546875,28518400
2021-03-05,70.83999633789062,71.2699966430664,68.44000244140625,70.2300033569336,58.66135787963867,25406800
2021-03-08,71.06999969482422,72.83999633789062,70.86000061035156,72.22000122070312,60.32354736328125,27351100
2021-03-09,70.91000366210938,72.48999786376953,70.04000091552734,70.98999786376953,59.29616928100586,24194900
2021-03-10,71.29000091552734,73.87999725341797,71.19999694824219,73.75,61.60152053833008,21331100
2021-03-11,73.4800033569336,74.27999877929688,72.55000305175781,73.30999755859375,61.23398971557617,17499200
2021-03-12,74.41999816894531,75.25,74.0999984741211,75.18000030517578,62.79594802856445,17210600
2021-03-15,75.51000213623047,75.58999633789062,73.27999877929688,74.22000122070312,61.994110107421875,18918100
2021-03-16,73.5199966430664,73.62999725341797,72.31999969482422,73.33000183105469,61.250701904296875,15834800
2021-03-17,73.93000030517578,74.33999633789062,72.73999786376953,73.5999984741211,61.47623062133789,19337500
2021-03-18,74.43000030517578,76.12999725341797,73.44999694824219,73.83999633789062,61.67669677734375,23857900
2021-03-19,73.19999694824219,73.58000183105469,71.5199966430664,73.01000213623047,60.98341369628906,24079400
2021-03-22,72.29000091552734,72.5999984741211,71.63999938964844,71.95999908447266,60.106380462646484,15040000
2021-03-23,71.30000305175781,72.63999938964844,70.51000213623047,70.91000366210938,59.22935104370117,16238700
2021-03-24,71.69000244140625,72.4800033569336,70.05999755859375,70.08000183105469,58.536075592041016,17089600
2021-03-25,69.83000183105469,71.91999816894531,69.1500015258789,71.72000122070312,59.90591812133789,18357300
2021-03-26,72.56999969482422,73.23999786376953,72.0,73.0199966430664,60.99177551269531,15716600
2021-03-29,71.55000305175781,72.1500015258789,70.37000274658203,71.58000183105469,59.78898620605469,17822300
2021-03-30,72.0,73.22000122070312,72.0,72.95999908447266,60.94165802001953,15615900
2021-03-31,72.70999908447266,73.83000183105469,72.45999908447266,72.75,60.76624298095703,15224800
2021-04-01,72.22000122070312,73.29000091552734,72.22000122070312,73.13999938964844,61.092002868652344,15251300
2021-04-05,74.06999969482422,74.33999633789062,72.44000244140625,72.75,60.76624298095703,16128400
2021-04-06,72.36000061035156,73.06999969482422,72.05000305175781,72.5999984741211,60.640953063964844,12908400
2021-04-07,72.91999816894531,73.12000274658203,71.94999694824219,72.69000244140625,60.716129302978516,14081400
2021-04-08,72.1500015258789,72.52999877929688,71.08000183105469,72.33000183105469,60.41543197631836,13677100
2021-04-09,72.80999755859375,73.01000213623047,72.01000213623047,72.41999816894531,60.49061965942383,14586400
2021-04-12,72.62000274658203,72.80000305175781,72.13999938964844,72.69000244140625,60.716129302978516,12002400
2021-04-13,72.30000305175781,72.41999816894531,71.06999969482422,72.05999755859375,60.189903259277344,16150000
2021-04-14,71.73999786376953,73.29000091552734,71.37999725341797,72.91000366210938,60.89988708496094,19476600
2021-04-15,74.44999694824219,74.7300033569336,71.76000213623047,72.54000091552734,60.59083557128906,31333400
2021-04-16,73.31999969482422,73.56999969482422,71.69000244140625,72.44999694824219,60.51568603515625,28478400
2021-04-19,72.70999908447266,72.83000183105469,71.94999694824219,72.12999725341797,60.24837875366211,19964800
2021-04-20,71.55000305175781,71.55000305175781,69.2699966430664,69.79000091552734,58.29384994506836,22013000
2021-04-21,69.12999725341797,70.70999908447266,68.41000366210938,70.6500015258789,59.01216506958008,16334800
2021-04-22,70.43000030517578,70.75,69.66999816894531,69.80999755859375,58.310546875,16037600
2021-04-23,69.83999633789062,71.54000091552734,69.51000213623047,71.37999725341797,59.62192153930664,18876100
2021-04-26,71.7300033569336,72.80999755859375,71.61000061035156,72.19999694824219,60.30685043334961,13098600
2021-04-27,72.5,73.0999984741211,72.36000061035156,72.98999786376953,60.966705322265625,13357500
2021-04-28,73.37000274658203,73.63999938964844,72.7300033569336,72.91000366210938,60.89988708496094,14420400
2021-04-29,73.76000213623047,74.0199966430664,72.87999725341797,73.83999633789062,61.67669677734375,20628400
2021-04-30,72.69000244140625,72.73999786376953,71.08999633789062,71.23999786376953,59.918827056884766,23669300
2021-05-03,72.0199966430664,72.44000244140625,71.38999938964844,71.70999908447266,60.31414794921875,16026100
2021-05-04,71.23999786376953,72.4000015258789,70.62999725341797,72.33000183105469,60.83561325073242,23071400
2021-05-05,72.61000061035156,73.80999755859375,71.77999877929688,73.70999908447266,61.99631881713867,19427200
2021-05-06,73.63999938964844,74.94000244140625,73.41999816894531,74.77999877929688,62.89627456665039,19621800
2021-05-07,73.43000030517578,75.11000061035156,73.22000122070312,75.08000183105469,63.148597717285156,16937400
2021-05-10,75.36000061035156,76.83999633789062,75.11000061035156,75.12999725341797,63.19064712524414,19628200
2021-05-11,74.5,75.56999969482422,73.91000366210938,74.87000274658203,62.97197341918945,21534800
2021-05-12,75.94000244140625,76.4000015258789,73.9000015258789,74.2300033569336,62.43366241455078,19791300
2021-05-13,73.87999725341797,75.87999725341797,73.80000305175781,75.29000091552734,63.325225830078125,18622300
2021-05-14,75.68000030517578,76.7699966430664,75.66000366210938,76.55999755859375,64.39339447021484,14122700
2021-05-17,76.33000183105469,77.47000122070312,76.0999984741211,77.41999816894531,65.11673736572266,14676300
2021-05-18,77.37999725341797,77.69000244140625,76.56999969482422,76.62000274658203,64.44385528564453,13729600
2021-05-19,75.62000274658203,76.6500015258789,74.72000122070312,76.45999908447266,64.30928802490234,23283600
2021-05-20,76.16999816894531,76.63999938964844,75.36000061035156,76.19999694824219,64.09061431884766,15244300
2021-05-21,76.5,77.80999755859375,76.41000366210938,77.6500015258789,65.31017303466797,18544500
2021-05-24,77.83000183105469,78.36000061035156,77.47000122070312,78.02999877929688,65.6297836303711,16750200
2021-05-25,78.19999694824219,79.27999877929688,77.19000244140625,77.27999877929688,64.99897766113281,20015800
2021-05-26,77.20999908447266,77.9000015258789,76.68000030517578,77.5199966430664,65.20084381103516,15243400
2021-05-27,78.5199966430664,79.11000061035156,77.94999694824219,78.76000213623047,66.24378204345703,17467000
2021-05-28,78.66000366210938,78.97000122070312,77.91000366210938,78.70999908447266,66.20171356201172,14392800
2021-06-01,79.48999786376953,80.08999633789062,79.33999633789062,79.76000213623047,67.08486938476562,15450500
2021-06-02,80.0999984741211,80.29000091552734,79.37999725341797,79.86000061035156,67.16897583007812,15285600
2021-06-03,79.70999908447266,80.29000091552734,79.41999816894531,79.62999725341797,66.97553253173828,22255800
2021-06-04,79.69000244140625,79.87000274658203,78.80999755859375,79.48999786376953,66.85777282714844,13807000
2021-06-07,79.62000274658203,79.6500015258789,79.0199966430664,79.30999755859375,66.70638275146484,12670100
2021-06-08,78.30000305175781,79.41999816894531,77.70999908447266,79.08000183105469,66.51293182373047,15399100
2021-06-09,78.66999816894531,78.77999877929688,77.76000213623047,78.13999938964844,65.7223129272461,13778400
2021-06-10,79.04000091552734,79.29000091552734,76.83000183105469,76.88999938964844,64.67096710205078,15277400
2021-06-11,77.0,77.19000244140625,76.0999984741211,76.4800033569336,64.32613372802734,18043500
2021-06-14,76.61000061035156,76.7699966430664,74.66999816894531,75.16000366210938,63.215885162353516,18304400
2021-06-15,75.05000305175781,75.33999633789062,73.25,73.81999969482422,62.08883285522461,25191700
2021-06-16,72.75,73.0,70.1500015258789,71.45999908447266,60.10386657714844,53319800
2021-06-17,72.58000183105469,72.61000061035156,68.16000366210938,68.86000061035156,57.917049407958984,48523000
2021-06-18,68.4800033569336,68.75,67.12999725341797,67.61000061035156,56.86568832397461,44582900
2021-06-21,68.44000244140625,69.08999633789062,67.87999725341797,68.44999694824219,57.572208404541016,30266600
2021-06-22,68.9000015258789,69.41000366210938,67.7699966430664,68.95999908447266,58.00117111206055,21564600
2021-06-23,69.36000061035156,70.05000305175781,69.08000183105469,69.6500015258789,58.581512451171875,19672700
2021-06-24,70.33000183105469,71.66999816894531,69.94999694824219,71.31999969482422,59.986122131347656,23900400
2021-06-25,71.44999694824219,71.8499984741211,69.86000061035156,71.55000305175781,60.179561614990234,26727400
2021-06-28,71.31999969482422,71.66999816894531,70.45999908447266,71.51000213623047,60.145931243896484,17660900
2021-06-29,70.13999938964844,71.5999984741211,69.58000183105469,69.68000030517578,58.60675048828125,28696900
2021-06-30,69.68000030517578,70.80999755859375,69.41999816894531,70.75,59.5067024230957,18502300
2021-07-01,71.08000183105469,71.20999908447266,70.44999694824219,71.01000213623047,59.72538757324219,12584800
2021-07-02,71.01000213623047,71.12000274658203,70.11000061035156,70.41000366210938,59.220733642578125,13222700
2021-07-06,70.11000061035156,70.19000244140625,67.86000061035156,68.20999908447266,57.37034606933594,24672200
2021-07-07,67.70999908447266,68.37000274658203,67.26000213623047,67.93000030517578,57.13483810424805,19342700
2021-07-08,66.4000015258789,67.13999938964844,65.75,66.7300033569336,56.12554931640625,24763600
2021-07-09,68.11000061035156,68.5199966430664,67.63999938964844,68.44999694824219,57.572208404541016,18872600
2021-07-12,67.66999816894531,69.58999633789062,67.30000305175781,69.44000244140625,58.404884338378906,19600600
2021-07-13,69.08000183105469,69.4800033569336,68.0199966430664,68.37000274658203,57.50493240356445,18962400
2021-07-14,69.98999786376953,70.77999877929688,67.44999694824219,68.16999816894531,57.33670425415039,36287800
2021-07-15,67.54000091552734,69.04000091552734,67.44000244140625,68.44999694824219,57.572208404541016,18897200
2021-07-16,68.70999908447266,68.76000213623047,66.41999816894531,66.9000015258789,56.268524169921875,19289000
2021-07-19,65.45999908447266,66.06999969482422,64.36000061035156,65.08000183105469,54.73775863647461,33318600
2021-07-20,65.18000030517578,66.77999877929688,64.77999877929688,66.29000091552734,55.755462646484375,20577900
2021-07-21,67.01000213623047,68.25,66.93000030517578,67.88999938964844,57.1012077331543,23393200
2021-07-22,67.75,67.79000091552734,66.41000366210938,66.93000030517578,56.293766021728516,16524900
2021-07-23,67.5,67.76000213623047,66.5199966430664,66.70999908447266,56.10872268676758,13443300
2021-07-26,66.45999908447266,67.83999633789062,66.45999908447266,67.7699966430664,57.000267028808594,16434000
2021-07-27,67.08000183105469,68.4000015258789,66.77999877929688,67.9800033569336,57.176902770996094,17127700
2021-07-28,68.31999969482422,68.61000061035156,67.48999786376953,68.0999984741211,57.27781677246094,20275900
2021-07-29,68.70999908447266,69.58000183105469,68.41000366210938,68.80999755859375,57.87499237060547,22261700
2021-07-30,67.91999816894531,68.5199966430664,67.23999786376953,67.62000274658203,57.29878616333008,18078200
2021-08-02,67.94999694824219,69.12000274658203,67.63999938964844,67.7300033569336,57.391990661621094,16616700
2021-08-03,68.25,69.08999633789062,66.88999938964844,68.87999725341797,58.366451263427734,21041500
2021-08-04,68.12000274658203,69.25,67.93000030517578,68.5199966430664,58.0614013671875,14416300
2021-08-05,68.83000183105469,69.7699966430664,68.7699966430664,69.69000244140625,59.05283737182617,14361600
2021-08-06,70.77999877929688,71.5,70.58000183105469,71.06999969482422,60.222190856933594,23915400
2021-08-09,70.94000244140625,72.0,70.45999908447266,71.5199966430664,60.60348892211914,15619800
2021-08-10,71.62000274658203,73.33999633789062,71.37999725341797,72.9800033569336,61.840667724609375,17920100
2021-08-11,73.30000305175781,74.33999633789062,72.93000030517578,74.30000305175781,62.95920181274414,18676100
2021-08-12,74.33000183105469,74.63999938964844,73.62999725341797,74.12999725341797,62.81513977050781,14181400
2021-08-13,74.19999694824219,74.62000274658203,72.91999816894531,73.11000061035156,61.950809478759766,13362800
2021-08-16,72.41000366210938,72.48999786376953,70.98999786376953,72.0999984741211,61.094974517822266,15532800
2021-08-17,71.33999633789062,72.36000061035156,70.68000030517578,71.62000274658203,60.68825149536133,14623000
2021-08-18,71.19999694824219,72.26000213623047,70.87999725341797,71.12000274658203,60.26457214355469,13970600
2021-08-19,70.54000091552734,70.73999786376953,69.43000030517578,69.83999633789062,59.17993927001953,21047300
2021-08-20,69.70999908447266,70.30000305175781,69.20999908447266,70.25,59.52735900878906,14028800
2021-08-23,70.76000213623047,71.26000213623047,70.55999755859375,70.88999938964844,60.069671630859375,13079500
2021-08-24,71.13999938964844,72.19000244140625,71.02999877929688,72.04000091552734,61.04413986206055,12669300
2021-08-25,72.80000305175781,73.9000015258789,72.04000091552734,73.18000030517578,62.01013946533203,17766600
2021-08-26,73.47000122070312,73.9000015258789,72.27999877929688,72.44000244140625,61.38309097290039,14135600
2021-08-27,72.58000183105469,73.37000274658203,72.30000305175781,72.98999786376953,61.84914016723633,13669400
2021-08-30,73.0,73.01000213623047,71.22000122070312,71.66999816894531,60.73062515258789,12687400
2021-08-31,71.75,72.5,71.33000183105469,71.91000366210938,60.933982849121094,17285900
2021-09-01,72.36000061035156,72.36000061035156,71.20999908447266,71.30999755859375,60.42555236816406,15114800
2021-09-02,71.36000061035156,71.97000122070312,70.91999816894531,71.5,60.586570739746094,13533400
2021-09-03,71.62000274658203,71.7300033569336,70.6500015258789,71.16999816894531,60.306922912597656,13683300
2021-09-07,71.36000061035156,72.27999877929688,70.70999908447266,70.81999969482422,60.01036071777344,14663600
2021-09-08,70.87000274658203,71.22000122070312,69.87999725341797,70.04000091552734,59.34941864013672,14861800
2021-09-09,69.97000122070312,71.0999984741211,69.91000366210938,70.45999908447266,59.705299377441406,14212900
2021-09-10,70.93000030517578,70.98999786376953,69.5199966430664,69.56999969482422,58.95115280151367,15422800
2021-09-13,70.12000274658203,70.66000366210938,69.76000213623047,70.5199966430664,59.75614547729492,16337300
2021-09-14,70.83999633789062,71.37999725341797,68.5199966430664,68.77999877929688,58.28172302246094,26568900
2021-09-15,68.81999969482422,70.87000274658203,68.62000274658203,70.44999694824219,59.69681930541992,22392100
2021-09-16,71.02999877929688,71.18000030517578,69.98999786376953,70.0,59.31551742553711,19245400
2021-09-17,69.7699966430664,70.58000183105469,69.66000366210938,69.95999908447266,59.28160858154297,30768300
2021-09-20,68.05000305175781,68.16999816894531,65.97000122070312,67.30000305175781,57.02763748168945,36955400
2021-09-21,67.6500015258789,67.73999786376953,66.5199966430664,66.94000244140625,56.72259521484375,21169900
2021-09-22,67.88999938964844,69.16999816894531,67.79000091552734,68.23999786376953,57.82416915893555,21160200
2021-09-23,69.20999908447266,71.38999938964844,69.0,70.87999725341797,60.06119918823242,21451500
2021-09-24,70.70999908447266,71.58000183105469,70.70999908447266,71.18000030517578,60.31538772583008,15788400
2021-09-27,71.8499984741211,72.61000061035156,71.75,72.26000213623047,61.230552673339844,19857500
2021-09-28,72.47000122070312,73.27999877929688,71.23999786376953,71.37000274658203,60.476409912109375,20835000
2021-09-29,71.69000244140625,71.81999969482422,70.9800033569336,71.52999877929688,60.61197280883789,13683900
2021-09-30,71.62999725341797,71.69999694824219,69.94999694824219,70.18000030517578,59.46803665161133,22090900
2021-10-01,70.44000244140625,71.68000030517578,70.08999633789062,71.18000030517578,60.31538772583008,23701900
2021-10-04,71.08000183105469,72.9800033569336,70.8499984741211,71.29000091552734,60.408607482910156,18957200
2021-10-05,71.76000213623047,72.93000030517578,71.33000183105469,72.52999877929688,61.4593391418457,15587200
2021-10-06,71.91999816894531,72.61000061035156,71.0199966430664,72.41999816894531,61.36613464355469,15997200
2021-10-07,73.01000213623047,73.3499984741211,72.05000305175781,72.19000244140625,61.17124557495117,15349900
2021-10-08,71.8499984741211,72.80999755859375,71.51000213623047,72.3499984741211,61.30681610107422,11960700
2021-10-11,72.69999694824219,73.72000122070312,71.61000061035156,71.68000030517578,60.73907470703125,14985500
2021-10-12,71.54000091552734,71.94000244140625,70.44000244140625,70.63999938964844,59.857845306396484,17593400
2021-10-13,70.55000305175781,70.58000183105469,68.73999786376953,70.26000213623047,59.53583526611328,23451900
2021-10-14,71.06999969482422,71.2699966430664,69.72000122070312,70.80000305175781,59.99341583251953,24707900
2021-10-15,71.81999969482422,73.22000122070312,71.51000213623047,72.29000091552734,61.255985260009766,21884500
2021-10-18,72.06999969482422,72.55000305175781,71.4000015258789,71.61000061035156,60.679779052734375,15026100
2021-10-19,72.25,72.5,71.26000213623047,71.76000213623047,60.80687713623047,15173900
2021-10-20,71.55999755859375,72.27999877929688,70.80999755859375,71.81999969482422,60.85771942138672,14350400
2021-10-21,71.26000213623047,71.83000183105469,70.01000213623047,70.51000213623047,59.7476806640625,18519000
2021-10-22,70.7699966430664,71.88999938964844,70.68000030517578,71.37000274658203,60.476409912109375,14625100
2021-10-25,71.58000183105469,71.8499984741211,70.70999908447266,70.83000183105469,60.018821716308594,15103000
2021-10-26,71.0,71.61000061035156,70.61000061035156,70.6500015258789,59.86629104614258,18647900
2021-10-27,70.51000213623047,70.70999908447266,69.30999755859375,70.30999755859375,59.57819366455078,25475900
2021-10-28,70.77999877929688,71.31999969482422,70.27999877929688,70.87999725341797,60.06119918823242,16367800
2021-10-29,70.4800033569336,70.61000061035156,68.97000122070312,69.16000366210938,59.02846908569336,22403000
2021-11-01,69.93000030517578,69.93000030517578,69.02999877929688,69.61000061035156,59.412532806396484,19106600
2021-11-02,69.52999877929688,69.62999725341797,68.54000091552734,68.5999984741211,58.55049514770508,25539000
2021-11-03,68.30000305175781,69.58000183105469,68.08999633789062,69.0,58.89189147949219,21755600
2021-11-04,68.75,68.7699966430664,66.5199966430664,67.0,57.18487548828125,32148900
2021-11-05,67.81999969482422,67.98999786376953,66.94999694824219,66.98999786376953,57.17634201049805,20902600
2021-11-08,67.88999938964844,69.0199966430664,67.37000274658203,68.44999694824219,58.42247009277344,25122000
2021-11-09,67.77999877929688,68.25,67.44000244140625,67.98999786376953,58.029850006103516,18513000
2021-11-10,68.12000274658203,68.44000244140625,67.70999908447266,68.20999908447266,58.21762466430664,19290200
2021-11-11,68.26000213623047,69.18000030517578,68.16999816894531,68.87000274658203,58.78094482421875,20296200
2021-11-12,69.0,69.16999816894531,68.30000305175781,69.16000366210938,59.02846908569336,13867400
2021-11-15,69.43000030517578,69.66999816894531,68.54000091552734,68.73999786376953,58.669986724853516,12965100
2021-11-16,68.77999877929688,68.77999877929688,67.30000305175781,67.73999786376953,57.81647491455078,19042800
2021-11-17,67.66000366210938,67.69000244140625,66.7699966430664,66.8499984741211,57.05685806274414,16468300
2021-11-18,66.70999908447266,67.1500015258789,66.19999694824219,67.11000061035156,57.27876663208008,14994700
2021-11-19,66.12000274658203,66.41999816894531,65.2300033569336,66.33999633789062,56.62156677246094,19766900
2021-11-22,67.95999908447266,68.11000061035156,66.80000305175781,67.04000091552734,57.219024658203125,24020500
2021-11-23,67.56999969482422,68.37000274658203,67.11000061035156,68.06999969482422,58.09812545776367,18142200
2021-11-24,68.0,68.05999755859375,67.2300033569336,67.27999877929688,57.42387008666992,14975500
2021-11-26,65.01000213623047,65.73999786376953,63.810001373291016,65.5,55.90462875366211,24542000
2021-11-29,65.98999786376953,66.29000091552734,64.45999908447266,65.04000091552734,55.512020111083984,24340700
2021-11-30,64.31999969482422,64.80999755859375,63.36000061035156,63.70000076293945,54.368316650390625,35574000
2021-12-01,64.66000366210938,65.08999633789062,62.5,62.52000045776367,53.36117935180664,27379200
2021-12-02,63.34000015258789,64.2699966430664,62.7599983215332,63.810001373291016,54.46219253540039,24890700
2021-12-03,63.7400016784668,64.12000274658203,62.43000030517578,62.7599983215332,53.56602096557617,25458700
2021-12-06,62.939998626708984,63.56999969482422,62.13999938964844,62.52000045776367,53.36117935180664,25105500
2021-12-07,62.95000076293945,63.349998474121094,62.31999969482422,62.900001525878906,53.68550109863281,28301200
2021-12-08,63.02000045776367,63.15999984741211,62.349998474121094,62.459999084472656,53.309974670410156,20697200
2021-12-09,61.869998931884766,62.5,60.849998474121094,62.13999938964844,53.036842346191406,29960500
2021-12-10,61.68000030517578,62.2599983215332,60.20000076293945,60.709999084472656,51.81632995605469,39726500
2021-12-13,60.4900016784668,60.869998931884766,59.779998779296875,60.18000030517578,51.36397933959961,20489500
2021-12-14,60.45000076293945,61.31999969482422,60.380001068115234,60.63999938964844,51.75658416748047,19571100
2021-12-15,60.939998626708984,61.0099983215332,59.540000915527344,60.2400016784668,51.41518020629883,33861300
2021-12-16,61.099998474121094,61.90999984741211,60.81999969482422,61.06999969482422,52.12358856201172,25688300
2021-12-17,60.27000045776367,60.5,58.959999084472656,59.540000915527344,50.81772994995117,47383500
2021-12-20,58.599998474121094,58.72999954223633,57.59000015258789,58.279998779296875,49.742305755615234,31619600
2021-12-21,58.7400016784668,59.86000061035156,58.650001525878906,59.380001068115234,50.68116760253906,23175100
2021-12-22,59.310001373291016,59.939998626708984,59.099998474121094,59.599998474121094,50.86893081665039,14760600
2021-12-23,59.9900016784668,60.779998779296875,59.95000076293945,60.209999084472656,51.38957595825195,15223300
2021-12-27,60.400001525878906,60.939998626708984,60.0,60.650001525878906,51.76512145996094,14035400
2021-12-28,60.439998626708984,61.33000183105469,60.310001373291016,60.619998931884766,51.7395133972168,12697900
2021-12-29,60.810001373291016,60.97999954223633,60.27000045776367,60.540000915527344,51.67123794555664,13284000
2021-12-30,60.619998931884766,61.06999969482422,60.38999938964844,60.43000030517578,51.57735061645508,11380500
2021-12-31,60.43000030517578,60.7599983215332,60.119998931884766,60.38999938964844,51.54320526123047,12307200
2022-01-03,61.18000030517578,63.61000061035156,61.11000061035156,63.099998474121094,53.85621643066406,30508500
2022-01-04,64.05999755859375,64.7300033569336,63.540000915527344,63.59000015258789,54.274436950683594,30303600
2022-01-05,64.0999984741211,64.41000366210938,62.779998779296875,62.849998474121094,53.6428337097168,25149100
2022-01-06,64.22000122070312,65.30999755859375,63.5099983215332,64.91000366210938,55.401058197021484,33334200
2022-01-07,65.18000030517578,66.55000305175781,65.18000030517578,65.77999877929688,56.143611907958984,26548200
2022-01-10,66.45999908447266,66.9800033569336,65.22000122070312,66.02999877929688,56.35698699951172,28693700
2022-01-11,66.37999725341797,67.27999877929688,66.16999816894531,67.11000061035156,57.27876663208008,23453000
2022-01-12,67.77999877929688,68.6500015258789,66.91999816894531,67.27999877929688,57.42387008666992,27976200
2022-01-13,67.52999877929688,68.44000244140625,67.0199966430664,67.77999877929688,57.85060501098633,29222000
2022-01-14,65.36000061035156,67.08000183105469,65.08000183105469,66.93000030517578,57.12513732910156,35994400
2022-01-18,66.69000244140625,66.83999633789062,65.0999984741211,65.30000305175781,55.73392868041992,26353600
2022-01-19,65.66000366210938,65.66000366210938,63.970001220703125,64.23999786376953,54.829200744628906,22817100
2022-01-20,64.29000091552734,65.44999694824219,63.70000076293945,64.45999908447266,55.01698303222656,22794100
2022-01-21,63.9900016784668,64.44999694824219,62.75,63.27000045776367,54.00130081176758,28637900
2022-01-24,61.5099983215332,62.79999923706055,60.029998779296875,62.70000076293945,53.51480484008789,38601700
2022-01-25,61.970001220703125,64.45999908447266,61.130001068115234,64.11000061035156,54.7182502746582,34371100
2022-01-26,64.69999694824219,65.77999877929688,63.869998931884766,64.75,55.26449966430664,31803400
2022-01-27,65.22000122070312,65.8499984741211,63.900001525878906,64.1500015258789,54.75239181518555,24674000
2022-01-28,63.619998931884766,64.70999908447266,62.83000183105469,64.69000244140625,55.21328353881836,20953500
2022-01-31,64.01000213623047,65.25,63.599998474121094,65.12000274658203,55.580299377441406,23067400
2022-02-01,65.44000244140625,66.69000244140625,65.04000091552734,66.55999755859375,56.80934143066406,26868400
2022-02-02,66.3499984741211,66.80000305175781,65.58000183105469,66.2300033569336,56.527687072753906,18194200
2022-02-03,66.26000213623047,66.37999725341797,65.02999877929688,65.26000213623047,55.69978332519531,18219100
2022-02-04,65.04000091552734,66.66000366210938,64.83999633789062,66.08000183105469,56.84387969970703,23267900
2022-02-07,66.08999633789062,66.79000091552734,65.5,66.36000061035156,57.084754943847656,20081600
2022-02-08,67.05999755859375,67.97000122070312,66.5999984741211,67.12000274658203,57.738525390625,23191000
2022-02-09,67.41000366210938,68.19000244140625,67.13999938964844,67.83999633789062,58.35787582397461,20902700
2022-02-10,67.94999694824219,68.55000305175781,67.22000122070312,67.5,58.065406799316406,22522300
2022-02-11,67.25,69.11000061035156,66.5999984741211,67.1500015258789,57.764339447021484,27226700
2022-02-14,66.87000274658203,67.22000122070312,65.81999969482422,66.45999908447266,57.1707763671875,24544000
2022-02-15,67.16000366210938,67.4800033569336,66.52999877929688,67.0,57.63529586791992,15487600
2022-02-16,66.54000091552734,67.43000030517578,66.43000030517578,66.94999694824219,57.59227752685547,13067400
2022-02-17,66.33000183105469,66.63999938964844,64.20999908447266,64.70999908447266,55.66537094116211,23150000
2022-02-18,64.11000061035156,64.97000122070312,63.70000076293945,64.13999938964844,55.17504119873047,18114800
2022-02-22,63.06999969482422,64.36000061035156,63.06999969482422,63.88999938964844,54.959983825683594,19057000
2022-02-23,64.41999816894531,64.76000213623047,63.040000915527344,63.220001220703125,54.38363265991211,17563500
2022-02-24,60.4900016784668,61.060001373291016,58.369998931884766,60.66999816894531,52.19004440307617,46453500
2022-02-25,61.310001373291016,62.88999938964844,61.0099983215332,61.97999954223633,53.31694030761719,30518900
2022-02-28,59.93000030517578,60.41999816894531,58.400001525878906,59.22999954223633,50.95132064819336,48212900
2022-03-01,58.38999938964844,59.31999969482422,57.91999816894531,58.59000015258789,50.400779724121094,51389000
2022-03-02,56.970001220703125,59.86000061035156,55.93000030517578,59.560001373291016,51.235198974609375,60206500
2022-03-03,58.75,58.9900016784668,56.9900016784668,57.619998931884766,49.566341400146484,54027300
2022-03-04,55.90999984741211,56.65999984741211,55.189998626708984,56.59000015258789,48.680320739746094,54263000
2022-03-07,55.029998779296875,56.27000045776367,54.06999969482422,55.54999923706055,47.78568649291992,49710700
2022-03-08,56.560001373291016,57.290000915527344,54.7599983215332,54.869998931884766,47.20072555541992,43858100
2022-03-09,56.900001525878906,57.279998779296875,55.810001373291016,55.95000076293945,48.12976837158203,32757100
2022-03-10,55.02000045776367,55.369998931884766,53.95000076293945,54.880001068115234,47.20932388305664,31942500
2022-03-11,55.369998931884766,55.689998626708984,54.06999969482422,54.15999984741211,46.589962005615234,20550900
2022-03-14,54.70000076293945,55.27000045776367,53.83000183105469,54.22999954223633,46.65018081665039,25046000
2022-03-15,54.459999084472656,55.619998931884766,54.349998474121094,55.11000061035156,47.40718460083008,20747100
2022-03-16,56.02000045776367,57.540000915527344,55.970001220703125,56.79999923706055,48.8609619140625,31659800
2022-03-17,55.709999084472656,57.29999923706055,55.029998779296875,57.290000915527344,49.2824821472168,21432300
2022-03-18,56.939998626708984,57.630001068115234,56.72999954223633,57.349998474121094,49.33408737182617,30900500
2022-03-21,57.83000183105469,57.83000183105469,56.75,56.97999954223633,49.015811920166016,21661200
2022-03-22,57.81999969482422,58.25,57.310001373291016,57.5,49.46312713623047,23407400
2022-03-23,57.119998931884766,57.5,56.0,56.349998474121094,48.47386169433594,23070200
2022-03-24,56.61000061035156,56.63999938964844,56.20000076293945,56.41999816894531,48.534080505371094,16770200
2022-03-25,56.529998779296875,57.22999954223633,56.439998626708984,56.7400016784668,48.80935287475586,21206300
2022-03-28,56.20000076293945,56.279998779296875,54.72999954223633,55.91999816894531,48.10396957397461,25546300
2022-03-29,57.279998779296875,57.400001525878906,56.130001068115234,56.470001220703125,48.57709503173828,21463500
2022-03-30,56.0099983215332,56.45000076293945,54.54999923706055,54.970001220703125,47.2867546081543,32222400
2022-03-31,54.5099983215332,54.86000061035156,53.36000061035156,53.400001525878906,45.936187744140625,29202400
2022-04-01,53.470001220703125,53.7400016784668,51.77000045776367,52.33000183105469,45.01575469970703,40073100
2022-04-04,52.25,53.0,51.65999984741211,52.79999923706055,45.420047760009766,29296200
2022-04-05,52.060001373291016,52.47999954223633,51.41999816894531,51.58000183105469,44.37057876586914,23065500
2022-04-06,51.0099983215332,51.09000015258789,50.400001525878906,50.529998779296875,43.46732711791992,25196600
2022-04-07,50.560001373291016,50.61000061035156,49.040000915527344,50.029998779296875,43.0372200012207,28689900
2022-04-08,49.84000015258789,51.29999923706055,49.83000183105469,50.880001068115234,43.76841354370117,26853300
2022-04-11,50.790000915527344,52.25,50.380001068115234,50.54999923706055,43.48454284667969,20895700
2022-04-12,50.599998474121094,51.119998931884766,50.04999923706055,50.34000015258789,43.30388259887695,18755500
2022-04-13,49.279998779296875,50.18000030517578,49.20000076293945,50.150001525878906,43.140445709228516,21194200
2022-04-14,50.65999984741211,51.900001525878906,50.279998779296875,50.93000030517578,43.811431884765625,34043100
2022-04-18,50.84000015258789,53.209999084472656,50.779998779296875,52.310001373291016,44.99854278564453,28396300
2022-04-19,52.72999954223633,53.18000030517578,52.5,52.91999816894531,45.523277282714844,19996800
2022-04-20,53.400001525878906,53.97999954223633,52.88999938964844,53.099998474121094,45.678123474121094,20532800
2022-04-21,53.540000915527344,53.77000045776367,52.52000045776367,52.630001068115234,45.27381896972656,15952900
2022-04-22,52.439998626708984,52.599998474121094,51.16999816894531,51.22999954223633,44.069496154785156,23073900
2022-04-25,50.779998779296875,51.2400016784668,49.68000030517578,51.130001068115234,43.98347854614258,22079300
2022-04-26,50.529998779296875,51.599998474121094,50.220001220703125,50.22999954223633,43.20927047729492,18335800
2022-04-27,49.7599983215332,50.619998931884766,49.540000915527344,49.599998474121094,42.66732406616211,24707500
2022-04-28,49.90999984741211,50.029998779296875,49.0099983215332,50.02000045776367,43.02861785888672,20112100
2022-04-29,49.65999984741211,49.90999984741211,48.04999923706055,48.209999084472656,41.8988037109375,21844900
2022-05-02,48.459999084472656,48.86000061035156,47.779998779296875,48.709999084472656,42.33335494995117,25904000
2022-05-03,49.33000183105469,50.810001373291016,49.08000183105469,50.099998474121094,43.541378021240234,25374500
2022-05-04,50.16999816894531,52.400001525878906,50.040000915527344,52.22999954223633,45.39253616333008,26643600
2022-05-05,51.439998626708984,52.130001068115234,50.689998626708984,51.310001373291016,44.59297561645508,25756000
2022-05-06,51.2400016784668,52.0,50.58000183105469,51.619998931884766,44.86239242553711,25912900
2022-05-09,50.9900016784668,51.220001220703125,49.59000015258789,49.88999938964844,43.35887145996094,28888400
2022-05-10,50.540000915527344,50.689998626708984,47.65999984741211,48.75,42.36810302734375,31054700
2022-05-11,48.95000076293945,49.939998626708984,47.560001373291016,47.65999984741211,41.420806884765625,30179000
2022-05-12,47.2599983215332,47.400001525878906,45.400001525878906,46.560001373291016,40.464805603027344,36301500
2022-05-13,46.810001373291016,47.849998474121094,46.810001373291016,47.63999938964844,41.403419494628906,21739400
2022-05-16,47.59000015258789,48.06999969482422,47.0,47.459999084472656,41.24698257446289,16919100
2022-05-17,49.84000015258789,51.61000061035156,49.70000076293945,51.04999923706055,44.36701965332031,46643400
2022-05-18,50.72999954223633,51.060001373291016,49.0099983215332,49.31999969482422,42.86349105834961,32181600
2022-05-19,48.65999984741211,50.29999923706055,48.59000015258789,49.779998779296875,43.263275146484375,27279400
2022-05-20,50.2599983215332,50.72999954223633,48.5099983215332,49.75,43.23719787597656,29025500
2022-05-23,51.349998474121094,53.599998474121094,51.150001525878906,52.77000045776367,45.861846923828125,35166800
2022-05-24,52.470001220703125,53.0099983215332,51.4900016784668,52.68000030517578,45.783626556396484,24344800
2022-05-25,52.560001373291016,53.119998931884766,52.02000045776367,52.70000076293945,45.801021575927734,23507900
2022-05-26,53.459999084472656,54.25,53.16999816894531,54.09000015258789,47.009056091308594,19140700
2022-05-27,54.0,54.0,53.040000915527344,53.619998931884766,46.6005744934082,19509300
2022-05-31,53.029998779296875,53.86000061035156,52.439998626708984,53.40999984741211,46.418067932128906,25805400
2022-06-01,53.5,53.7400016784668,51.72999954223633,52.38999938964844,45.53159713745117,23902000
2022-06-02,52.400001525878906,52.5,51.599998474121094,52.43000030517578,45.56635665893555,17473600
2022-06-03,52.06999969482422,52.33000183105469,51.220001220703125,51.33000183105469,44.6103630065918,16550000
2022-06-06,51.79999923706055,52.56999969482422,51.369998931884766,51.400001525878906,44.67119598388672,18473200
2022-06-07,51.029998779296875,52.22999954223633,50.83000183105469,52.099998474121094,45.27956008911133,15528800
2022-06-08,51.70000076293945,52.11000061035156,51.060001373291016,51.40999984741211,44.679893493652344,13207700
2022-06-09,51.540000915527344,51.599998474121094,49.959999084472656,49.970001220703125,43.42839813232422,14272900
2022-06-10,48.720001220703125,49.150001525878906,47.369998931884766,47.709999084472656,41.464256286621094,28910800
2022-06-13,46.65999984741211,47.0099983215332,45.400001525878906,45.689998626708984,39.70869827270508,30308400
2022-06-14,46.189998626708984,46.72999954223633,45.54999923706055,45.959999084472656,39.9433479309082,25223600
2022-06-15,46.470001220703125,48.18000030517578,46.45000076293945,47.58000183105469,41.35127639770508,30001500
2022-06-16,46.79999923706055,47.189998626708984,45.959999084472656,46.88999938964844,40.7515983581543,24744900
2022-06-17,47.119998931884766,47.290000915527344,45.9900016784668,46.52000045776367,40.43003845214844,35111400
2022-06-21,47.959999084472656,48.34000015258789,47.52000045776367,47.959999084472656,41.6815299987793,20289700
2022-06-22,47.33000183105469,47.9900016784668,46.939998626708984,47.20000076293945,41.02102279663086,19752800
2022-06-23,46.869998931884766,46.90999984741211,45.59000015258789,46.349998474121094,40.28229904174805,24137200
2022-06-24,45.560001373291016,48.2599983215332,45.529998779296875,47.86000061035156,41.59461975097656,27322600
2022-06-27,48.060001373291016,48.400001525878906,47.25,47.83000183105469,41.56855010986328,21198200
2022-06-28,48.400001525878906,49.11000061035156,46.939998626708984,47.209999084472656,41.02970504760742,21643600
2022-06-29,47.2599983215332,47.79999923706055,46.630001068115234,47.099998474121094,40.93411636352539,20981000
2022-06-30,46.220001220703125,46.709999084472656,45.2599983215332,45.9900016784668,39.96942138671875,21207900
2022-07-01,45.7400016784668,47.040000915527344,45.34000015258789,46.869998931884766,40.73422622680664,16539600
2022-07-05,45.689998626708984,46.650001525878906,44.93000030517578,46.61000061035156,40.50825119018555,19156800
2022-07-06,46.29999923706055,46.68000030517578,45.459999084472656,46.150001525878906,40.108482360839844,14952800
2022-07-07,46.90999984741211,47.29999923706055,46.61000061035156,46.93000030517578,40.78636932373047,15598900
2022-07-08,47.2599983215332,47.560001373291016,46.58000183105469,46.81999969482422,40.69076919555664,11789900
2022-07-11,46.41999816894531,46.79999923706055,46.09000015258789,46.189998626708984,40.143245697021484,12778200
2022-07-12,45.58000183105469,46.93000030517578,45.5,46.130001068115234,40.09109115600586,16966700
2022-07-13,45.70000076293945,45.779998779296875,44.65999984741211,45.5,39.543575286865234,21793600
2022-07-14,44.47999954223633,44.47999954223633,43.439998626708984,44.13999938964844,38.36160659790039,27337600
2022-07-15,47.0,50.619998931884766,46.189998626708984,49.97999954223633,43.43708419799805,86566200
2022-07-18,50.65999984741211,51.5,49.72999954223633,50.06999969482422,43.51531219482422,26042500
2022-07-19,50.880001068115234,52.40999984741211,50.83000183105469,52.130001068115234,45.30563735961914,28113600
2022-07-20,51.5,52.45000076293945,51.45000076293945,52.45000076293945,45.583744049072266,24546500
2022-07-21,52.11000061035156,52.630001068115234,51.790000915527344,52.59000015258789,45.705413818359375,18261900
2022-07-22,52.52000045776367,53.02000045776367,51.4900016784668,51.90999984741211,45.11443328857422,14903400
2022-07-25,52.43000030517578,53.150001525878906,52.06999969482422,52.15999984741211,45.33170700073242,16794700
2022-07-26,51.77000045776367,52.79999923706055,51.2400016784668,51.400001525878906,44.67119598388672,18960800
2022-07-27,51.70000076293945,52.709999084472656,51.31999969482422,52.349998474121094,45.496829986572266,17087300
2022-07-28,52.09000015258789,52.720001220703125,51.310001373291016,52.22999954223633,45.39253616333008,12729200
2022-07-29,51.720001220703125,52.25,51.5,51.900001525878906,45.55052185058594,16783500
2022-08-01,51.4900016784668,52.209999084472656,51.13999938964844,51.91999816894531,45.568077087402344,13051800
2022-08-02,51.7599983215332,52.099998474121094,50.72999954223633,50.75,44.54121780395508,17378500
2022-08-03,51.2400016784668,51.779998779296875,50.83000183105469,51.61000061035156,45.29600143432617,13570600
2022-08-04,51.560001373291016,51.75,51.06999969482422,51.2599983215332,44.98881912231445,10152200
2022-08-05,51.119998931884766,52.34000015258789,50.90999984741211,51.65999984741211,45.339881896972656,13868800
2022-08-08,51.970001220703125,52.15999984741211,51.40999984741211,51.470001220703125,45.173133850097656,11594400
2022-08-09,51.63999938964844,52.11000061035156,51.41999816894531,52.09000015258789,45.71726989746094,9739300
2022-08-10,52.810001373291016,54.400001525878906,52.7400016784668,53.189998626708984,46.682701110839844,32416200
2022-08-11,53.900001525878906,54.470001220703125,53.75,54.0,47.39360427856445,13450300
2022-08-12,54.18000030517578,54.400001525878906,53.630001068115234,54.380001068115234,47.72711181640625,15493600
2022-08-15,53.75,54.189998626708984,53.470001220703125,54.06999969482422,47.45504379272461,11595200
2022-08-16,53.810001373291016,54.560001373291016,53.7400016784668,54.18000030517578,47.55158233642578,14708000
2022-08-17,53.41999816894531,54.02000045776367,53.29999923706055,53.7599983215332,47.18296432495117,13370800
2022-08-18,53.599998474121094,53.720001220703125,53.040000915527344,53.54999923706055,46.9986572265625,10573300
2022-08-19,53.150001525878906,53.40999984741211,52.369998931884766,52.61000061035156,46.17365646362305,14798800
2022-08-22,51.560001373291016,51.77000045776367,50.9900016784668,51.25,44.98004150390625,16749600
2022-08-23,51.2599983215332,51.68000030517578,50.86000061035156,50.95000076293945,44.71673583984375,11126100
2022-08-24,50.93000030517578,51.290000915527344,50.630001068115234,51.0099983215332,44.76940155029297,11159300
2022-08-25,51.209999084472656,52.25,51.06999969482422,52.060001373291016,45.69095230102539,12569000
2022-08-26,52.279998779296875,52.34000015258789,49.75,49.779998779296875,43.689884185791016,20049700
2022-08-29,49.66999816894531,49.720001220703125,49.029998779296875,49.369998931884766,43.330039978027344,15103100
2022-08-30,49.84000015258789,49.84000015258789,48.70000076293945,49.08000183105469,43.07551956176758,16735500
2022-08-31,49.279998779296875,49.54999923706055,48.66999816894531,48.810001373291016,42.83854675292969,16582100
2022-09-01,48.77000045776367,48.77000045776367,47.810001373291016,48.75,42.785888671875,14470900
2022-09-02,49.310001373291016,50.150001525878906,48.619998931884766,48.84000015258789,42.86488342285156,15568100
2022-09-06,48.970001220703125,49.099998474121094,47.619998931884766,48.220001220703125,42.320735931396484,15544500
2022-09-07,47.7400016784668,48.7400016784668,47.599998474121094,48.630001068115234,42.680572509765625,15413900
2022-09-08,48.400001525878906,49.95000076293945,48.119998931884766,49.900001525878906,43.79520034790039,18088800
2022-09-09,50.310001373291016,51.0099983215332,50.25,50.66999816894531,44.47099304199219,18711800
2022-09-12,51.2599983215332,51.63999938964844,50.70000076293945,50.869998931884766,44.64652633666992,13506500
2022-09-13,49.900001525878906,50.20000076293945,48.56999969482422,49.0,43.00530242919922,22148200
2022-09-14,49.130001068115234,49.5099983215332,47.70000076293945,48.43000030517578,42.505043029785156,25701700
2022-09-15,48.36000061035156,49.25,48.279998779296875,48.439998626708984,42.51382064819336,16556900
2022-09-16,47.9900016784668,48.2400016784668,47.470001220703125,48.11000061035156,42.22419357299805,19995600
2022-09-19,47.4900016784668,48.47999954223633,47.439998626708984,48.2400016784668,42.338287353515625,14716100
2022-09-20,47.81999969482422,47.970001220703125,46.86000061035156,47.25,41.46940231323242,16650200
2022-09-21,47.25,47.72999954223633,46.310001373291016,46.33000183105469,40.661964416503906,18641800
2022-09-22,46.61000061035156,46.869998931884766,45.4900016784668,45.58000183105469,40.00371170043945,18443100
2022-09-23,44.97999954223633,45.11000061035156,43.29999923706055,44.2599983215332,38.8452033996582,30918000
2022-09-26,43.689998626708984,44.18000030517578,42.58000183105469,42.9900016784668,37.73057556152344,23684400
2022-09-27,43.22999954223633,43.38999938964844,42.08000183105469,42.59000015258789,37.3795166015625,21255500
2022-09-28,42.59000015258789,43.619998931884766,42.45000076293945,43.400001525878906,38.09041213989258,19818100
2022-09-29,42.900001525878906,43.08000183105469,42.0099983215332,42.38999938964844,37.20397186279297,20982200
2022-09-30,42.38999938964844,42.970001220703125,41.61000061035156,41.66999816894531,36.57207107543945,22266400
2022-10-03,41.54999923706055,42.91999816894531,41.060001373291016,42.560001373291016,37.35318374633789,22001000
2022-10-04,43.56999969482422,44.75,43.470001220703125,44.40999984741211,38.976844787597656,20660000
2022-10-05,43.7599983215332,44.0,43.11000061035156,43.84000015258789,38.47658157348633,15458500
2022-10-06,43.41999816894531,43.79999923706055,42.790000915527344,43.060001373291016,37.79201126098633,17738400
2022-10-07,42.70000076293945,42.790000915527344,41.939998626708984,42.189998626708984,37.028446197509766,18101300
2022-10-10,42.4900016784668,42.61000061035156,41.529998779296875,41.599998474121094,36.5106201171875,13768800
2022-10-11,41.27000045776367,41.560001373291016,40.41999816894531,40.45000076293945,35.50132369995117,20176100
2022-10-12,40.38999938964844,41.36000061035156,40.04999923706055,40.84000015258789,35.843605041503906,20862200
2022-10-13,40.20000076293945,43.18000030517578,40.0099983215332,42.95000076293945,37.695465087890625,27964900
2022-10-14,43.09000015258789,44.41999816894531,42.79999923706055,43.22999954223633,37.94120788574219,28885100
2022-10-17,44.310001373291016,44.43000030517578,43.189998626708984,43.59000015258789,38.257171630859375,20835400
2022-10-18,44.65999984741211,44.95000076293945,43.650001525878906,44.150001525878906,38.748661041259766,21302100
2022-10-19,43.83000183105469,44.099998474121094,42.88999938964844,43.34000015258789,38.03775405883789,15142800
2022-10-20,43.38999938964844,43.939998626708984,42.720001220703125,42.91999816894531,37.66913986206055,15421600
2022-10-21,42.939998626708984,44.31999969482422,42.68000030517578,44.2599983215332,38.8452033996582,18783600
2022-10-24,44.31999969482422,44.66999816894531,43.970001220703125,44.40999984741211,38.976844787597656,14392300
2022-10-25,44.04999923706055,45.59000015258789,43.90999984741211,45.31999969482422,39.7755241394043,20085700
2022-10-26,45.5,45.97999954223633,45.220001220703125,45.40999984741211,39.85450744628906,16516200
2022-10-27,45.869998931884766,46.13999938964844,45.349998474121094,45.439998626708984,39.880836486816406,15687900
2022-10-28,45.560001373291016,46.279998779296875,45.029998779296875,46.130001068115234,40.486419677734375,13457900
2022-10-31,45.709999084472656,46.220001220703125,45.56999969482422,45.86000061035156,40.249454498291016,15600400
2022-11-01,46.29999923706055,46.47999954223633,46.0,46.220001220703125,40.565406799316406,15505200
2022-11-02,46.130001068115234,47.0099983215332,45.540000915527344,45.54999923706055,39.977378845214844,20306800
2022-11-03,45.15999984741211,45.40999984741211,44.5099983215332,44.58000183105469,39.12605285644531,16025800
2022-11-04,44.61000061035156,45.45000076293945,44.27000045776367,45.130001068115234,40.067142486572266,15204100
2022-11-07,45.47999954223633,45.86000061035156,45.209999084472656,45.72999954223633,40.599830627441406,11792300
2022-11-08,45.79999923706055,46.529998779296875,45.630001068115234,46.119998931884766,40.94607162475586,16737100
2022-11-09,45.72999954223633,45.86000061035156,45.150001525878906,45.36000061035156,40.27133560180664,13299000
2022-11-10,46.709999084472656,48.7599983215332,46.560001373291016,48.41999816894531,42.98804473876953,27915500
2022-11-11,48.5,50.56999969482422,48.439998626708984,50.189998626708984,44.55949020385742,26009200
2022-11-14,49.939998626708984,49.97999954223633,49.02000045776367,49.02000045776367,43.5207405090332,19631600
2022-11-15,49.83000183105469,50.41999816894531,48.4900016784668,49.029998779296875,43.52961349487305,19839400
2022-11-16,48.880001068115234,48.959999084472656,48.13999938964844,48.369998931884766,42.943660736083984,18052100
2022-11-17,47.68000030517578,48.2599983215332,47.400001525878906,48.25,42.837120056152344,11962700
2022-11-18,48.72999954223633,49.06999969482422,48.15999984741211,48.65999984741211,43.20112991333008,12884300
2022-11-21,48.65999984741211,49.040000915527344,48.279998779296875,48.880001068115234,43.396453857421875,9884100
2022-11-22,49.13999938964844,49.68000030517578,49.130001068115234,49.33000183105469,43.79596710205078,13132000
2022-11-23,49.34000015258789,49.470001220703125,47.849998474121094,48.2400016784668,42.828243255615234,22863300
2022-11-25,48.20000076293945,48.529998779296875,48.130001068115234,48.290000915527344,42.87263870239258,6823600
2022-11-28,47.90999984741211,48.189998626708984,46.83000183105469,47.22999954223633,41.93154525756836,18987100
2022-11-29,47.22999954223633,47.900001525878906,47.209999084472656,47.56999969482422,42.23341369628906,12224700
2022-11-30,47.08000183105469,48.43000030517578,46.189998626708984,48.40999984741211,42.97917175292969,23993100
2022-12-01,48.279998779296875,48.66999816894531,47.349998474121094,47.779998779296875,42.41985321044922,19797600
2022-12-02,47.279998779296875,47.45000076293945,46.810001373291016,47.2400016784668,41.94043731689453,12745400
2022-12-05,46.939998626708984,47.119998931884766,45.380001068115234,45.63999938964844,40.519927978515625,20397500
2022-12-06,45.650001525878906,45.88999938964844,44.20000076293945,44.97999954223633,39.93396759033203,22160800
2022-12-07,44.63999938964844,45.45000076293945,44.310001373291016,44.66999816894531,39.65874099731445,20233400
2022-12-08,44.849998474121094,45.369998931884766,44.2599983215332,44.689998626708984,39.67649459838867,15622200
2022-12-09,44.599998474121094,45.189998626708984,44.54999923706055,44.86000061035156,39.82742691040039,14030600
2022-12-12,44.650001525878906,45.79999923706055,44.36000061035156,45.77000045776367,40.63534164428711,19045100
2022-12-13,46.84000015258789,47.849998474121094,46.2400016784668,46.59000015258789,41.36334991455078,25655400
2022-12-14,46.5099983215332,47.040000915527344,45.720001220703125,45.97999954223633,40.82178497314453,16587500
2022-12-15,45.09000015258789,45.2599983215332,44.130001068115234,44.619998931884766,39.61435317993164,20201900
2022-12-16,44.20000076293945,44.65999984741211,43.810001373291016,44.349998474121094,39.37464141845703,26955400
2022-12-19,44.36000061035156,44.47999954223633,43.47999954223633,43.93000030517578,39.00176239013672,18019100
2022-12-20,44.150001525878906,44.54999923706055,43.79999923706055,43.810001373291016,38.895225524902344,14412700
2022-12-21,44.209999084472656,44.88999938964844,44.16999816894531,44.810001373291016,39.78303527832031,22492300
2022-12-22,44.439998626708984,44.439998626708984,42.90999984741211,43.9900016784668,39.05502700805664,24476100
2022-12-23,44.0,44.36000061035156,43.880001068115234,44.2599983215332,39.294742584228516,15143800
2022-12-27,44.279998779296875,44.540000915527344,43.970001220703125,44.38999938964844,39.41015625,14777800
2022-12-28,44.43000030517578,44.869998931884766,44.189998626708984,44.619998931884766,39.61435317993164,12882200
2022-12-29,44.84000015258789,45.2400016784668,44.650001525878906,45.15999984741211,40.093772888183594,14124100
2022-12-30,44.93000030517578,45.279998779296875,44.7599983215332,45.22999954223633,40.15591812133789,11802800
2023-01-03,45.75,46.75,45.540000915527344,45.779998779296875,40.64421844482422,19564000
2023-01-04,46.540000915527344,47.540000915527344,46.34000015258789,46.959999084472656,41.69184112548828,21507200
2023-01-05,46.70000076293945,46.959999084472656,45.970001220703125,46.75,41.505401611328125,12314900
2023-01-06,47.060001373291016,47.689998626708984,46.61000061035156,47.310001373291016,42.00258255004883,16736300
2023-01-09,47.88999938964844,48.31999969482422,47.470001220703125,47.540000915527344,42.20677947998047,16745500
2023-01-10,47.560001373291016,48.209999084472656,47.20000076293945,48.189998626708984,42.78384780883789,12429900
2023-01-11,48.209999084472656,48.7400016784668,47.86000061035156,48.709999084472656,43.245521545410156,17143700
2023-01-12,49.060001373291016,49.47999954223633,48.54999923706055,49.09000015258789,43.582881927490234,16287800
2023-01-13,48.5099983215332,50.22999954223633,47.7400016784668,49.91999816894531,44.31977844238281,28037000
2023-01-17,49.86000061035156,50.7400016784668,49.7400016784668,50.310001373291016,44.66602325439453,28193500
2023-01-18,50.2400016784668,50.47999954223633,49.2400016784668,49.43000030517578,43.884742736816406,18952000
2023-01-19,48.650001525878906,49.599998474121094,48.470001220703125,49.369998931884766,43.83147430419922,14869100
2023-01-20,49.68000030517578,51.11000061035156,49.2599983215332,51.09000015258789,45.358524322509766,19957300
2023-01-23,51.04999923706055,52.290000915527344,50.880001068115234,51.97999954223633,46.1486701965332,18531200
2023-01-24,51.41999816894531,51.95000076293945,50.41999816894531,51.41999816894531,45.6514892578125,13303200
2023-01-25,50.849998474121094,51.939998626708984,50.849998474121094,51.900001525878906,46.07765579223633,20719000
2023-01-26,52.08000183105469,52.2599983215332,51.5099983215332,52.189998626708984,46.335121154785156,22393300
2023-01-27,51.959999084472656,52.189998626708984,51.65999984741211,51.86000061035156,46.04214096069336,18294000
2023-01-30,51.439998626708984,52.040000915527344,51.34000015258789,51.75,45.944480895996094,11126200
2023-01-31,51.86000061035156,52.220001220703125,51.630001068115234,52.220001220703125,46.361759185791016,34823400
2023-02-01,51.540000915527344,52.7400016784668,51.40999984741211,52.150001525878906,46.29961013793945,22111900
2023-02-02,52.58000183105469,53.22999954223633,51.72999954223633,52.220001220703125,46.361759185791016,22331700
2023-02-03,51.02000045776367,51.540000915527344,50.529998779296875,50.95000076293945,45.68035125732422,20050600
2023-02-06,50.400001525878906,50.9900016784668,49.90999984741211,50.86000061035156,45.599666595458984,16152000
2023-02-07,50.75,51.7599983215332,50.59000015258789,51.130001068115234,45.84174346923828,14361000
2023-02-08,50.77000045776367,51.5099983215332,50.599998474121094,51.150001525878906,45.85966873168945,13242300
2023-02-09,51.349998474121094,51.459999084472656,49.86000061035156,49.97999954223633,44.8106803894043,16794900
2023-02-10,49.81999969482422,50.189998626708984,49.150001525878906,50.11000061035156,44.927242279052734,16519900
2023-02-13,49.9900016784668,51.08000183105469,49.91999816894531,51.0,45.725196838378906,11626900
2023-02-14,50.93000030517578,51.75,50.4900016784668,51.61000061035156,46.27210235595703,16283300
2023-02-15,50.84000015258789,51.880001068115234,50.810001373291016,51.81999969482422,46.46037292480469,9216600
2023-02-16,51.349998474121094,51.83000183105469,51.099998474121094,51.459999084472656,46.137603759765625,9398000
2023-02-17,51.2599983215332,51.59000015258789,50.91999816894531,51.41999816894531,46.10173797607422,12297700
2023-02-21,50.7400016784668,50.90999984741211,49.43000030517578,49.84000015258789,44.6851692199707,22899200
2023-02-22,49.88999938964844,50.47999954223633,49.369998931884766,50.040000915527344,44.864479064941406,14431500
2023-02-23,50.34000015258789,50.619998931884766,49.70000076293945,50.380001068115234,45.1693115234375,12550700
2023-02-24,50.0,50.34000015258789,49.650001525878906,50.18000030517578,44.9900016784668,14547300
2023-02-27,50.5,51.189998626708984,50.38999938964844,50.470001220703125,45.25000762939453,14190200
2023-02-28,50.47999954223633,50.869998931884766,50.25,50.689998626708984,45.44725036621094,12932400
2023-03-01,50.459999084472656,51.540000915527344,50.29999923706055,51.5,46.1734733581543,15966000
2023-03-02,51.18000030517578,51.45000076293945,50.459999084472656,51.400001525878906,46.08381652832031,18104500
2023-03-03,51.47999954223633,52.38999938964844,51.47999954223633,52.349998474121094,46.9355583190918,15879900
2023-03-06,52.36000061035156,52.45000076293945,52.0099983215332,52.18000030517578,46.783145904541016,12693300
2023-03-07,51.79999923706055,52.130001068115234,50.72999954223633,51.08000183105469,45.79691696166992,30953800
2023-03-08,51.060001373291016,51.27000045776367,50.29999923706055,50.68000030517578,45.438289642333984,12847700
2023-03-09,50.58000183105469,50.83000183105469,48.40999984741211,48.599998474121094,43.57341384887695,29460100
2023-03-10,48.08000183105469,49.380001068115234,47.130001068115234,48.34000015258789,43.340309143066406,29770800
2023-03-13,47.0,47.2400016784668,44.599998474121094,44.7400016784668,40.11265563964844,50709200
2023-03-14,47.209999084472656,47.9900016784668,46.560001373291016,47.400001525878906,42.49753189086914,42165900
2023-03-15,45.439998626708984,45.5,44.099998474121094,44.81999969482422,40.18437576293945,41832800
2023-03-16,44.65999984741211,46.09000015258789,43.70000076293945,45.619998931884766,40.90162658691406,28877300
2023-03-17,44.97999954223633,44.97999954223633,43.81999969482422,44.25,39.67332077026367,37130200
2023-03-20,44.709999084472656,45.7400016784668,43.90999984741211,44.09000015258789,39.529876708984375,31899900
2023-03-21,45.56999969482422,46.02000045776367,44.95000076293945,45.06999969482422,40.40851593017578,29835600
2023-03-22,45.18000030517578,45.310001373291016,43.68000030517578,43.709999084472656,39.18917465209961,21672000
2023-03-23,44.310001373291016,44.849998474121094,43.11000061035156,43.45000076293945,38.95607376098633,24112600
2023-03-24,42.84000015258789,43.119998931884766,42.0099983215332,43.11000061035156,38.6512336730957,25453900
2023-03-27,44.060001373291016,45.0,43.880001068115234,44.779998779296875,40.148502349853516,29335200
2023-03-28,44.720001220703125,45.22999954223633,44.4900016784668,45.220001220703125,40.542999267578125,16206000
2023-03-29,45.59000015258789,46.0099983215332,45.459999084472656,45.95000076293945,41.1974983215332,15047000
2023-03-30,46.47999954223633,46.63999938964844,45.7400016784668,46.06999969482422,41.305091857910156,14226400
2023-03-31,46.599998474121094,46.970001220703125,46.33000183105469,46.88999938964844,42.0402717590332,16009200
2023-04-03,47.13999938964844,47.4900016784668,46.43000030517578,46.709999084472656,41.878902435302734,16633100
2023-04-04,46.900001525878906,47.02000045776367,45.650001525878906,46.09000015258789,41.323020935058594,15542400
2023-04-05,45.470001220703125,46.189998626708984,45.310001373291016,45.77000045776367,41.0361213684082,11739100
2023-04-06,45.79999923706055,46.209999084472656,45.52000045776367,45.86000061035156,41.11680221557617,11918100
2023-04-10,45.790000915527344,46.7599983215332,45.77000045776367,46.52000045776367,41.70854568481445,11777100
2023-04-11,46.66999816894531,47.369998931884766,46.59000015258789,47.20000076293945,42.318214416503906,14177300
2023-04-12,47.47999954223633,47.63999938964844,46.52000045776367,46.91999816894531,42.067169189453125,14330900
2023-04-13,46.900001525878906,47.59000015258789,46.58000183105469,47.29999923706055,42.40787124633789,15578900
2023-04-14,48.16999816894531,49.88999938964844,48.02000045776367,49.560001373291016,44.43413162231445,33064500
2023-04-17,49.7599983215332,49.810001373291016,49.09000015258789,49.689998626708984,44.55067825317383,19590400
2023-04-18,49.93000030517578,50.29999923706055,49.45000076293945,50.08000183105469,44.90034866333008,16616200
2023-04-19,49.72999954223633,50.45000076293945,49.380001068115234,50.400001525878906,45.18724822998047,14894000
2023-04-20,49.810001373291016,50.04999923706055,49.099998474121094,49.400001525878906,44.29068374633789,20410200
2023-04-21,48.959999084472656,49.220001220703125,48.31999969482422,49.029998779296875,43.95893478393555,14377300
2023-04-24,49.029998779296875,49.310001373291016,48.75,49.029998779296875,43.95893478393555,11208800
2023-04-25,48.5,48.650001525878906,47.720001220703125,47.900001525878906,42.9458122253418,15374000
2023-04-26,47.79999923706055,47.86000061035156,46.38999938964844,46.86000061035156,42.01338195800781,16984600
2023-04-27,47.040000915527344,47.349998474121094,46.439998626708984,47.029998779296875,42.16579818725586,16541400
2023-04-28,46.189998626708984,47.33000183105469,46.040000915527344,47.06999969482422,42.66431427001953,15222100
2023-05-01,47.880001068115234,48.380001068115234,47.16999816894531,47.25,42.82746887207031,18314800
2023-05-02,46.81999969482422,47.060001373291016,45.560001373291016,46.0,41.69446563720703,19450100
2023-05-03,46.130001068115234,46.599998474121094,45.630001068115234,45.66999816894531,41.39535903930664,14533500
2023-05-04,45.040000915527344,45.400001525878906,44.08000183105469,44.900001525878906,40.69743347167969,20601800
2023-05-05,45.79999923706055,46.5,45.66999816894531,46.31999969482422,41.98451232910156,13384500
2023-05-08,46.880001068115234,47.150001525878906,46.27000045776367,46.36000061035156,42.02076721191406,8760900
2023-05-09,45.90999984741211,46.7599983215332,45.790000915527344,46.52000045776367,42.16579818725586,10188800
2023-05-10,47.150001525878906,47.189998626708984,45.59000015258789,46.369998931884766,42.02983856201172,11840000
2023-05-11,45.7400016784668,46.130001068115234,45.43000030517578,46.029998779296875,41.721656799316406,11222800
2023-05-12,46.33000183105469,46.380001068115234,45.06999969482422,45.45000076293945,41.195945739746094,12812800
2023-05-15,45.689998626708984,46.310001373291016,45.630001068115234,46.04999923706055,41.73978805541992,11911300
2023-05-16,45.93000030517578,46.15999984741211,45.2599983215332,45.279998779296875,41.0418586730957,9201200
2023-05-17,45.779998779296875,47.11000061035156,45.779998779296875,47.08000183105469,42.67338180541992,16359100
2023-05-18,46.97999954223633,46.97999954223633,45.86000061035156,46.38999938964844,42.04796600341797,17618000
2023-05-19,46.459999084472656,46.72999954223633,45.619998931884766,45.709999084472656,41.43161392211914,15416200
2023-05-22,45.970001220703125,46.099998474121094,45.45000076293945,45.790000915527344,41.50413131713867,14471000
2023-05-23,45.84000015258789,46.81999969482422,45.79999923706055,45.90999984741211,41.612892150878906,13797100
2023-05-24,45.15999984741211,45.2400016784668,44.209999084472656,44.4900016784668,40.3258056640625,23744900
2023-05-25,44.29999923706055,44.79999923706055,43.880001068115234,44.22999954223633,40.09014129638672,18109400
2023-05-26,44.459999084472656,44.650001525878906,43.9900016784668,44.599998474121094,40.42551040649414,11962600
2023-05-30,44.72999954223633,44.88999938964844,44.25,44.70000076293945,40.51614761352539,12431100
2023-05-31,44.20000076293945,44.40999984741211,43.709999084472656,44.31999969482422,40.17171859741211,18154100
2023-06-01,44.68000030517578,45.349998474121094,44.310001373291016,44.84000015258789,40.64304733276367,15757100
2023-06-02,45.470001220703125,46.68000030517578,45.36000061035156,46.31999969482422,41.98451232910156,19455600
2023-06-05,46.36000061035156,46.47999954223633,45.810001373291016,46.2400016784668,41.91200637817383,11004700
2023-06-06,46.189998626708984,47.5099983215332,46.150001525878906,47.220001220703125,42.8002815246582,14189200
2023-06-07,47.470001220703125,48.18000030517578,47.15999984741211,48.0099983215332,43.516334533691406,15457400
2023-06-08,47.72999954223633,48.25,47.529998779296875,48.099998474121094,43.59790802001953,12058600
2023-06-09,48.099998474121094,48.56999969482422,47.90999984741211,48.29999923706055,43.77919387817383,11744000
2023-06-12,48.27000045776367,48.5,47.970001220703125,48.45000076293945,43.91515350341797,13801000
2023-06-13,48.45000076293945,49.41999816894531,48.45000076293945,48.689998626708984,44.132686614990234,14062700
2023-06-14,48.83000183105469,49.27000045776367,47.560001373291016,48.2400016784668,43.72480392456055,22053000
2023-06-15,48.130001068115234,48.59000015258789,47.58000183105469,48.560001373291016,44.014854431152344,14926100
2023-06-16,48.84000015258789,48.84000015258789,48.15999984741211,48.189998626708984,43.67948532104492,18223000
2023-06-20,47.90999984741211,47.90999984741211,47.08000183105469,47.61000061035156,43.153778076171875,12777700
2023-06-21,47.5,47.849998474121094,47.22999954223633,47.40999984741211,42.972496032714844,10550700
2023-06-22,47.220001220703125,47.2599983215332,46.43000030517578,46.630001068115234,42.2655029296875,11841900
2023-06-23,46.099998474121094,46.25,45.84000015258789,46.02000045776367,41.71259689331055,13249100
2023-06-26,46.119998931884766,46.689998626708984,46.0099983215332,46.2400016784668,41.91200637817383,13253900
2023-06-27,46.20000076293945,46.61000061035156,45.900001525878906,46.400001525878906,42.057029724121094,11863300
2023-06-28,46.369998931884766,46.38999938964844,45.81999969482422,46.22999954223633,41.90294647216797,13394900
2023-06-29,46.16999816894531,46.790000915527344,46.0099983215332,46.290000915527344,41.95732116699219,18840800
2023-06-30,46.779998779296875,46.79999923706055,46.029998779296875,46.040000915527344,41.7307243347168,15228200
2023-07-03,46.08000183105469,47.290000915527344,46.02000045776367,46.7400016784668,42.365203857421875,10159900
2023-07-05,46.709999084472656,47.04999923706055,46.40999984741211,46.79999923706055,42.41958999633789,11852900
2023-07-06,46.5,46.5,45.11000061035156,45.380001068115234,41.132503509521484,17431400
2023-07-07,45.22999954223633,46.349998474121094,45.209999084472656,45.7400016784668,41.458805084228516,13160700
2023-07-10,45.599998474121094,46.38999938964844,45.540000915527344,45.66999816894531,41.39535903930664,14307600
2023-07-11,45.79999923706055,46.61000061035156,45.630001068115234,46.529998779296875,42.17485809326172,14131700
2023-07-12,47.2599983215332,48.27000045776367,47.220001220703125,47.380001068115234,42.94530487060547,17960500
2023-07-13,47.560001373291016,47.849998474121094,47.13999938964844,47.68000030517578,43.217227935791016,26210700
2023-07-14,48.47999954223633,48.54999923706055,45.689998626708984,45.75,41.46786880493164,38634500
2023-07-17,45.810001373291016,46.619998931884766,45.720001220703125,46.2599983215332,41.930137634277344,18521400
2023-07-18,46.75,47.65999984741211,46.68000030517578,47.02000045776367,42.61899948120117,24678000
2023-07-19,47.08000183105469,47.84000015258789,46.619998931884766,47.52000045776367,43.072208404541016,15789100
2023-07-20,47.38999938964844,47.880001068115234,47.22999954223633,47.40999984741211,42.972496032714844,17647200
2023-07-21,47.540000915527344,47.599998474121094,46.81999969482422,47.04999923706055,42.64619064331055,18251600
2023-07-24,46.97999954223633,47.84000015258789,46.97999954223633,47.65999984741211,43.1990966796875,19006200
2023-07-25,47.4900016784668,47.779998779296875,47.060001373291016,47.09000015258789,42.68244552612305,14729900
2023-07-26,47.38999938964844,47.75,47.02000045776367,47.4900016784668,43.04500198364258,12267900
2023-07-27,47.599998474121094,49.119998931884766,47.439998626708984,47.880001068115234,43.39850997924805,25162700
2023-07-28,48.31999969482422,48.36000061035156,47.09000015258789,47.40999984741211,42.972496032714844,20871700
2023-07-31,47.59000015258789,48.04999923706055,47.36000061035156,47.65999984741211,43.1990966796875,14377200
2023-08-01,47.33000183105469,47.470001220703125,46.810001373291016,47.06999969482422,42.66431427001953,15219100
2023-08-02,46.41999816894531,46.68000030517578,45.95000076293945,46.310001373291016,41.9754524230957,13101100
2023-08-03,45.970001220703125,46.470001220703125,45.709999084472656,46.209999084472656,41.88481140136719,13467100
2023-08-04,45.72999954223633,46.689998626708984,45.560001373291016,45.709999084472656,41.91232681274414,18329500
2023-08-07,45.95000076293945,46.2400016784668,45.630001068115234,45.83000183105469,42.02235794067383,16972000
2023-08-08,45.02000045776367,45.22999954223633,44.13999938964844,45.15999984741211,41.408023834228516,18524500
2023-08-09,45.02000045776367,45.189998626708984,44.40999984741211,44.439998626708984,40.74783706665039,13957100
2023-08-10,44.709999084472656,44.9900016784668,44.25,44.34000015258789,40.65614318847656,12112300
2023-08-11,44.040000915527344,44.619998931884766,43.97999954223633,44.56999969482422,40.867027282714844,11973200
2023-08-14,44.08000183105469,44.40999984741211,43.97999954223633,44.099998474121094,40.43608474731445,14280300
2023-08-15,43.650001525878906,43.650001525878906,43.18000030517578,43.209999084472656,39.62002182006836,17125100
2023-08-16,43.02000045776367,43.15999984741211,42.56999969482422,42.63999938964844,39.09737777709961,13963600
2023-08-17,42.84000015258789,43.08000183105469,42.09000015258789,42.459999084472656,38.932334899902344,16123600
2023-08-18,42.150001525878906,42.79999923706055,42.09000015258789,42.25,38.73978042602539,12908700
2023-08-21,42.619998931884766,42.7599983215332,41.66999816894531,42.06999969482422,38.57474136352539,14486300
2023-08-22,42.310001373291016,42.380001068115234,40.970001220703125,41.02000045776367,37.611976623535156,20507900
2023-08-23,41.060001373291016,41.22999954223633,40.77000045776367,41.08000183105469,37.666988372802734,16214500
2023-08-24,41.02000045776367,41.66999816894531,40.720001220703125,41.08000183105469,37.666988372802734,15579600
2023-08-25,41.2599983215332,41.65999984741211,40.779998779296875,41.2400016784668,37.81369400024414,16881900
2023-08-28,41.47999954223633,41.86000061035156,41.150001525878906,41.31999969482422,37.88705062866211,14125900
2023-08-29,41.29999923706055,41.77000045776367,41.2599983215332,41.720001220703125,38.25381851196289,13199700
2023-08-30,41.689998626708984,41.84000015258789,41.34000015258789,41.369998931884766,37.93289566040039,18211400
2023-08-31,41.5099983215332,41.68000030517578,41.0099983215332,41.290000915527344,37.85955047607422,17795700
2023-09-01,41.59000015258789,41.81999969482422,41.380001068115234,41.59000015258789,38.134613037109375,12413500
2023-09-05,41.529998779296875,41.93000030517578,41.189998626708984,41.36000061035156,37.923728942871094,15843400
2023-09-06,41.02000045776367,41.4900016784668,40.90999984741211,41.369998931884766,37.93289566040039,13675200
2023-09-07,41.06999969482422,41.369998931884766,40.70000076293945,40.72999954223633,37.346065521240234,12406100
2023-09-08,40.61000061035156,40.689998626708984,40.279998779296875,40.59000015258789,37.21769714355469,15055400
2023-09-11,40.810001373291016,41.369998931884766,40.529998779296875,40.59000015258789,37.21769714355469,11404200
2023-09-12,40.56999969482422,42.060001373291016,40.560001373291016,41.68000030517578,38.21714782714844,24774700
2023-09-13,41.939998626708984,42.900001525878906,41.68000030517578,42.369998931884766,38.84981918334961,31031900
2023-09-14,42.790000915527344,43.439998626708984,42.72999954223633,43.13999938964844,39.555843353271484,19422800
2023-09-15,42.75,43.2400016784668,42.65999984741211,42.709999084472656,39.161563873291016,22983200
2023-09-18,42.599998474121094,42.779998779296875,42.400001525878906,42.63999938964844,39.09737777709961,10467400
2023-09-19,42.790000915527344,42.86000061035156,42.470001220703125,42.68000030517578,39.134056091308594,11031700
2023-09-20,42.95000076293945,43.130001068115234,42.27000045776367,42.29999923706055,38.78562545776367,11240700
2023-09-21,42.060001373291016,42.36000061035156,41.689998626708984,41.709999084472656,38.244651794433594,12260100
2023-09-22,41.75,41.86000061035156,40.86000061035156,40.91999816894531,37.52028274536133,15438200
2023-09-25,40.75,41.09000015258789,40.58000183105469,41.02000045776367,37.611976623535156,10866800
2023-09-26,40.66999816894531,41.040000915527344,40.060001373291016,40.220001220703125,36.87843704223633,21786500
2023-09-27,40.290000915527344,40.630001068115234,39.939998626708984,40.459999084472656,37.0984992980957,15083400
2023-09-28,40.47999954223633,41.349998474121094,40.40999984741211,41.20000076293945,37.77701187133789,14409800
2023-09-29,41.45000076293945,41.88999938964844,40.91999816894531,41.130001068115234,37.71283721923828,16916100
2023-10-02,40.9900016784668,41.04999923706055,40.290000915527344,40.5,37.13517761230469,16178900
2023-10-03,40.20000076293945,40.540000915527344,39.59000015258789,39.86000061035156,36.5483512878418,19283400
2023-10-04,39.689998626708984,39.93000030517578,39.13999938964844,39.810001373291016,36.502506256103516,23342000
2023-10-05,39.619998931884766,39.880001068115234,39.189998626708984,39.880001068115234,36.56669235229492,18734100
2023-10-06,39.68000030517578,40.849998474121094,39.5099983215332,40.56999969482422,37.19935989379883,17080000
2023-10-09,40.18000030517578,41.0099983215332,39.95000076293945,40.7400016784668,37.35523986816406,14859700
2023-10-10,41.13999938964844,41.7599983215332,41.13999938964844,41.439998626708984,37.9970817565918,18902100
2023-10-11,41.63999938964844,42.0,41.36000061035156,41.529998779296875,38.0796012878418,12763900
2023-10-12,41.400001525878906,41.790000915527344,41.119998931884766,41.529998779296875,38.0796012878418,18112500
2023-10-13,42.959999084472656,43.31999969482422,41.349998474121094,41.43000030517578,37.9879150390625,32082900
2023-10-16,41.95000076293945,42.0,40.529998779296875,40.95000076293945,37.547786712646484,25044200
2023-10-17,40.650001525878906,41.66999816894531,40.599998474121094,41.20000076293945,37.77701187133789,20258100
2023-10-18,40.939998626708984,40.939998626708984,40.16999816894531,40.470001220703125,37.107666015625,23232600
2023-10-19,40.2599983215332,40.75,40.029998779296875,40.060001373291016,36.73173522949219,17483300
2023-10-20,39.970001220703125,40.2400016784668,39.560001373291016,39.68000030517578,36.38330078125,21396500
2023-10-23,39.58000183105469,39.619998931884766,38.790000915527344,38.88999938964844,35.658939361572266,21333500
2023-10-24,38.91999816894531,39.29999923706055,38.7400016784668,38.93000030517578,35.69561767578125,17181000
2023-10-25,38.70000076293945,38.849998474121094,38.2599983215332,38.61000061035156,35.4022102355957,15570100
2023-10-26,38.5,39.75,38.470001220703125,39.34000015258789,36.07154846191406,25109600
2023-10-27,39.33000183105469,39.369998931884766,38.16999816894531,38.2400016784668,35.06294250488281,20654700
2023-10-30,38.54999923706055,38.970001220703125,38.40999984741211,38.93000030517578,35.69561767578125,21777500
2023-10-31,39.040000915527344,39.529998779296875,38.91999816894531,39.4900016784668,36.209083557128906,16373100
2023-11-01,39.540000915527344,39.84000015258789,39.279998779296875,39.599998474121094,36.30995178222656,16011000
2023-11-02,39.9900016784668,41.369998931884766,39.93000030517578,41.349998474121094,37.914554595947266,23283600
2023-11-03,41.560001373291016,42.470001220703125,41.540000915527344,42.2599983215332,39.2520637512207,20287700
2023-11-06,42.369998931884766,42.369998931884766,41.7599983215332,42.040000915527344,39.047725677490234,20843900
2023-11-07,41.70000076293945,42.15999984741211,41.650001525878906,41.959999084472656,38.97341537475586,11463200
2023-11-08,41.849998474121094,42.15999984741211,41.529998779296875,41.81999969482422,38.843379974365234,14761600
2023-11-09,42.08000183105469,42.279998779296875,41.290000915527344,41.5,38.5461540222168,19128400
2023-11-10,41.70000076293945,42.150001525878906,41.470001220703125,42.08000183105469,39.08487319946289,11912500
2023-11-13,41.959999084472656,42.90999984741211,41.93000030517578,42.70000076293945,39.660743713378906,16332100
2023-11-14,43.11000061035156,44.77000045776367,43.099998474121094,44.36000061035156,41.20259475708008,26218500
2023-11-15,44.47999954223633,45.220001220703125,44.47999954223633,44.880001068115234,41.685585021972656,18894900
2023-11-16,44.7599983215332,45.099998474121094,44.31999969482422,44.66999816894531,41.49052047729492,14744800
2023-11-17,44.939998626708984,45.38999938964844,44.650001525878906,45.36000061035156,42.131412506103516,15573100
2023-11-20,45.279998779296875,45.7400016784668,45.209999084472656,45.2599983215332,42.03852844238281,19670300
2023-11-21,45.119998931884766,45.33000183105469,44.70000076293945,45.09000015258789,41.8806266784668,14466700
2023-11-22,45.310001373291016,45.31999969482422,44.84000015258789,45.02000045776367,41.81562042236328,9441200
2023-11-24,44.88999938964844,45.52000045776367,44.84000015258789,45.22999954223633,42.01066589355469,5941000
2023-11-27,44.959999084472656,45.189998626708984,44.86000061035156,45.08000183105469,41.87134552001953,14679700
2023-11-28,45.029998779296875,45.040000915527344,44.560001373291016,44.86000061035156,41.66700744628906,14064700
2023-11-29,45.22999954223633,46.029998779296875,45.15999984741211,45.75,42.493656158447266,14027600
2023-11-30,45.790000915527344,46.16999816894531,45.58000183105469,46.099998474121094,42.818748474121094,16249000
2023-12-01,46.0,47.2599983215332,45.88999938964844,47.22999954223633,43.868309020996094,20053400
2023-12-04,46.790000915527344,47.47999954223633,46.70000076293945,47.369998931884766,43.998348236083984,19351000
2023-12-05,47.0099983215332,47.380001068115234,46.40999984741211,46.70000076293945,43.37603759765625,14813100
2023-12-06,47.79999923706055,49.119998931884766,47.779998779296875,47.86000061035156,44.45347213745117,33903400
2023-12-07,47.939998626708984,48.7599983215332,47.779998779296875,48.5,45.04792022705078,14896800
2023-12-08,48.5099983215332,49.16999816894531,48.41999816894531,48.88999938964844,45.410160064697266,17591600
2023-12-11,48.75,48.95000076293945,48.119998931884766,48.150001525878906,44.72283172607422,17666000
2023-12-12,48.0099983215332,48.11000061035156,47.709999084472656,48.060001373291016,44.63923645019531,14735600
2023-12-13,48.0,49.529998779296875,47.86000061035156,49.34000015258789,45.828125,22212500
2023-12-14,50.0099983215332,51.54999923706055,50.0099983215332,50.2400016784668,46.66407775878906,51664900
2023-12-15,49.689998626708984,50.099998474121094,49.20000076293945,49.83000183105469,46.28325653076172,35156100
2023-12-18,50.15999984741211,50.560001373291016,49.54999923706055,49.65999984741211,46.12535095214844,17871400
2023-12-19,49.41999816894531,51.310001373291016,49.16999816894531,50.93000030517578,47.30496597290039,23161500
2023-12-20,50.70000076293945,51.09000015258789,49.869998931884766,50.06999969482422,46.506168365478516,17452100
2023-12-21,50.40999984741211,50.66999816894531,49.970001220703125,50.599998474121094,46.99844741821289,13089000
2023-12-22,50.72999954223633,51.2599983215332,50.689998626708984,50.86000061035156,47.23994064331055,14440600
2023-12-26,50.880001068115234,51.529998779296875,50.790000915527344,51.34000015258789,47.685768127441406,11501500
2023-12-27,51.13999938964844,51.58000183105469,50.93000030517578,51.459999084472656,47.797237396240234,9901300
2023-12-28,51.400001525878906,51.79999923706055,51.400001525878906,51.52000045776367,47.852962493896484,10218500
2023-12-29,51.560001373291016,51.61000061035156,51.220001220703125,51.439998626708984,47.77865219116211,13149400
2024-01-02,51.29999923706055,53.150001525878906,51.189998626708984,53.040000915527344,49.26477813720703,24784900
2024-01-03,53.25,54.369998931884766,52.22999954223633,53.63999938964844,49.82207107543945,30897600
2024-01-04,53.91999816894531,54.75,53.65999984741211,53.77000045776367,49.942813873291016,23714300
2024-01-05,54.029998779296875,54.66999816894531,53.88999938964844,54.33000183105469,50.46295928955078,17782200
2024-01-08,53.9900016784668,54.09000015258789,53.02000045776367,54.0099983215332,50.16572570800781,17359500
2024-01-09,53.849998474121094,53.90999984741211,53.27000045776367,53.47999954223633,49.67345428466797,17237400
2024-01-10,53.04999923706055,53.220001220703125,52.61000061035156,53.02000045776367,49.24619674682617,16532700
2024-01-11,51.84000015258789,52.13999938964844,51.2599983215332,52.08000183105469,48.37310791015625,25444400
2024-01-12,52.29999923706055,53.849998474121094,51.27000045776367,52.619998931884766,48.87466812133789,37908000
2024-01-16,51.779998779296875,52.220001220703125,50.869998931884766,51.869998931884766,48.178043365478516,21209400
2024-01-17,51.11000061035156,51.689998626708984,51.0,51.36000061035156,47.70435333251953,17393500
2024-01-18,51.45000076293945,51.58000183105469,50.5099983215332,51.11000061035156,47.47215270996094,15788100
2024-01-19,51.119998931884766,51.68000030517578,50.619998931884766,51.52000045776367,47.852962493896484,18211000
2024-01-22,51.9900016784668,53.099998474121094,51.95000076293945,52.84000015258789,49.07901382446289,21573200
2024-01-23,52.90999984741211,53.40999984741211,52.59000015258789,53.29999923706055,49.50626754760742,12962500
2024-01-24,53.540000915527344,53.650001525878906,52.9900016784668,53.2599983215332,49.4691162109375,14402200
2024-01-25,53.400001525878906,53.77000045776367,53.040000915527344,53.72999954223633,49.905662536621094,15634000
2024-01-26,53.86000061035156,53.9900016784668,53.61000061035156,53.66999816894531,49.84992980957031,14041200
2024-01-29,53.470001220703125,54.22999954223633,53.439998626708984,54.11000061035156,50.25862121582031,12158300
2024-01-30,55.040000915527344,57.20000076293945,55.0099983215332,57.09000015258789,53.02650833129883,40086100
2024-01-31,56.7400016784668,57.95000076293945,56.13999938964844,56.16999816894531,52.17198944091797,28967800
2024-02-01,56.02000045776367,56.59000015258789,54.849998474121094,56.060001373291016,52.069820404052734,21178700
2024-02-02,55.599998474121094,55.97999954223633,54.9900016784668,55.540000915527344,52.07919692993164,19283100
2024-02-05,54.939998626708984,55.13999938964844,54.11000061035156,54.5,51.10400390625,14040600
2024-02-06,54.380001068115234,54.970001220703125,54.11000061035156,54.349998474121094,50.963340759277344,14832700
2024-02-07,54.5,54.70000076293945,53.77000045776367,54.540000915527344,51.141502380371094,13383300
2024-02-08,54.18000030517578,54.4900016784668,53.59000015258789,54.290000915527344,50.90708541870117,15822200
2024-02-09,54.290000915527344,54.439998626708984,53.529998779296875,53.9900016784668,50.62578582763672,13843300
2024-02-12,53.56999969482422,54.540000915527344,53.0,53.91999816894531,50.56013870239258,17162300
2024-02-13,53.290000915527344,53.459999084472656,52.2400016784668,52.7599983215332,49.47241973876953,17672100
2024-02-14,53.63999938964844,54.099998474121094,53.59000015258789,53.97999954223633,50.61640548706055,14891900
2024-02-15,54.220001220703125,55.47999954223633,54.13999938964844,55.209999084472656,51.76974868774414,16865000
2024-02-16,54.959999084472656,55.20000076293945,54.54999923706055,54.849998474121094,51.432186126708984,11527500
2024-02-20,54.58000183105469,55.65999984741211,54.36000061035156,55.41999816894531,51.96666717529297,16537900
2024-02-21,55.2599983215332,55.459999084472656,54.97999954223633,55.33000183105469,51.88228225708008,9317200
2024-02-22,55.439998626708984,56.470001220703125,55.40999984741211,55.900001525878906,52.41676330566406,12904800
2024-02-23,55.9900016784668,56.34000015258789,55.75,55.93000030517578,52.44489288330078,11668900
2024-02-26,55.959999084472656,56.5099983215332,55.34000015258789,55.36000061035156,51.91040802001953,12307100
2024-02-27,55.68000030517578,55.91999816894531,55.220001220703125,55.709999084472656,52.23860549926758,11039300
2024-02-28,55.52000045776367,56.18000030517578,54.9900016784668,55.04999923706055,51.619728088378906,13448100
2024-02-29,55.5,55.650001525878906,54.63999938964844,55.4900016784668,52.032318115234375,23744600
2024-03-01,55.47999954223633,55.95000076293945,55.06999969482422,55.599998474121094,52.13546371459961,12922400
2024-03-04,55.40999984741211,56.56999969482422,55.290000915527344,56.13999938964844,52.64180374145508,14314700
2024-03-05,55.75,57.560001373291016,55.75,56.2599983215332,52.754329681396484,19653900
2024-03-06,57.06999969482422,57.54999923706055,56.0099983215332,57.290000915527344,53.720149993896484,17845000
2024-03-07,57.540000915527344,58.119998931884766,57.029998779296875,57.720001220703125,54.12336349487305,14720300
2024-03-08,58.040000915527344,58.38999938964844,57.2599983215332,57.5099983215332,53.92644119262695,13028000
2024-03-11,57.150001525878906,57.540000915527344,56.630001068115234,57.40999984741211,53.83266830444336,9176900
2024-03-12,57.5099983215332,57.93000030517578,57.08000183105469,57.45000076293945,53.87018585205078,10954000
2024-03-13,57.5,58.369998931884766,57.459999084472656,57.7599983215332,54.160865783691406,12982800
2024-03-14,58.33000183105469,58.66999816894531,56.63999938964844,57.09000015258789,53.53260803222656,18833600
2024-03-15,56.45000076293945,57.75,56.45000076293945,57.61000061035156,54.020206451416016,26164300
2024-03-18,57.849998474121094,58.65999984741211,57.560001373291016,58.630001068115234,54.976654052734375,13994600
2024-03-19,58.59000015258789,59.31999969482422,58.540000915527344,58.86000061035156,55.192317962646484,13455300
2024-03-20,58.4900016784668,60.34000015258789,58.459999084472656,60.130001068115234,56.38318634033203,20269900
2024-03-21,60.310001373291016,61.54999923706055,60.310001373291016,61.33000183105469,57.5084114074707,17892100
2024-03-22,61.040000915527344,61.66999816894531,60.58000183105469,60.81999969482422,57.03018569946289,16206800
2024-03-25,60.88999938964844,61.52000045776367,60.58000183105469,60.95000076293945,57.1520881652832,12040300
2024-03-26,61.150001525878906,61.95000076293945,61.0,61.65999984741211,57.81784439086914,17947400
2024-03-27,62.029998779296875,62.7599983215332,61.720001220703125,62.75,58.839927673339844,16684400
2024-03-28,62.72999954223633,63.369998931884766,62.58000183105469,63.2400016784668,59.29939651489258,19012000
2024-04-01,63.599998474121094,63.900001525878906,63.02000045776367,63.459999084472656,59.505680084228516,14223900
2024-04-02,62.650001525878906,63.59000015258789,62.650001525878906,62.84000015258789,58.92431640625,16062000
2024-04-03,62.86000061035156,63.38999938964844,61.52000045776367,61.689998626708984,57.845977783203125,18079900
2024-04-04,62.150001525878906,62.7400016784668,60.75,60.90999984741211,57.114585876464844,13401100
2024-04-05,60.81999969482422,62.040000915527344,60.41999816894531,61.599998474121094,57.7615852355957,12686300
2024-04-08,61.66999816894531,62.31999969482422,61.65999984741211,61.72999954223633,57.88348388671875,10708300
2024-04-09,61.75,62.09000015258789,60.90999984741211,61.65999984741211,57.81784439086914,10301200
2024-04-10,60.52000045776367,61.310001373291016,59.970001220703125,60.18000030517578,56.4300651550293,18088000
2024-04-11,60.349998474121094,60.88999938964844,59.5,60.709999084472656,56.92704772949219,18181900
2024-04-12,62.290000915527344,62.599998474121094,58.75,59.68000030517578,55.96122741699219,28561900
2024-04-15,60.18000030517578,60.90999984741211,58.189998626708984,58.560001373291016,54.9110107421875,19242300
2024-04-16,58.18000030517578,58.54999923706055,56.7400016784668,57.02000045776367,53.466976165771484,23211400
2024-04-17,57.4900016784668,58.88999938964844,57.36000061035156,58.16999816894531,54.54531478881836,15971600
2024-04-18,58.4900016784668,58.970001220703125,57.93000030517578,58.31999969482422,54.68596649169922,12272500
2024-04-19,58.22999954223633,59.439998626708984,58.22999954223633,59.13999938964844,55.45487594604492,13410100
2024-04-22,59.439998626708984,61.060001373291016,59.20000076293945,60.95000076293945,57.1520881652832,14513100
2024-04-23,61.08000183105469,62.77000045776367,61.02000045776367,62.66999816894531,58.76490783691406,17427800
2024-04-24,62.130001068115234,62.72999954223633,61.84000015258789,62.470001220703125,58.57737731933594,10123000
2024-04-25,61.84000015258789,62.43000030517578,61.099998474121094,61.790000915527344,57.93974685668945,13339100
2024-04-26,61.5099983215332,63.22999954223633,61.5099983215332,62.65999984741211,58.75553894042969,16364100
2024-04-29,62.7400016784668,63.36000061035156,61.959999084472656,62.2599983215332,58.380462646484375,10857100
2024-04-30,61.90999984741211,62.34000015258789,61.290000915527344,61.33000183105469,57.5084114074707,11163400
2024-05-01,61.47999954223633,62.27000045776367,60.880001068115234,61.349998474121094,57.527156829833984,14086600
2024-05-02,62.189998626708984,62.189998626708984,60.97999954223633,61.540000915527344,57.705326080322266,11292500
2024-05-03,61.5099983215332,62.150001525878906,61.40999984741211,61.52000045776367,58.18769836425781,11048900
2024-05-06,62.060001373291016,62.939998626708984,61.720001220703125,62.810001373291016,59.40782928466797,13386700
2024-05-07,62.81999969482422,63.15999984741211,61.970001220703125,62.0,58.64169692993164,10158200
2024-05-08,61.63999938964844,62.95000076293945,61.5099983215332,62.75,59.351070404052734,9755200
2024-05-09,62.380001068115234,63.43000030517578,62.290000915527344,63.31999969482422,59.89020538330078,11563000
2024-05-10,63.58000183105469,63.91999816894531,63.119998931884766,63.529998779296875,60.08882522583008,9548700
2024-05-13,63.619998931884766,63.95000076293945,63.369998931884766,63.400001525878906,59.96586608886719,6617900
2024-05-14,63.5099983215332,63.970001220703125,63.22999954223633,63.59000015258789,60.14557647705078,8322500
2024-05-15,63.630001068115234,64.38999938964844,63.599998474121094,64.23999786376953,60.76036834716797,9461300
2024-05-16,64.0999984741211,64.47000122070312,63.43000030517578,64.13999938964844,60.6657829284668,11682200
2024-05-17,64.37999725341797,64.55000305175781,63.900001525878906,64.06999969482422,60.599571228027344,8418400
2024-05-20,64.06999969482422,64.25,62.91999816894531,63.15999984741211,59.73886489868164,11792100
2024-05-21,63.2599983215332,64.87999725341797,63.20000076293945,64.73999786376953,61.233280181884766,11197200
2024-05-22,64.29000091552734,64.9800033569336,63.63999938964844,63.81999969482422,60.36311721801758,8855300
2024-05-23,63.79999923706055,64.02999877929688,62.5,63.02000045776367,59.6064567565918,11535000
2024-05-24,63.33000183105469,63.970001220703125,63.27000045776367,63.58000183105469,60.1361198425293,9424600
2024-05-28,63.22999954223633,63.56999969482422,62.349998474121094,62.45000076293945,59.067325592041016,8404400
2024-05-29,61.560001373291016,62.18000030517578,61.20000076293945,62.0099983215332,58.651161193847656,7224200
2024-05-30,62.099998474121094,62.47999954223633,61.61000061035156,61.93000030517578,58.57548904418945,10061500
2024-05-31,62.0,62.38999938964844,61.439998626708984,62.310001373291016,58.934906005859375,17351600
2024-06-03,62.91999816894531,63.0,61.31999969482422,61.91999816894531,58.56603240966797,11373900
2024-06-04,61.02000045776367,62.029998779296875,60.7599983215332,61.029998779296875,57.724246978759766,10424200
2024-06-05,61.279998779296875,61.86000061035156,60.93000030517578,61.77000045776367,58.42416000366211,8780700
2024-06-06,61.79999923706055,62.04999923706055,61.25,61.939998626708984,58.58495330810547,8537900
2024-06-07,61.599998474121094,62.59000015258789,61.58000183105469,61.779998779296875,58.43361282348633,8260800
2024-06-10,61.25,61.65999984741211,60.7400016784668,61.43000030517578,58.102577209472656,9302300
2024-06-11,60.77000045776367,60.790000915527344,58.900001525878906,59.13999938964844,55.936614990234375,16966800
2024-06-12,60.90999984741211,61.209999084472656,59.900001525878906,60.0099983215332,56.759483337402344,15398500
2024-06-13,59.75,60.369998931884766,59.150001525878906,60.22999954223633,56.96757888793945,9358200
2024-06-14,59.439998626708984,59.83000183105469,58.65999984741211,59.33000183105469,56.11632537841797,10511000
2024-06-17,59.220001220703125,60.529998779296875,58.849998474121094,60.060001373291016,56.80678176879883,15527500
2024-06-18,60.369998931884766,61.630001068115234,60.09000015258789,60.779998779296875,57.4877815246582,15768100
2024-06-20,60.41999816894531,61.02000045776367,60.349998474121094,60.619998931884766,57.33644485473633,9519200
2024-06-21,60.20000076293945,60.2599983215332,59.34000015258789,59.9900016784668,56.740577697753906,18976200
2024-06-24,60.099998474121094,61.779998779296875,59.84000015258789,61.34000015258789,58.017452239990234,13290500
2024-06-25,61.20000076293945,61.83000183105469,60.86000061035156,61.58000183105469,58.24445343017578,11643100
2024-06-26,61.22999954223633,61.40999984741211,60.560001373291016,61.25,57.93232727050781,12409300
2024-06-27,61.5,61.93000030517578,60.959999084472656,61.54999923706055,58.21607971191406,11285100
2024-06-28,62.029998779296875,63.58000183105469,61.810001373291016,63.459999084472656,60.022613525390625,20053200
2024-07-01,63.650001525878906,64.30000305175781,62.9900016784668,63.43000030517578,59.99424362182617,15334400
2024-07-02,63.290000915527344,64.70999908447266,63.279998779296875,64.68000030517578,61.17654037475586,10965600
2024-07-03,64.68000030517578,65.22000122070312,64.41000366210938,64.45999908447266,60.96845626831055,6574100
2024-07-05,64.5,64.55999755859375,63.75,64.02999877929688,60.56174087524414,7226200
2024-07-08,64.30000305175781,64.87000274658203,64.22000122070312,64.73999786376953,61.233280181884766,10349000
2024-07-09,64.80000305175781,66.76000213623047,64.73999786376953,66.55000305175781,62.945247650146484,16904300
2024-07-10,66.26000213623047,66.98999786376953,66.22000122070312,66.9800033569336,63.35194396972656,9817100
2024-07-11,66.19000244140625,66.5,65.30999755859375,65.70999908447266,62.15074920654297,20112300
2024-07-12,66.61000061035156,66.69000244140625,63.349998474121094,64.5199966430664,61.02519607543945,30125400
2024-07-15,64.68000030517578,65.55000305175781,63.880001068115234,65.13999938964844,61.61161422729492,16656600
2024-07-16,65.0,67.5199966430664,64.69999694824219,67.2699966430664,63.626243591308594,21170200
2024-07-17,66.83999633789062,67.80999755859375,66.62000274658203,67.61000061035156,63.94781494140625,17215300
2024-07-18,67.55000305175781,67.75,64.83999633789062,64.88999938964844,61.37516403198242,15796200
2024-07-19,64.93000030517578,65.9800033569336,64.55000305175781,65.13999938964844,61.61161422729492,8583100
2024-07-22,65.13999938964844,65.6500015258789,64.1500015258789,64.5,61.006290435791016,9925100
2024-07-23,64.51000213623047,65.04000091552734,64.27999877929688,64.66000366210938,61.157623291015625,6961200
2024-07-24,64.4000015258789,64.66999816894531,63.560001373291016,63.65999984741211,60.2117805480957,11591100
2024-07-25,63.810001373291016,65.6500015258789,63.34000015258789,64.37000274658203,60.88332748413086,12819700
2024-07-26,64.55000305175781,65.6500015258789,64.44000244140625,65.18000030517578,61.649452209472656,9661300
2024-07-29,65.30000305175781,65.33999633789062,64.13999938964844,64.30000305175781,60.81711959838867,7901900
2024-07-30,65.01000213623047,66.2300033569336,65.01000213623047,65.87000274658203,62.302085876464844,13554300
2024-07-31,65.91000366210938,66.02999877929688,64.83000183105469,64.87999725341797,61.365692138671875,15046500
2024-08-01,65.08000183105469,65.22000122070312,61.95000076293945,63.279998779296875,59.85237121582031,18052700
2024-08-02,59.66999816894531,60.599998474121094,58.400001525878906,58.7599983215332,55.57719802856445,30289300
2024-08-05,54.08000183105469,56.900001525878906,53.5099983215332,56.209999084472656,53.676876068115234,27977300
2024-08-06,56.38999938964844,57.65999984741211,56.09000015258789,56.560001373291016,54.0111083984375,16643100
2024-08-07,58.16999816894531,58.45000076293945,55.869998931884766,56.11000061035156,53.58138656616211,19221200
2024-08-08,56.849998474121094,58.36000061035156,56.810001373291016,58.0,55.38621139526367,17933300
2024-08-09,58.029998779296875,58.459999084472656,57.45000076293945,57.84000015258789,55.23341751098633,11421000
2024-08-12,58.29999923706055,58.68000030517578,57.72999954223633,57.84000015258789,55.23341751098633,15123500
2024-08-13,58.22999954223633,58.290000915527344,57.77000045776367,58.150001525878906,55.52945327758789,7478500
2024-08-14,58.369998931884766,59.529998779296875,58.279998779296875,59.279998779296875,56.60852813720703,12419500
2024-08-15,60.34000015258789,61.0099983215332,60.099998474121094,60.52000045776367,57.79264831542969,14159000
2024-08-16,60.33000183105469,61.52000045776367,60.33000183105469,61.400001525878906,58.63299560546875,9939700
2024-08-19,61.5,62.04999923706055,61.349998474121094,62.029998779296875,59.23460006713867,8882500
2024-08-20,61.59000015258789,61.70000076293945,61.09000015258789,61.310001373291016,58.54704666137695,8661300
2024-08-21,61.400001525878906,61.45000076293945,59.880001068115234,60.529998779296875,57.80219268798828,14414900
2024-08-22,60.75,60.75,60.11000061035156,60.41999816894531,57.697147369384766,7848500
2024-08-23,60.869998931884766,62.459999084472656,60.7400016784668,62.13999938964844,59.33964157104492,13299700
2024-08-26,62.36000061035156,62.599998474121094,61.56999969482422,61.790000915527344,59.00542068481445,9384200
2024-08-27,61.90999984741211,62.18000030517578,61.459999084472656,61.68000030517578,58.90037155151367,7294800
2024-08-28,61.349998474121094,61.9900016784668,61.150001525878906,61.58000183105469,58.80488204956055,7692900
2024-08-29,62.0099983215332,62.220001220703125,61.16999816894531,61.880001068115234,59.09135818481445,8368000
2024-08-30,61.95000076293945,62.70000076293945,61.65999984741211,62.63999938964844,59.817100524902344,10806500
2024-09-03,62.040000915527344,62.38999938964844,60.970001220703125,61.459999084472656,58.69028854370117,11055200
2024-09-04,61.56999969482422,62.06999969482422,60.40999984741211,60.959999084472656,58.21281051635742,11436800
2024-09-05,61.61000061035156,61.790000915527344,60.34000015258789,60.630001068115234,57.89768981933594,10243900
2024-09-06,60.70000076293945,61.08000183105469,58.79999923706055,59.09000015258789,56.427085876464844,14094000
2024-09-09,59.90999984741211,60.66999816894531,58.16999816894531,59.540000915527344,56.856815338134766,19811700
2024-09-10,59.88999938964844,59.88999938964844,56.689998626708984,57.95000076293945,55.33846664428711,22482300
2024-09-11,57.59000015258789,57.59000015258789,56.18000030517578,57.29999923706055,54.71775817871094,16569400
2024-09-12,57.369998931884766,57.86000061035156,56.83000183105469,57.33000183105469,54.74641036987305,12937800
2024-09-13,57.709999084472656,58.279998779296875,57.43000030517578,57.66999816894531,55.071083068847656,10379400
2024-09-16,57.93000030517578,58.790000915527344,57.93000030517578,58.38999938964844,55.758636474609375,9912700
2024-09-17,58.86000061035156,59.40999984741211,58.7599983215332,59.290000915527344,56.61807632446289,10630400
2024-09-18,59.75,60.880001068115234,59.290000915527344,59.900001525878906,57.200592041015625,13638700
2024-09-19,60.91999816894531,63.16999816894531,60.599998474121094,63.02000045776367,60.17998504638672,21860600
2024-09-20,62.52000045776367,62.650001525878906,61.68000030517578,62.13999938964844,59.33964157104492,18331800
2024-09-23,62.220001220703125,62.869998931884766,62.16999816894531,62.58000183105469,59.75981140136719,11508200
2024-09-24,62.68000030517578,62.900001525878906,61.119998931884766,61.369998931884766,58.60433578491211,12046200
2024-09-25,61.119998931884766,61.290000915527344,60.11000061035156,60.380001068115234,57.658958435058594,12763800
2024-09-26,61.04999923706055,62.0,60.86000061035156,61.709999084472656,58.929019927978516,12844500
2024-09-27,62.0099983215332,62.61000061035156,61.790000915527344,61.869998931884766,59.08180618286133,8144600
2024-09-30,61.68000030517578,62.63999938964844,61.2400016784668,62.599998474121094,59.778907775878906,11316400
2024-10-01,62.220001220703125,62.349998474121094,61.0099983215332,61.810001373291016,59.024513244628906,13550100
2024-10-02,61.70000076293945,62.529998779296875,61.310001373291016,62.029998779296875,59.23460006713867,7380800
2024-10-03,61.5,61.65999984741211,60.93000030517578,61.310001373291016,58.54704666137695,7939800
2024-10-04,62.470001220703125,62.93000030517578,61.810001373291016,62.63999938964844,59.817100524902344,10097900
2024-10-07,62.4900016784668,63.029998779296875,62.06999969482422,62.599998474121094,59.778907775878906,6954300
2024-10-08,62.900001525878906,63.36000061035156,62.4900016784668,63.2400016784668,60.390071868896484,8245700
2024-10-09,63.16999816894531,64.25,63.040000915527344,64.12000274658203,61.23041534423828,8636400
2024-10-10,64.0,64.11000061035156,63.11000061035156,63.47999954223633,60.61925506591797,8708600
2024-10-11,64.12000274658203,66.0999984741211,64.0999984741211,65.73999786376953,62.777400970458984,15512400
2024-10-14,65.80999755859375,66.43000030517578,65.6500015258789,66.01000213623047,63.03523635864258,14682900
2024-10-15,66.75,67.16000366210938,62.529998779296875,62.63999938964844,59.817100524902344,35348100
2024-10-16,63.439998626708984,64.44000244140625,63.400001525878906,64.25,61.35455322265625,20208800
2024-10-17,64.7300033569336,65.16999816894531,63.77000045776367,63.970001220703125,61.08717346191406,13439600
2024-10-18,64.12000274658203,64.12000274658203,62.72999954223633,62.849998474121094,60.01764678955078,13841200
2024-10-21,62.790000915527344,62.90999984741211,61.72999954223633,61.83000183105469,59.04361343383789,12188500
2024-10-22,61.59000015258789,63.689998626708984,61.29999923706055,63.560001373291016,60.695648193359375,14347300
2024-10-23,63.18000030517578,63.630001068115234,62.619998931884766,63.099998474121094,60.25637435913086,8720500
2024-10-24,63.0099983215332,63.29999923706055,62.38999938964844,63.0,60.160884857177734,11420300
2024-10-25,63.650001525878906,63.7400016784668,61.689998626708984,61.7599983215332,58.97676086425781,9697800
2024-10-28,62.349998474121094,64.3499984741211,62.220001220703125,64.16000366210938,61.26860809326172,14637700
2024-10-29,64.06999969482422,64.93000030517578,63.83000183105469,64.69000244140625,61.77472686767578,13134100
2024-10-30,64.19999694824219,65.2300033569336,64.13999938964844,64.5,61.59328842163086,11717600
2024-10-31,64.55999755859375,65.0199966430664,64.08999633789062,64.16999816894531,61.278160095214844,10042800
2024-11-01,64.33000183105469,64.80999755859375,63.689998626708984,63.709999084472656,60.83888626098633,11557700
2024-11-04,62.9900016784668,63.630001068115234,62.22999954223633,62.349998474121094,60.06816864013672,9419600
2024-11-05,63.0,63.7400016784668,62.72999954223633,63.66999816894531,61.33985900878906,12649800
2024-11-06,68.4000015258789,70.08999633789062,68.29000091552734,69.02999877929688,66.50369262695312,41957700
2024-11-07,68.19999694824219,68.94999694824219,67.76000213623047,68.11000061035156,65.61736297607422,18582000
2024-11-08,68.72000122070312,69.12999725341797,68.08999633789062,68.62999725341797,66.11833190917969,14973300
2024-11-11,69.5,70.19999694824219,69.19999694824219,69.80000305175781,67.24551391601562,19173100
2024-11-12,69.52999877929688,69.98999786376953,68.87000274658203,69.0199966430664,66.49405670166016,15766500
2024-11-13,69.06999969482422,69.79000091552734,68.80999755859375,68.88999938964844,66.36882781982422,10525300
2024-11-14,69.30000305175781,69.30000305175781,67.47000122070312,68.1500015258789,65.65591430664062,15043500
2024-11-15,68.0,68.95999908447266,67.88999938964844,68.76000213623047,66.24358367919922,15372900
2024-11-18,68.68000030517578,69.27999877929688,68.37000274658203,69.0,66.47480010986328,11519000
2024-11-19,68.0,68.88999938964844,67.69999694824219,68.5999984741211,66.08943176269531,14428200
2024-11-20,69.13999938964844,69.48999786376953,68.0,68.27999877929688,65.78113555908203,10495600
2024-11-21,68.80000305175781,69.47000122070312,68.41000366210938,68.94999694824219,66.42662048339844,11390300
2024-11-22,68.91000366210938,70.19999694824219,68.44999694824219,69.83999633789062,67.28404235839844,16671600
2024-11-25,70.44000244140625,71.19000244140625,70.02999877929688,70.75,68.1607437133789,19558100
2024-11-26,70.36000061035156,70.4800033569336,69.33000183105469,69.75,67.19734191894531,11605200
2024-11-27,69.7699966430664,70.4000015258789,69.66000366210938,70.16000366210938,67.59233856201172,9736100
2024-11-29,70.2699966430664,71.08999633789062,70.22000122070312,70.87000274658203,68.27635192871094,8606500
2024-12-02,71.26000213623047,71.6500015258789,70.87999725341797,71.38999938964844,68.77732849121094,11932600
2024-12-03,72.19000244140625,72.80000305175781,71.2699966430664,71.41999816894531,68.80623626708984,17544200
2024-12-04,71.5,71.72000122070312,70.5,71.5,68.88330078125,12331900
2024-12-05,71.83000183105469,72.8499984741211,71.63999938964844,72.2300033569336,69.58658599853516,14307600
2024-12-06,72.30999755859375,72.5999984741211,71.70999908447266,72.1500015258789,69.50950622558594,8781100
2024-12-09,72.30000305175781,72.80000305175781,71.83999633789062,71.86000061035156,69.2301254272461,11957500
2024-12-10,72.0,73.37999725341797,71.58000183105469,72.5,69.84671020507812,16833400
2024-12-11,73.0,73.26000213623047,71.2699966430664,71.95999908447266,69.32646942138672,22533600
2024-12-12,71.86000061035156,72.33000183105469,71.41000366210938,71.43000030517578,68.81586456298828,8893000
2024-12-13,71.70999908447266,71.91000366210938,70.76000213623047,71.01000213623047,68.41123962402344,9819900
2024-12-16,71.2699966430664,71.7699966430664,70.83000183105469,71.48999786376953,68.87366485595703,11833800
2024-12-17,70.9000015258789,71.3499984741211,70.80000305175781,71.12000274658203,68.5172119140625,12639000
2024-12-18,71.18000030517578,71.47000122070312,67.91999816894531,68.12000274658203,65.62700653076172,18028000
2024-12-19,69.20999908447266,69.83999633789062,68.31999969482422,68.41999816894531,65.91602325439453,13464300
2024-12-20,68.29000091552734,70.26000213623047,68.02999877929688,69.19000244140625,66.65784454345703,27720100
2024-12-23,69.36000061035156,69.87999725341797,68.87000274658203,69.7699966430664,67.21659851074219,8248000
2024-12-24,70.0999984741211,71.20999908447266,69.94000244140625,71.0,68.401611328125,6544900
2024-12-26,70.54000091552734,71.47000122070312,70.51000213623047,71.3499984741211,68.7387924194336,6341700
2024-12-27,70.86000061035156,71.52999877929688,70.54000091552734,71.0,68.401611328125,7743100
2024-12-30,70.18000030517578,70.83000183105469,69.79000091552734,70.38999938964844,67.81392669677734,6664400
2024-12-31,70.55000305175781,70.95999908447266,70.1500015258789,70.38999938964844,67.81392669677734,6393000
2025-01-02,70.94000244140625,71.16000366210938,69.6500015258789,69.94000244140625,67.38040161132812,9827400
2025-01-03,70.87999725341797,71.08999633789062,69.8499984741211,71.0,68.401611328125,11342900
2025-01-06,72.2300033569336,73.98999786376953,71.87999725341797,72.73999786376953,70.07791137695312,19199700
2025-01-07,73.9000015258789,74.29000091552734,72.73999786376953,73.68000030517578,70.9835205078125,18309400
2025-01-08,73.44999694824219,73.47000122070312,72.69000244140625,73.26000213623047,70.57889556884766,13742800
2025-01-10,72.45999908447266,72.45999908447266,71.0199966430664,71.4000015258789,68.7869644165039,13217700
2025-01-13,70.9800033569336,73.0,70.9800033569336,72.7699966430664,70.10681915283203,16720600
2025-01-14,73.31999969482422,73.98999786376953,73.13999938964844,73.5,70.81010437011719,19576000
2025-01-15,76.19999694824219,79.25,75.86000061035156,78.2699966430664,75.4055404663086,44903000
2025-01-16,77.83000183105469,78.76000213623047,77.76000213623047,78.51000213623047,75.63676452636719,21463100
2025-01-17,78.55000305175781,80.44999694824219,78.16000366210938,79.98999786376953,77.0625991821289,22084800
2025-01-21,80.43000030517578,81.8499984741211,79.91999816894531,81.66999816894531,78.68111419677734,21297400
2025-01-22,81.47000122070312,82.27999877929688,81.2300033569336,81.69000244140625,78.70037841796875,14725700
2025-01-23,82.0,82.7699966430664,81.80000305175781,81.9800033569336,78.9797592163086,14435200
2025-01-24,81.48999786376953,82.12000274658203,81.33999633789062,81.4800033569336,78.4980697631836,16025200
2025-01-27,80.75,81.41000366210938,80.22000122070312,81.06999969482422,78.10306549072266,12782800
2025-01-28,81.22000122070312,81.4000015258789,79.4800033569336,79.94000244140625,77.0144271850586,16521700
2025-01-29,79.87999725341797,81.5999984741211,79.87999725341797,80.62999725341797,77.67916107177734,10573000
2025-01-30,81.29000091552734,82.62000274658203,80.98999786376953,81.86000061035156,78.8641586303711,10775500
2025-01-31,81.69000244140625,82.33999633789062,81.06999969482422,81.43000030517578,78.44989776611328,12818300
2025-02-03,78.5,79.91000366210938,76.88999938964844,79.61000061035156,77.22760009765625,20998500
2025-02-04,80.11000061035156,80.23999786376953,78.36000061035156,78.4800033569336,76.13141632080078,13417700
2025-02-05,79.04000091552734,79.5999984741211,78.20999908447266,79.45999908447266,77.08209228515625,10736100
2025-02-06,80.23999786376953,82.5,79.93000030517578,82.33000183105469,79.86620330810547,19545700
2025-02-07,82.43000030517578,82.91000366210938,81.3499984741211,81.72000122070312,79.27445983886719,10310300
2025-02-10,81.62999725341797,81.81999969482422,80.06999969482422,80.7300033569336,78.3140869140625,10681600
2025-02-11,80.45999908447266,81.52999877929688,80.22000122070312,81.11000061035156,78.6827163696289,9993800
2025-02-12,80.16999816894531,81.29000091552734,80.01000213623047,81.2699966430664,78.8379135131836,10448100
2025-02-13,81.4000015258789,82.12999725341797,80.77999877929688,82.0999984741211,79.6430892944336,11108400
2025-02-14,82.41000366210938,84.66999816894531,82.2300033569336,84.61000061035156,82.07797241210938,16035000
2025-02-18,83.94000244140625,84.73999786376953,83.55000305175781,84.62999725341797,82.09736633300781,17907000
2025-02-19,84.05999755859375,84.2300033569336,83.44999694824219,83.94000244140625,81.42801666259766,9710800
2025-02-20,83.83999633789062,84.05999755859375,80.94000244140625,81.33999633789062,78.90583038330078,15160300
2025-02-21,81.80000305175781,81.91000366210938,79.61000061035156,79.6500015258789,77.26640319824219,14907800
2025-02-24,80.22000122070312,80.69000244140625,77.06999969482422,78.54000091552734,76.18962097167969,12830000
2025-02-25,79.18000030517578,79.56999969482422,76.45999908447266,78.13999938964844,75.80158233642578,14501400
2025-02-26,78.80000305175781,80.08999633789062,78.47000122070312,79.06999969482422,76.70375061035156,13115000
2025-02-27,79.55999755859375,80.37000274658203,78.66000366210938,78.87000274658203,76.5097427368164,8485900
2025-02-28,79.22000122070312,79.97000122070312,77.61000061035156,79.94999694824219,77.55742645263672,21233600
2025-03-03,80.0,80.43000030517578,76.25,77.16999816894531,74.8606185913086,20121100
2025-03-04,74.54000091552734,74.86000061035156,70.62999725341797,72.3499984741211,70.18485260009766,33983900
2025-03-05,72.5999984741211,73.52999877929688,71.69999694824219,72.95999908447266,70.77660369873047,17214200
2025-03-06,71.80999755859375,72.38999938964844,70.04000091552734,70.58000183105469,68.46783447265625,18550800
2025-03-07,70.18000030517578,70.73999786376953,68.06999969482422,70.45999908447266,68.3514175415039,18212900
2025-03-10,68.48999786376953,68.7300033569336,66.05000305175781,67.41000366210938,65.3927001953125,22378400
2025-03-11,67.29000091552734,68.47000122070312,66.16999816894531,67.5,65.48001098632812,21269200
2025-03-12,68.79000091552734,69.11000061035156,66.87000274658203,67.94999694824219,65.91653442382812,16131100
2025-03-13,68.4000015258789,69.13999938964844,66.7300033569336,67.2300033569336,65.21808624267578,17125200
2025-03-14,67.97000122070312,69.0,67.58000183105469,68.77999877929688,66.7217025756836,12727300
2025-03-17,68.88999938964844,70.36000061035156,68.68000030517578,69.94000244140625,67.84698486328125,12531700
2025-03-18,69.97000122070312,70.48999786376953,69.58999633789062,70.22000122070312,68.11859893798828,12289900
2025-03-19,70.36000061035156,72.18000030517578,69.66999816894531,71.44000244140625,69.30209350585938,14400600
2025-03-20,70.9800033569336,72.9800033569336,70.54000091552734,71.81999969482422,69.67072296142578,15315600
2025-03-21,71.27999877929688,72.25,70.7699966430664,71.9800033569336,69.82593536376953,21724000
2025-03-24,73.26000213623047,74.3499984741211,72.66999816894531,74.04000091552734,71.82428741455078,15310600
2025-03-25,74.3499984741211,74.80000305175781,73.72000122070312,74.47000122070312,72.24141693115234,10922200
2025-03-26,74.81999969482422,75.05999755859375,73.05999755859375,73.23999786376953,71.04823303222656,12345800
2025-03-27,72.98999786376953,72.98999786376953,71.76000213623047,71.8499984741211,69.6998291015625,13155800
2025-03-28,71.58999633789062,72.19999694824219,69.68000030517578,70.33000183105469,68.22530364990234,13630700
2025-03-31,69.5,71.19999694824219,68.41000366210938,70.98999786376953,68.86556243896484,15568400
2025-04-01,70.37999725341797,70.87999725341797,69.27999877929688,70.54000091552734,68.42902374267578,10957100
2025-04-02,69.66999816894531,71.95999908447266,69.5999984741211,71.76000213623047,69.61251831054688,9731700
2025-04-03,66.16999816894531,66.80000305175781,62.900001525878906,63.04999923706055,61.163169860839844,39469500
2025-04-04,60.25,60.41999816894531,56.310001373291016,58.130001068115234,56.390411376953125,51730500
2025-04-07,56.15999984741211,61.33000183105469,55.5099983215332,58.849998474121094,57.0888557434082,37487700
2025-04-08,61.2400016784668,62.65999984741211,57.56999969482422,58.77000045776367,57.011253356933594,30272300
2025-04-09,56.7599983215332,65.75,56.06999969482422,64.1500015258789,62.230255126953125,49437900
2025-04-10,62.09000015258789,62.5,59.08000183105469,61.59000015258789,59.746864318847656,25912800
2025-04-11,60.880001068115234,62.310001373291016,59.91999816894531,61.63999938964844,59.79536819458008,24776000
2025-04-14,63.349998474121094,64.43000030517578,62.70000076293945,63.220001220703125,61.328086853027344,20385900
2025-04-15,64.19000244140625,66.29000091552734,63.84000015258789,64.33000183105469,62.404869079589844,24738400
2025-04-16,63.060001373291016,63.81999969482422,61.29999923706055,62.099998474121094,60.24160385131836,21922600
2025-04-17,62.18000030517578,63.779998779296875,61.84000015258789,63.25,61.35718536376953,14656300
2025-04-21,62.75,63.13999938964844,61.95000076293945,62.689998626708984,60.813941955566406,15136000
2025-04-22,63.52000045776367,64.97000122070312,63.5099983215332,64.55000305175781,62.618289947509766,13252300
2025-04-23,66.47000122070312,68.81999969482422,66.16000366210938,66.30000305175781,64.31591796875,17243900
2025-04-24,66.26000213623047,68.33999633789062,65.77999877929688,68.16000366210938,66.12024688720703,13672300
2025-04-25,67.86000061035156,68.70999908447266,67.76000213623047,68.43000030517578,66.38216400146484,12253400
2025-04-28,68.66000366210938,69.4000015258789,67.7699966430664,68.27999877929688,66.23665618896484,14304800
2025-04-29,68.02999877929688,69.11000061035156,67.97000122070312,68.87999725341797,66.8187026977539,8862800
2025-04-30,67.51000213623047,68.66000366210938,66.72000122070312,68.37999725341797,66.33366394042969,15756500
2025-05-01,68.20999908447266,68.9000015258789,67.88999938964844,68.13999938964844,66.10084533691406,9682300
2025-05-02,69.58000183105469,70.83000183105469,69.36000061035156,70.58999633789062,68.47753143310547,13291200
2025-05-05,69.27999877929688,70.94000244140625,69.23999786376953,70.23999786376953,68.68286895751953,10318500
2025-05-06,69.44999694824219,70.2699966430664,69.16999816894531,69.47000122070312,67.92994689941406,7744300
2025-05-07,69.75,70.69000244140625,69.6500015258789,70.25,68.69265747070312,11619200
2025-05-08,71.0,72.23999786376953,70.94999694824219,71.63999938964844,70.05183410644531,12698400
2025-05-09,72.04000091552734,72.26000213623047,71.29000091552734,71.44999694824219,69.86605072021484,8941900
2025-05-12,74.5999984741211,75.6500015258789,74.29000091552734,74.91000366210938,73.24934387207031,18464100
2025-05-13,75.12999725341797,76.2699966430664,75.02999877929688,75.56999969482422,73.89472198486328,12397800
2025-05-14,75.62999725341797,75.86000061035156,74.97000122070312,75.29000091552734,73.62092590332031,11372000
2025-05-15,74.58999633789062,76.16999816894531,74.47000122070312,75.95999908447266,74.27607727050781,12627700
2025-05-16,75.37999725341797,75.88999938964844,75.12000274658203,75.72000122070312,74.04139709472656,14008700
2025-05-19,75.0,76.31999969482422,74.79000091552734,76.12999725341797,74.44230651855469,12691700
2025-05-20,75.8499984741211,76.05000305175781,75.41999816894531,75.9000015258789,74.2174072265625,8930900
2025-05-21,74.9800033569336,75.41999816894531,73.19999694824219,73.41999816894531,71.7923812866211,17143800
2025-05-22,73.22000122070312,73.91000366210938,72.91999816894531,73.41999816894531,71.7923812866211,12067800
2025-05-23,71.6500015258789,73.4000015258789,71.6500015258789,73.08999633789062,71.46968841552734,9851900
2025-05-27,74.16000366210938,75.55000305175781,73.48999786376953,75.47000122070312,73.79693603515625,12148500
2025-05-28,75.56999969482422,75.75,74.79000091552734,75.02999877929688,73.36668395996094,9993200
2025-05-29,75.5999984741211,75.72000122070312,74.68000030517578,75.52999877929688,73.85560607910156,11879200
2025-05-30,75.30999755859375,75.5199966430664,74.4800033569336,75.31999969482422,73.65025329589844,12512200
2025-06-02,75.16000366210938,75.9000015258789,74.30000305175781,75.80000305175781,74.11962127685547,9073400
2025-06-03,75.62999725341797,76.73999786376953,75.44000244140625,76.52999877929688,74.83343505859375,9802600
2025-06-04,76.5,77.58000183105469,76.3499984741211,76.4000015258789,74.7063217163086,10119600
2025-06-05,76.61000061035156,77.2699966430664,75.66000366210938,76.66999816894531,74.97032928466797,14760500
2025-06-06,77.70999908447266,78.41000366210938,77.4800033569336,78.26000213623047,76.52508544921875,11515200
2025-06-09,78.5999984741211,78.91000366210938,78.11000061035156,78.16999816894531,76.43707275390625,9288000
2025-06-10,77.83000183105469,78.31999969482422,77.5199966430664,78.02999877929688,76.3001708984375,10942400
2025-06-11,78.19999694824219,78.91999816894531,77.86000061035156,78.37999725341797,76.64241790771484,9030500
2025-06-12,77.80000305175781,78.26000213623047,77.33999633789062,78.2300033569336,76.4957504272461,6739700
2025-06-13,77.04000091552734,77.2300033569336,76.11000061035156,76.36000061035156,74.66720581054688,11987200
2025-06-16,77.12999725341797,78.30000305175781,76.94999694824219,78.06999969482422,76.33928680419922,10396600
2025-06-17,77.5,77.98999786376953,77.11000061035156,77.36000061035156,75.6450424194336,8078600
2025-06-18,77.4000015258789,78.97000122070312,77.26000213623047,78.3499984741211,76.61308288574219,14866100
2025-06-20,78.87999725341797,79.2699966430664,78.33000183105469,78.44999694824219,76.71086883544922,17336500
2025-06-23,78.37000274658203,79.44999694824219,77.51000213623047,79.36000061035156,77.60070037841797,12007200
2025-06-24,80.0,81.44999694824219,79.87999725341797,81.13999938964844,79.34123992919922,18393000
2025-06-25,81.13999938964844,82.70999908447266,81.08000183105469,82.62999725341797,80.79820251464844,13221900
2025-06-26,82.66999816894531,84.79000091552734,82.66999816894531,84.37000274658203,82.49964141845703,18600500
2025-06-27,84.48999786376953,84.56999969482422,83.80999755859375,84.37999725341797,82.5093994140625,21872400
2025-06-30,84.9000015258789,85.44000244140625,84.61000061035156,85.12000274658203,83.23300170898438,18035200
2025-07-01,85.0,86.4800033569336,84.7699966430664,86.2699966430664,84.35750579833984,17088900
2025-07-02,86.48999786376953,86.93000030517578,85.45999908447266,86.76000213623047,84.83665466308594,13420200
2025-07-03,87.12999725341797,88.80000305175781,86.8499984741211,88.72000122070312,86.75320434570312,13229900
2025-07-07,88.12999725341797,88.83000183105469,87.13999938964844,87.5999984741211,85.65802764892578,12407300
2025-07-08,87.61000061035156,87.79000091552734,85.4800033569336,85.56999969482422,83.67302703857422,18075600
2025-07-09,86.63999938964844,86.63999938964844,85.58999633789062,85.79000091552734,83.8881607055664,9929400
2025-07-10,85.83000183105469,87.08000183105469,85.76000213623047,87.08000183105469,85.14956665039062,9586100
2025-07-11,85.91999816894531,86.95999908447266,85.62000274658203,86.7300033569336,84.80732727050781,10256000
2025-07-14,86.4800033569336,87.52999877929688,86.22000122070312,87.5,85.56024169921875,13450800
2025-07-15,88.6500015258789,91.80000305175781,88.12000274658203,90.72000122070312,88.70886993408203,39270900
2025-07-16,91.4800033569336,91.62000274658203,88.2300033569336,90.0199966430664,88.02437591552734,23321000
2025-07-17,90.12999725341797,93.19999694824219,89.87999725341797,93.08999633789062,91.02632141113281,23949200
2025-07-18,93.1500015258789,93.80000305175781,92.73999786376953,93.44999694824219,91.37834167480469,16603700
2025-07-21,93.58999633789062,94.08000183105469,92.52999877929688,92.6500015258789,90.59608459472656,11894500
2025-07-22,93.56999969482422,94.4800033569336,92.72000122070312,94.0,91.91615295410156,15282600
2025-07-23,94.5,95.98999786376953,94.4800033569336,95.98999786376953,93.8620376586914,22339800
2025-07-24,96.29000091552734,96.91000366210938,95.30000305175781,95.38999938964844,93.27532958984375,15644400
2025-07-25,95.38999938964844,96.19000244140625,94.43000030517578,96.06999969482422,93.94026184082031,13543400
2025-07-28,96.06999969482422,96.19999694824219,95.06999969482422,95.55000305175781,93.43179321289062,19370700
2025-07-29,96.0,96.11000061035156,94.36000061035156,94.4800033569336,92.38551330566406,13169900
2025-07-30,94.9000015258789,95.98999786376953,94.58000183105469,95.80999755859375,93.68602752685547,13998000
2025-07-31,95.47000122070312,96.1500015258789,93.55000305175781,93.69999694824219,91.62279510498047,14638800
2025-08-01,91.8499984741211,92.02999877929688,87.94000244140625,91.83000183105469,89.79425811767578,17725600
2025-08-04,91.75,92.81999969482422,91.52999877929688,92.08000183105469,90.63087463378906,11611400
2025-08-05,92.33000183105469,92.72000122070312,89.68000030517578,91.5199966430664,90.0796890258789,19836100
2025-08-06,91.87999725341797,92.62999725341797,91.61000061035156,92.2300033569336,90.77851867675781,13153600
2025-08-07,93.23999786376953,93.25,91.0999984741211,91.2300033569336,89.79425811767578,12964000
2025-08-08,91.97000122070312,93.29000091552734,91.33999633789062,92.7300033569336,91.27064514160156,10772600
2025-08-11,93.02999877929688,93.16999816894531,90.80000305175781,92.30999755859375,90.85726165771484,12133300
2025-08-12,93.22000122070312,95.76000213623047,93.01000213623047,95.73999786376953,94.23326873779297,21046400
2025-08-13,96.0,96.19999694824219,94.58000183105469,94.6500015258789,93.16043853759766,16605000
2025-08-14,94.45999908447266,95.48999786376953,94.2300033569336,95.45999908447266,93.95768737792969,13288800
2025-08-15,95.45999908447266,95.5,93.58999633789062,93.69000244140625,92.21553802490234,12000400
2025-08-18,93.3499984741211,94.36000061035156,93.33000183105469,94.22000122070312,92.73719787597656,8780700
2025-08-19,93.97000122070312,94.3499984741211,93.43000030517578,93.73999786376953,92.26475524902344,11504400
2025-08-20,93.52999877929688,93.75,90.68000030517578,93.16999816894531,91.70372772216797,13447400
2025-08-21,92.8499984741211,92.86000061035156,91.45999908447266,92.58999633789062,91.13285064697266,17635200
2025-08-22,92.95999908447266,95.62000274658203,92.83999633789062,95.26000213623047,93.76083374023438,20124400
2025-08-25,95.2300033569336,95.44999694824219,94.87999725341797,95.0,93.50492095947266,8647000
2025-08-26,94.68000030517578,95.73999786376953,94.02999877929688,95.72000122070312,94.2136001586914,11031100
2025-08-27,95.1500015258789,97.44999694824219,95.08999633789062,96.87000274658203,95.34549713134766,11315600
2025-08-28,97.37000274658203,97.48999786376953,96.54000091552734,96.81999969482422,95.29627990722656,10878900
2025-08-29,96.6500015258789,96.98999786376953,96.05000305175781,96.56999969482422,95.05021667480469,8362600
2025-09-02,95.0199966430664,95.0199966430664,92.95999908447266,94.77999877929688,93.28838348388672,15128800
2025-09-03,94.88999938964844,95.23999786376953,93.4000015258789,95.02999877929688,93.53445434570312,14158800
2025-09-04,95.30000305175781,97.1500015258789,95.30000305175781,97.08000183105469,95.55219268798828,12900100
2025-09-05,97.37000274658203,97.9800033569336,94.1500015258789,95.4000015258789,93.89862823486328,17020800
2025-09-08,95.86000061035156,95.97000122070312,94.63999938964844,95.87000274658203,94.36123657226562,11398800
2025-09-09,95.5,98.13999938964844,95.44999694824219,97.33999633789062,95.80809020996094,18101600
2025-09-10,97.5,98.37999725341797,96.51000213623047,97.16999816894531,95.6407699584961,12238300
2025-09-11,97.3499984741211,99.04000091552734,96.88999938964844,98.81999969482422,97.26480102539062,13426500
2025-09-12,98.77999877929688,99.69999694824219,98.44000244140625,99.44000244140625,97.87505340576172,9502900
2025-09-15,99.80000305175781,100.16999816894531,99.4000015258789,99.79000091552734,98.21954345703125,10620100
2025-09-16,99.86000061035156,100.8499984741211,99.20999908447266,100.63999938964844,99.05615997314453,12350700
2025-09-17,100.48999786376953,102.20999908447266,100.41000366210938,101.76000213623047,100.15853881835938,14371600
2025-09-18,101.97000122070312,102.69999694824219,101.69000244140625,102.41000366210938,100.79830932617188,11677600
2025-09-19,102.54000091552734,103.12999725341797,101.87000274658203,102.68000030517578,101.06405639648438,24745700
2025-09-22,101.76000213623047,103.80999755859375,101.69999694824219,103.48999786376953,101.8613052368164,11474500
2025-09-23,103.52999877929688,105.58999633789062,102.41000366210938,103.0,101.37902069091797,15747900
2025-09-24,103.38999938964844,104.06999969482422,101.62000274658203,101.6500015258789,100.0502700805664,12272400
2025-09-25,101.02999877929688,102.26000213623047,100.1500015258789,102.11000061035156,100.5030288696289,11232900
2025-09-26,102.51000213623047,104.31999969482422,102.51000213623047,103.41999816894531,101.79241943359375,11296300
2025-09-29,104.1500015258789,104.38999938964844,102.87999725341797,103.16000366210938,101.53650665283203,10748700
2025-09-30,103.0999984741211,103.62000274658203,99.13999938964844,101.5,99.90262603759766,17789100
2025-10-01,100.94000244140625,101.13999938964844,98.62000274658203,98.70999908447266,97.15653991699219,13793300
2025-10-02,99.08000183105469,99.44999694824219,96.69999694824219,97.33999633789062,95.80809020996094,14511900
2025-10-03,97.33999633789062,98.58000183105469,97.30000305175781,97.73999786376953,96.20179748535156,13863600
2025-10-06,99.19999694824219,100.05999755859375,97.04000091552734,98.05000305175781,96.50692749023438,10398000
2025-10-07,98.44999694824219,98.86000061035156,96.68000030517578,97.80000305175781,96.2608642578125,8519400
2025-10-08,98.19000244140625,98.19000244140625,96.58999633789062,96.69999694824219,95.17816925048828,8496000
2025-10-09,97.0199966430664,97.30000305175781,95.45999908447266,95.91999816894531,94.41044616699219,11300600
2025-10-10,96.19999694824219,97.9000015258789,93.66000366210938,93.93000030517578,92.4517593383789,18619500
2025-10-13,95.56999969482422,96.95999908447266,95.41000366210938,96.0999984741211,94.58760833740234,18463600
2025-10-14,95.37000274658203,101.22000122070312,95.04000091552734,99.83999633789062,98.26874542236328,33164600
2025-10-15,101.19000244140625,102.1500015258789,98.83999633789062,99.77999877929688,98.2096939086914,15730100
2025-10-16,100.20999908447266,100.69999694824219,95.23999786376953,96.26000213623047,94.7450942993164,20534000
2025-10-17,96.20999908447266,98.01000213623047,95.27999877929688,97.06999969482422,95.54235076904297,14007800
2025-10-20,97.47000122070312,99.5999984741211,97.12000274658203,99.30000305175781,97.73725128173828,11302700
2025-10-21,98.93000030517578,99.4000015258789,97.97000122070312,98.25,96.70378112792969,9150100
2025-10-22,98.19000244140625,98.4800033569336,95.0,96.30000305175781,94.78446960449219,14369200
2025-10-23,96.81999969482422,97.52999877929688,96.30000305175781,96.69000244140625,95.1683349609375,8189100
2025-10-24,97.38999938964844,99.51000213623047,97.3499984741211,98.77999877929688,97.22542572021484,11870700
2025-10-27,99.30000305175781,101.2300033569336,99.0999984741211,100.98999786376953,99.40065002441406,13214200
2025-10-28,101.0,101.52999877929688,100.12999725341797,101.38999938964844,99.79435729980469,8766400
2025-10-29,101.29000091552734,101.94000244140625,99.02999877929688,99.12000274658203,97.56008911132812,11878800
2025-10-30,98.62999725341797,101.45999908447266,98.30999755859375,100.22000122070312,98.64277648925781,9584000
2025-10-31,99.9000015258789,101.51000213623047,99.72000122070312,101.2300033569336,99.63687896728516,11190300
2025-11-03,100.72000122070312,101.63999938964844,99.05000305175781,101.61000061035156,100.6072006225586,10829100
2025-11-04,100.1500015258789,102.55000305175781,98.69000244140625,101.01000213623047,100.01313018798828,13449100
2025-11-05,101.25,102.27999877929688,99.01000213623047,101.69000244140625,100.68641662597656,9992400
2025-11-06,101.47000122070312,102.33999633789062,99.97000122070312,100.8499984741211,99.85470581054688,9282500
2025-11-07,100.01000213623047,100.83000183105469,97.37000274658203,100.79000091552734,99.79529571533203,14887100
2025-11-10,101.26000213623047,102.9000015258789,100.30999755859375,101.48999786376953,100.48838806152344,11270600
2025-11-11,101.63999938964844,102.08999633789062,100.30999755859375,100.76000213623047,99.76559448242188,9639500
2025-11-12,101.20999908447266,103.86000061035156,101.18000030517578,102.87000274658203,101.85477447509766,15069200
2025-11-13,102.44999694824219,103.56999969482422,100.47000122070312,100.66999816894531,99.67648315429688,11427000
2025-11-14,99.83000183105469,101.55000305175781,98.1500015258789,100.30000305175781,99.31013488769531,10134500
2025-11-17,100.08000183105469,100.27999877929688,97.22000122070312,98.19000244140625,97.22096252441406,11389600
2025-11-18,97.5,99.56999969482422,96.37999725341797,98.31999969482422,97.34967041015625,10463700
2025-11-19,98.16999816894531,100.58999633789062,98.08999633789062,99.83000183105469,98.84477233886719,8426800
2025-11-20,101.06999969482422,102.86000061035156,97.45999908447266,97.62999725341797,96.6664810180664,12633700
2025-11-21,98.12999725341797,99.33000183105469,95.83000183105469,98.69999694824219,97.72592163085938,14404700
2025-11-24,98.72000122070312,100.62000274658203,98.5999984741211,99.69000244140625,98.7061538696289,17389200
2025-11-25,100.36000061035156,101.75,99.52999877929688,101.16999816894531,100.17154693603516,10881900
2025-11-26,101.72000122070312,103.30000305175781,101.45999908447266,102.5,101.48841857910156,11384100
2025-11-28,102.80000305175781,104.37000274658203,102.51000213623047,103.5999984741211,102.57756805419922,5865200
2025-12-01,103.0999984741211,104.3499984741211,102.41000366210938,102.68000030517578,101.6666488647461,9663700
2025-12-02,103.5999984741211,104.19999694824219,103.01000213623047,103.19000244140625,102.1716079711914,8056900
2025-12-03,103.0999984741211,106.98999786376953,103.0999984741211,106.72000122070312,105.6667709350586,14003600
2025-12-04,106.66000366210938,108.70999908447266,106.62999725341797,107.79000091552734,106.7262191772461,12811300
2025-12-05,107.66999816894531,109.37000274658203,107.51000213623047,108.87999725341797,107.80545043945312,14936300
2025-12-08,109.19999694824219,110.25,107.73999786376953,108.91999816894531,107.84506225585938,11394800
2025-12-09,108.80000305175781,109.8499984741211,107.01000213623047,109.43000030517578,108.35002899169922,15822700
2025-12-10,109.36000061035156,111.91000366210938,109.26000213623047,111.08999633789062,109.99364471435547,16584300
2025-12-11,111.2699966430664,112.33999633789062,111.11000061035156,111.73999786376953,110.6372299194336,10829700
2025-12-12,113.30000305175781,113.43000030517578,111.19000244140625,111.80000305175781,110.69664001464844,11227900
2025-12-15,112.44999694824219,113.5199966430664,112.22000122070312,112.80000305175781,111.68677520751953,10692100
2025-12-16,112.80000305175781,113.37999725341797,110.55000305175781,111.27999877929688,110.18177032470703,12418200
2025-12-17,111.88999938964844,113.01000213623047,110.95999908447266,111.45999908447266,110.36000061035156,9949700
2025-12-18,112.22000122070312,113.8499984741211,112.12000274658203,112.83000183105469,111.71646881103516,21155800
2025-12-19,113.19999694824219,115.61000061035156,113.05000305175781,114.86000061035156,113.7264404296875,37660800
2025-12-22,115.20999908447266,118.6500015258789,114.87000274658203,118.08999633789062,116.92455291748047,20178100
2025-12-23,118.16000366210938,120.2699966430664,118.06999969482422,119.4000015258789,118.22163391113281,16135000
2025-12-24,119.70999908447266,122.83999633789062,119.25,121.55999755859375,120.36031341552734,13529600
2025-12-26,121.6500015258789,122.04000091552734,119.66999816894531,120.41999816894531,119.2315673828125,10603700
2025-12-29,120.36000061035156,120.56999969482422,117.9800033569336,118.12999725341797,116.96416473388672,11000600
2025-12-30,118.29000091552734,118.41000366210938,116.52999877929688,117.20999908447266,116.0532455444336,8636100
