date,open,high,low,close,adj_close,volume
2020-01-02,67.07749938964844,68.40699768066406,67.07749938964844,68.36849975585938,67.81175994873047,28132000
2020-01-03,67.39299774169922,68.625,67.2771987915039,68.03299713134766,67.47899627685547,23728000
2020-01-06,67.5,69.82499694824219,67.5,69.71050262451172,69.14283752441406,34646000
2020-01-07,69.89700317382812,70.14949798583984,69.51899719238281,69.66699981689453,69.09968566894531,30054000
2020-01-08,69.60399627685547,70.5790023803711,69.54199981689453,70.21600341796875,69.64423370361328,30560000
2020-01-09,71.02850341796875,71.36650085449219,70.51349639892578,70.99150085449219,70.41342163085938,30018000
2020-01-10,71.37799835205078,71.74645233154297,70.9175033569336,71.48650360107422,70.90438079833984,36414000
2020-01-13,71.80650329589844,72.0260009765625,71.3010025024414,71.96150207519531,71.37550354003906,33046000
2020-01-14,71.95050048828125,72.08999633789062,71.41850280761719,71.54399871826172,70.96141052246094,31178000
2020-01-15,71.510498046875,72.06974792480469,71.510498046875,71.95999908447266,71.3740234375,25654000
2020-01-16,72.37200164794922,72.59950256347656,72.0459976196289,72.58499908447266,71.99394226074219,23474000
2020-01-17,73.14550018310547,74.06475067138672,72.91100311279297,74.01950073242188,73.416748046875,47924000
2020-01-21,73.95600128173828,74.59249877929688,73.55999755859375,74.22000122070312,73.6156234741211,40734000
2020-01-22,74.55000305175781,75.16069793701172,74.24649810791016,74.29750061035156,73.6924819946289,32216000
2020-01-23,74.38200378417969,74.7760009765625,74.1050033569336,74.3324966430664,73.72718811035156,27024000
2020-01-24,74.67949676513672,74.77474975585938,73.26249694824219,73.33550262451172,72.73832702636719,35692000
2020-01-27,71.55000305175781,71.90350341796875,71.05999755859375,71.69499969482422,71.1111831665039,35104000
2020-01-28,72.1500015258789,72.80000305175781,71.62349700927734,72.62799835205078,72.03658294677734,31548000
2020-01-29,72.94000244140625,73.27149963378906,72.33699798583984,72.93150329589844,72.33760070800781,21554000
2020-01-30,71.99800109863281,72.86399841308594,71.81999969482422,72.79199981689453,72.1992416381836,26788000
2020-01-31,73.44499969482422,73.50650024414062,71.42649841308594,71.71150207519531,71.1275405883789,48344000
2020-02-03,73.0999984741211,74.5,72.94950103759766,74.2969970703125,73.6919937133789,60736000
2020-02-04,72.85350036621094,73.4749984741211,71.31500244140625,72.35350036621094,71.76432800292969,78660000
2020-02-05,73.12100219726562,73.19200134277344,71.52799987792969,72.4114990234375,71.82185363769531,39724000
2020-02-06,72.5165023803711,74.0999984741211,72.47850036621094,73.8115005493164,73.21044921875,33588000
2020-02-07,73.36499786376953,74.29199981689453,73.31749725341797,73.96150207519531,73.3592300415039,23446000
2020-02-10,73.71600341796875,75.4749984741211,73.71600341796875,75.43399810791016,74.8197250366211,28398000
2020-02-11,75.59049987792969,76.48149871826172,75.28189849853516,75.43949890136719,74.82520294189453,26892000
2020-02-12,75.7239990234375,76.03475189208984,75.40550231933594,75.91349792480469,75.29531860351562,23352000
2020-02-13,75.6344985961914,76.35900115966797,75.2300033569336,75.73300170898438,75.11629486083984,18590000
2020-02-14,75.77999877929688,76.03700256347656,75.36699676513672,76.03700256347656,75.41783142089844,23956000
2020-02-18,75.75,76.58149719238281,75.62950134277344,75.9834976196289,75.36475372314453,22414000
2020-02-19,76.25350189208984,76.60530090332031,76.06999969482422,76.33450317382812,75.71290588378906,18986000
2020-02-20,76.0999984741211,76.48200225830078,75.34100341796875,75.90750122070312,75.28937530517578,21932000
2020-02-21,75.40149688720703,75.61074829101562,74.02200317382812,74.25550079345703,73.65083312988281,34634000
2020-02-24,71.30549621582031,71.84850311279297,70.56950378417969,71.07949829101562,70.50069427490234,57342000
2020-02-25,71.6500015258789,71.90699768066406,69.12000274658203,69.42250061035156,68.85719299316406,49566000
2020-02-26,69.80699920654297,70.78500366210938,68.94999694824219,69.65899658203125,69.09175872802734,44048000
2020-02-27,68.10299682617188,68.58519744873047,65.8584976196289,65.90450286865234,65.36783599853516,59566000
2020-02-28,63.875,67.05699920654297,63.54999923706055,66.96649932861328,66.42118835449219,75782000
2020-03-02,67.58049774169922,69.54350280761719,66.34075164794922,69.45549774169922,68.8899154663086,48630000
2020-03-03,69.97100067138672,70.50749969482422,66.5999984741211,67.06950378417969,66.52334594726562,48046000
2020-03-04,67.96150207519531,69.40450286865234,67.15550231933594,69.32599639892578,68.76146697998047,38266000
2020-03-05,67.51000213623047,67.94550323486328,65.25499725341797,65.9520034790039,65.41495513916016,51226000
2020-03-06,63.85300064086914,65.31099700927734,63.0525016784668,64.92050170898438,64.391845703125,53212000
2020-03-09,60.26499938964844,62.737998962402344,60.0,60.77799987792969,60.2830810546875,67308000
2020-03-10,63.0,64.05750274658203,60.938499450683594,64.01950073242188,63.49818801879883,52228000
2020-03-11,62.48500061035156,63.04800033569336,59.80350112915039,60.77050018310547,60.275638580322266,52170000
2020-03-12,56.29999923706055,59.69350051879883,55.665000915527344,55.74549865722656,55.29155349731445,84534000
2020-03-13,58.95000076293945,60.987998962402344,55.85715103149414,60.98649978637695,60.4898796081543,74002000
2020-03-16,54.79999923706055,57.61334991455078,53.72200012207031,54.21649932861328,53.775001525878906,85048000
2020-03-17,54.65549850463867,56.542999267578125,52.800498962402344,55.9900016784668,55.5340690612793,77230000
2020-03-18,52.82550048828125,55.32500076293945,51.86399841308594,54.84000015258789,54.3934326171875,84668000
2020-03-19,54.65250015258789,57.89849853515625,53.005401611328125,55.76449966430664,55.31040573120117,73022000
2020-03-20,56.7859992980957,57.199501037597656,53.27450180053711,53.61600112915039,53.17940139770508,72036000
2020-03-23,53.066001892089844,53.566001892089844,50.67679977416992,52.83100128173828,52.400794982910156,80882000
2020-03-24,55.188499450683594,56.75,54.53099822998047,56.722999572753906,56.26110076904297,66890000
2020-03-25,56.32350158691406,57.44499969482422,54.300498962402344,55.1245002746582,54.67561721801758,81630000
2020-03-26,55.59000015258789,58.49850082397461,54.67649841308594,58.087501525878906,57.6144905090332,71434000
2020-03-27,56.28350067138672,57.53350067138672,55.295501708984375,55.535499572753906,55.08327102661133,64170000
2020-03-30,56.25199890136719,57.58150100708008,54.82400131225586,57.340999603271484,56.87406921386719,51482000
2020-03-31,57.3650016784668,58.765499114990234,56.90700149536133,58.140499114990234,57.667057037353516,49728000
2020-04-01,56.099998474121094,56.484500885009766,54.872501373291016,55.28099822998047,54.83083724975586,46884000
2020-04-02,54.91299819946289,56.34299850463867,54.81999969482422,56.04199981689453,55.58563995361328,39298000
2020-04-03,55.950748443603516,56.176998138427734,53.990501403808594,54.89400100708008,54.44698715209961,46268000
2020-04-06,56.900001525878906,59.733001708984375,56.547000885009766,59.34600067138672,58.862735748291016,53294000
2020-04-07,61.04999923706055,61.25,59.11149978637695,59.32550048828125,58.842403411865234,47746000
2020-04-08,60.32500076293945,60.95349884033203,59.40800094604492,60.513999938964844,60.02123260498047,39502000
2020-04-09,61.20399856567383,61.278499603271484,59.83675003051758,60.5724983215332,60.07925033569336,43508000
2020-04-13,60.45899963378906,61.0255012512207,59.37990188598633,60.87799835205078,60.38226318359375,34796000
2020-04-14,62.25450134277344,64.10350036621094,61.846500396728516,63.46149826049805,62.94472122192383,49408000
2020-04-15,62.28049850463867,64.02300262451172,62.02000045776367,63.12350082397461,62.6094856262207,33434000
2020-04-16,63.70500183105469,63.95000076293945,62.13100051879883,63.173500061035156,62.6590690612793,50362000
2020-04-17,64.24250030517578,64.72149658203125,63.561500549316406,64.1624984741211,63.6400146484375,38980000
2020-04-20,63.54999923706055,64.08000183105469,63.06850051879883,63.330501556396484,62.814788818359375,33910000
2020-04-21,62.349998474121094,62.7135009765625,60.48550033569336,60.81700134277344,60.32175827026367,43060000
2020-04-22,62.277000427246094,64.28064727783203,62.099998474121094,63.160499572753906,62.646175384521484,41848000
2020-04-23,63.57749938964844,64.66549682617188,63.28350067138672,63.81549835205078,63.29584503173828,31324000
2020-04-24,63.05849838256836,64.0199966430664,62.47249984741211,63.96549987792969,63.44462585449219,32792000
2020-04-27,64.80000305175781,64.80750274658203,63.45000076293945,63.79399871826172,63.27452087402344,32012000
2020-04-28,64.39649963378906,64.40249633789062,61.61000061035156,61.68349838256836,61.18120574951172,59026000
2020-04-29,67.072998046875,67.99949645996094,66.26699829101562,67.0739974975586,66.5278091430664,75872000
2020-04-30,66.24400329589844,67.64099884033203,66.12449645996094,67.43299865722656,66.88388061523438,53378000
2020-05-01,66.42500305175781,67.60350036621094,65.55000305175781,66.03050231933594,65.49280548095703,41450000
2020-05-04,65.4114990234375,66.38300323486328,64.94999694824219,66.33999633789062,65.79978942871094,30080000
2020-05-05,66.89600372314453,68.6969985961914,66.87300109863281,67.55549621582031,67.00537872314453,33030000
2020-05-06,68.08450317382812,68.55599975585938,67.364501953125,67.36499786376953,66.8164291381836,24308000
2020-05-07,68.2969970703125,68.87999725341797,67.76349639892578,68.62799835205078,68.06916809082031,27952000
2020-05-08,69.15650177001953,69.93800354003906,68.77400207519531,69.41850280761719,68.85321807861328,27738000
2020-05-11,68.91400146484375,70.82649993896484,68.85759735107422,70.16300201416016,69.59166717529297,28242000
2020-05-12,70.35600280761719,70.75,68.7385025024414,68.78700256347656,68.22686004638672,27812000
2020-05-13,68.85250091552734,69.27410125732422,66.41999816894531,67.46649932861328,66.91709899902344,36252000
2020-05-14,66.7509994506836,67.87100219726562,66.19550323486328,67.80650329589844,67.25434875488281,32062000
2020-05-15,67.5,68.7239990234375,66.94999694824219,68.65950012207031,68.10039520263672,34154000
2020-05-18,68.0875015258789,69.61624908447266,67.7125015258789,69.1969985961914,68.63351440429688,36448000
2020-05-19,69.349853515625,69.5999984741211,68.67424774169922,68.67424774169922,68.11502075195312,25612000
2020-05-20,69.47899627685547,70.52100372314453,69.36250305175781,70.33599853515625,69.76324462890625,33108000
2020-05-21,70.4000015258789,70.77449798583984,69.67250061035156,70.13999938964844,69.56884765625,27700000
2020-05-22,69.83550262451172,70.63800048828125,69.59149932861328,70.52100372314453,69.94673919677734,26188000
2020-05-26,71.8635025024414,72.05000305175781,70.60649871826172,70.85099792480469,70.2740478515625,41212000
2020-05-27,70.86250305175781,71.08699798583984,69.56449890136719,70.89199829101562,70.3147201538086,33716000
2020-05-28,69.84300231933594,72.04199981689453,69.80000305175781,70.83650207519531,70.25967407226562,33844000
2020-05-29,70.84700012207031,71.62850189208984,70.6675033569336,71.44599914550781,70.86421203613281,36418000
2020-06-01,70.91950225830078,71.89800262451172,70.9000015258789,71.59100341796875,71.0080337524414,24342000
2020-06-02,71.52749633789062,71.98049926757812,70.94149780273438,71.96099853515625,71.37501525878906,25562000
2020-06-03,71.91500091552734,72.32759857177734,71.48885345458984,71.81900024414062,71.23416137695312,25124000
2020-06-04,71.5199966430664,71.947998046875,70.23650360107422,70.60900115966797,70.0340347290039,29686000
2020-06-05,70.65850067138672,72.25250244140625,70.30000305175781,71.91950225830078,71.33386993408203,34698000
2020-06-08,71.11699676513672,72.39949798583984,71.11699676513672,72.33049774169922,71.74150085449219,28084000
2020-06-09,72.26799774169922,73.4000015258789,72.1604995727539,72.80799865722656,72.21513366699219,28184000
2020-06-10,72.97699737548828,73.71295166015625,72.8134994506836,73.2925033569336,72.69567108154297,30504000
2020-06-11,72.1240005493164,72.72374725341797,70.0999984741211,70.19200134277344,69.62042236328125,39826000
2020-06-12,71.42449951171875,71.8499984741211,69.3010025024414,70.65899658203125,70.08361053466797,38928000
2020-06-15,69.54000091552734,71.23999786376953,69.39600372314453,70.99250030517578,70.41439819335938,30078000
2020-06-16,72.26100158691406,72.7509994506836,71.29499816894531,72.13600158691406,71.54859161376953,34184000
2020-06-17,72.35800170898438,73.0,71.56900024414062,72.55599975585938,71.96517181396484,30992000
2020-06-18,72.45800018310547,72.57050323486328,71.35050201416016,71.7979965209961,71.21334075927734,31638000
2020-06-19,72.19999694824219,72.38999938964844,71.06749725341797,71.58599853515625,71.0030746459961,63158000
2020-06-22,71.44999694824219,72.63749694824219,71.1604995727539,72.59300231933594,72.00186920166016,30848000
2020-06-23,72.78199768066406,73.79705047607422,72.26200103759766,73.22049713134766,72.62425994873047,28596000
2020-06-24,73.07550048828125,73.77100372314453,71.48750305175781,71.59850311279297,71.01547241210938,35120000
2020-06-25,71.49500274658203,72.1449966430664,71.0,72.06649780273438,71.47965240478516,24610000
2020-06-26,71.56950378417969,71.67250061035156,67.59950256347656,67.99500274658203,67.44132232666016,85354000
2020-06-29,67.90899658203125,69.77999877929688,67.35050201416016,69.74849700927734,69.1805191040039,36204000
2020-06-30,69.52200317382812,70.93250274658203,69.197998046875,70.68049621582031,70.10494232177734,40848000
2020-07-01,70.55500030517578,72.1500015258789,70.49099731445312,71.9020004272461,71.31649780273438,35504000
2020-07-02,72.34700012207031,74.14749908447266,72.32099914550781,73.23500061035156,72.63864135742188,37182000
2020-07-06,74.00299835205078,75.32949829101562,73.64299774169922,74.78500366210938,74.176025390625,31280000
2020-07-07,74.5,75.83999633789062,74.17749786376953,74.25900268554688,73.65431213378906,29164000
2020-07-08,74.71600341796875,75.29399871826172,74.28150177001953,74.80000305175781,74.19090270996094,24994000
2020-07-09,75.32250213623047,76.13600158691406,74.40425109863281,75.54949951171875,74.93428802490234,28466000
2020-07-10,75.30750274658203,77.19149780273438,74.8270034790039,77.08699798583984,76.45926666259766,37126000
2020-07-13,77.5,78.85659790039062,75.26215362548828,75.56700134277344,74.95166015625,36928000
2020-07-14,74.5155029296875,76.14749908447266,74.17500305175781,76.02899932861328,75.4098892211914,31700000
2020-07-15,76.15650177001953,76.7665023803711,74.9000015258789,75.68199920654297,75.06571197509766,32214000
2020-07-16,75.0,75.93450164794922,74.31549835205078,75.9000015258789,75.28194427490234,30386000
2020-07-17,76.08100128173828,76.1719970703125,74.9209976196289,75.77749633789062,75.16043853759766,29134000
2020-07-20,75.76300048828125,78.5145034790039,75.18000030517578,78.28600311279297,77.64852142333984,31146000
2020-07-21,79.34950256347656,79.34950256347656,77.71399688720703,77.9209976196289,77.28649139404297,24324000
2020-07-22,78.0250015258789,78.5,77.30500030517578,78.42449951171875,77.78587341308594,18640000
2020-07-23,78.34850311279297,78.59349822998047,75.36959838867188,75.78399658203125,75.16688537597656,32552000
2020-07-24,74.94650268554688,75.88179779052734,74.41999816894531,75.59349822998047,74.97794342041016,30880000
2020-07-27,75.77999877929688,77.04850006103516,75.760498046875,76.51000213623047,75.8869857788086,24920000
2020-07-28,76.25900268554688,76.3239974975586,74.88300323486328,75.01699829101562,74.40613555908203,34044000
2020-07-29,75.31600189208984,76.5625991821289,75.06649780273438,76.10099792480469,75.4813003540039,22130000
2020-07-30,74.8499984741211,76.89350128173828,74.61100006103516,76.57250213623047,75.94895935058594,33428000
2020-07-31,75.25050354003906,75.44750213623047,72.70149993896484,74.14800262451172,73.54420471191406,68798000
2020-08-03,74.33200073242188,74.52349853515625,73.28199768066406,73.72250366210938,73.12218475341797,46604000
2020-08-04,73.82849884033203,74.27799987792969,72.93250274658203,73.24849700927734,72.65203094482422,38070000
2020-08-05,73.46499633789062,74.12049865722656,73.1729965209961,73.68049621582031,73.08051300048828,39590000
2020-08-06,73.5875015258789,75.11949920654297,73.30000305175781,75.00499725341797,74.39423370361328,39908000
2020-08-07,75.0,75.84224700927734,74.08200073242188,74.72450256347656,74.11601257324219,31556000
2020-08-10,74.35900115966797,75.20375061035156,73.65399932861328,74.80500030517578,74.19585418701172,25786000
2020-08-11,74.62200164794922,75.5,73.9000015258789,74.01599884033203,73.41328430175781,29088000
2020-08-12,74.27899932861328,75.61930084228516,74.26249694824219,75.33100128173828,74.71758270263672,28740000
2020-08-13,75.51699829101562,76.86250305175781,75.40025329589844,75.92250061035156,75.30425262451172,29104000
2020-08-14,75.78299713134766,76.09500122070312,75.14399719238281,75.3864974975586,74.77261352539062,27096000
2020-08-17,75.7334976196289,76.28050231933594,75.39849853515625,75.89900207519531,75.28095245361328,27566000
2020-08-18,76.30899810791016,78.12349700927734,76.18550109863281,77.93000030517578,77.29540252685547,40542000
2020-08-19,77.66549682617188,78.68399810791016,77.19750213623047,77.37650299072266,76.74642181396484,33212000
2020-08-20,77.17250061035156,79.29350280761719,76.91000366210938,79.0875015258789,78.44347381591797,34138000
2020-08-21,78.85150146484375,79.88600158691406,78.40025329589844,79.02100372314453,78.3775405883789,28930000
2020-08-24,79.6989974975586,80.70850372314453,79.02850341796875,79.41000366210938,78.76336669921875,28198000
2020-08-25,79.10350036621094,80.58100128173828,79.10350036621094,80.41100311279297,79.7562026977539,44942000
2020-08-26,80.4000015258789,82.96099853515625,80.18000030517578,82.61900329589844,81.94623565673828,79868000
2020-08-27,82.68399810791016,82.75,81.2874984741211,81.71649932861328,81.05107879638672,37232000
2020-08-28,81.67449951171875,82.3584976196289,81.5374984741211,82.22049713134766,81.55096435546875,29980000
2020-08-31,82.39450073242188,82.39824676513672,81.5155029296875,81.70899963378906,81.04363250732422,36468000
2020-09-01,81.83149719238281,83.2864990234375,81.61100006103516,83.0354995727539,82.35933685302734,36506000
2020-09-02,83.68875122070312,86.65899658203125,83.31649780273438,86.41400146484375,85.71031951904297,50224000
2020-09-03,85.48570251464844,85.48570251464844,80.75299835205078,82.09200286865234,81.42351531982422,62156000
2020-09-04,81.21299743652344,82.25550079345703,77.38065338134766,79.552001953125,78.90420532226562,52172000
2020-09-08,76.67549896240234,78.19325256347656,76.40049743652344,76.61949920654297,75.99557495117188,52218000
2020-09-09,77.87650299072266,78.44999694824219,76.80255126953125,77.8479995727539,77.21407318115234,35494000
2020-09-10,78.03199768066406,79.20404815673828,76.29025268554688,76.60099792480469,75.97722625732422,32372000
2020-09-11,76.80000305175781,78.76000213623047,74.86799621582031,76.03600311279297,75.41683959960938,31942000
2020-09-14,76.95024871826172,78.19999694824219,75.78700256347656,75.96399688720703,75.34542083740234,33932000
2020-09-15,76.80000305175781,77.97850036621094,76.59175109863281,77.0719985961914,76.44439697265625,26622000
2020-09-16,77.7770004272461,78.0999984741211,75.99099731445312,76.04499816894531,75.4257583618164,26234000
2020-09-17,74.80000305175781,75.41490173339844,73.5,74.77649688720703,74.16758728027344,37596000
2020-09-18,74.90049743652344,75.150146484375,71.85649871826172,72.99949645996094,72.4050521850586,62078000
2020-09-21,72.00299835205078,72.41799926757812,70.32749938964844,71.55799865722656,70.97529602050781,57776000
2020-09-22,72.50450134277344,73.47599792480469,71.72650146484375,73.27300262451172,72.67633819580078,31664000
2020-09-23,72.93900299072266,73.0479965209961,70.38500213623047,70.760498046875,70.18429565429688,33148000
2020-09-24,70.55149841308594,72.1854476928711,70.49250030517578,71.41449737548828,70.83296966552734,29004000
2020-09-25,71.63150024414062,72.5,70.66699981689453,72.24800109863281,71.65967559814453,26460000
2020-09-28,73.71050262451172,73.83999633789062,72.46504974365234,73.22599792480469,72.62971496582031,40158000
2020-09-29,73.51950073242188,73.8331527709961,72.94024658203125,73.46649932861328,72.86825561523438,19564000
2020-09-30,73.33999633789062,74.48750305175781,72.99400329589844,73.4800033569336,72.88165283203125,34032000
2020-10-01,74.2135009765625,74.9520034790039,73.96050262451172,74.50450134277344,73.8978042602539,35590000
2020-10-02,73.10150146484375,74.16000366210938,72.5459976196289,72.9209976196289,72.32718658447266,25682000
2020-10-05,73.31050109863281,74.4104995727539,73.2135009765625,74.3010025024414,73.69596099853516,22266000
2020-10-06,73.77899932861328,74.33799743652344,72.42949676513672,72.6719970703125,72.0802230834961,24908000
2020-10-07,73.2145004272461,73.447998046875,71.80000305175781,73.0145034790039,72.41993713378906,34924000
2020-10-08,73.25450134277344,74.5,73.25450134277344,74.29650115966797,73.6915054321289,23756000
2020-10-09,74.73500061035156,75.82599639892578,74.47250366210938,75.76100158691406,75.14407348632812,28706000
2020-10-12,77.1500015258789,79.69300079345703,76.62850189208984,78.4574966430664,77.818603515625,49652000
2020-10-13,79.1865005493164,79.5,78.16000366210938,78.58399963378906,77.944091796875,32020000
2020-10-14,78.92949676513672,79.38420104980469,77.52649688720703,78.40399932861328,77.76554107666016,38586000
2020-10-15,77.35749816894531,78.7552490234375,77.25150299072266,77.95649719238281,77.32168579101562,30800000
2020-10-16,78.2925033569336,79.05650329589844,78.1500015258789,78.65049743652344,78.01004028320312,28694000
2020-10-19,79.02300262451172,79.40750122070312,76.4000015258789,76.73049926757812,76.10568237304688,32142000
2020-10-20,76.35250091552734,78.875,76.28350067138672,77.79650115966797,77.16299438476562,44834000
2020-10-21,78.66649627685547,80.9365005493164,78.58149719238281,79.66549682617188,79.01676940917969,51366000
2020-10-22,79.65249633789062,81.09950256347656,79.25,80.7665023803711,80.10881805419922,28672000
2020-10-23,81.30349731445312,82.11799621582031,81.02549743652344,82.05000305175781,81.38187408447266,27516000
2020-10-26,81.25050354003906,81.91200256347656,78.82499694824219,79.52249908447266,78.87492370605469,37066000
2020-10-27,79.78350067138672,80.34224700927734,79.13899993896484,80.21299743652344,79.559814453125,24580000
2020-10-28,77.98699951171875,78.06749725341797,75.73100280761719,75.83100128173828,75.21350860595703,36680000
2020-10-29,76.11799621582031,79.68550109863281,76.11199951171875,78.36199951171875,77.72389221191406,40062000
2020-10-30,83.60549926757812,84.3499984741211,80.2229995727539,81.05049896240234,80.39049530029297,86582000
2020-11-02,81.40799713134766,83.03849792480469,80.80149841308594,81.30149841308594,80.63945007324219,50708000
2020-11-03,81.58899688720703,83.08499908447266,80.83100128173828,82.510498046875,81.83861541748047,33234000
2020-11-04,85.51399993896484,88.56825256347656,85.30149841308594,87.45649719238281,86.74433135986328,71418000
2020-11-05,89.05000305175781,89.68199920654297,87.52549743652344,88.16850280761719,87.45054626464844,41316000
2020-11-06,87.69750213623047,88.62149810791016,87.01750183105469,88.0875015258789,87.37019348144531,33218000
2020-11-09,89.54499816894531,90.90299987792969,88.0009994506836,88.1500015258789,87.43220520019531,45366000
2020-11-10,86.55449676513672,88.1500015258789,85.86499786376953,87.01950073242188,86.31088256835938,52722000
2020-11-11,87.5,88.21099853515625,87.36824798583984,87.635498046875,86.92188262939453,25280000
2020-11-12,87.38150024414062,88.41349792480469,87.27999877929688,87.49199676513672,86.779541015625,24950000
2020-11-13,87.88150024414062,89.052001953125,87.22750091552734,88.85099792480469,88.12747192382812,29998000
2020-11-16,88.58499908447266,89.95349884033203,88.3844985961914,89.06900024414062,88.34370422363281,24936000
2020-11-17,88.84700012207031,89.25,88.3499984741211,88.50749969482422,87.78677368164062,22942000
2020-11-18,88.2614974975586,88.67350006103516,87.30699920654297,87.33899688720703,86.6277847290039,23470000
2020-11-19,86.91899871826172,88.47949981689453,86.85025024414062,88.19599914550781,87.47781372070312,24998000
2020-11-20,88.260498046875,88.69999694824219,87.09300231933594,87.1094970703125,86.40015411376953,46270000
2020-11-23,87.4800033569336,87.69499969482422,85.88600158691406,86.74299621582031,86.0366439819336,43232000
2020-11-24,86.5250015258789,88.58000183105469,86.3844985961914,88.44400024414062,87.72380065917969,31560000
2020-11-25,88.64450073242188,88.927001953125,87.8270034790039,88.57150268554688,87.85027313232422,20916000
2020-11-27,88.65450286865234,90.19999694824219,88.62200164794922,89.65950012207031,88.92938232421875,17698000
2020-11-30,89.05919647216797,89.40325164794922,87.75,88.03700256347656,87.32010650634766,36476000
2020-12-01,88.71849822998047,91.24150085449219,88.46849822998047,89.90499877929688,89.17289733886719,34738000
2020-12-02,89.90499877929688,91.78250122070312,89.47364807128906,91.39749908447266,90.65323638916016,24440000
2020-12-03,91.20050048828125,92.36000061035156,91.13249969482422,91.3385009765625,90.59473419189453,24546000
2020-12-04,91.22599792480469,91.65799713134766,90.84950256347656,91.39949798583984,90.65522766113281,27564000
2020-12-07,90.94999694824219,91.61849975585938,90.28900146484375,90.9739990234375,90.23318481445312,26418000
2020-12-08,90.50499725341797,91.09500122070312,89.81024932861328,90.92749786376953,90.18705749511719,21926000
2020-12-09,90.60050201416016,91.7135009765625,88.3905029296875,89.20649719238281,88.48007202148438,30152000
2020-12-10,88.48999786376953,89.06549835205078,87.01599884033203,88.7665023803711,88.04367065429688,27256000
2020-12-11,88.15299987792969,89.22250366210938,88.0,89.0885009765625,88.363037109375,24414000
2020-12-14,88.75,89.86949920654297,87.86074829101562,88.00299835205078,87.286376953125,32004000
2020-12-15,88.22100067138672,88.57099914550781,87.49749755859375,88.38849639892578,87.66873931884766,29646000
2020-12-16,88.64399719238281,88.6500015258789,87.80400085449219,88.1500015258789,87.43220520019531,30270000
2020-12-17,88.42549896240234,88.58920288085938,86.93299865722656,87.3949966430664,86.68333435058594,32494000
2020-12-18,87.70899963378906,87.75550079345703,86.01100158691406,86.55049896240234,85.84571075439453,80328000
2020-12-21,85.67549896240234,87.0425033569336,84.94999694824219,86.96849822998047,86.26029968261719,36568000
2020-12-22,86.72149658203125,86.87024688720703,85.62875366210938,86.17500305175781,85.47327423095703,18734000
2020-12-23,86.40550231933594,87.39949798583984,86.25199890136719,86.61900329589844,85.91365814208984,20676000
2020-12-24,86.75,87.30000305175781,86.45549774169922,86.94249725341797,86.2345199584961,6936000
2020-12-28,87.58174896240234,89.5363998413086,87.3167495727539,88.80449676513672,88.08134460449219,27860000
2020-12-29,89.3895034790039,89.62200164794922,87.80449676513672,87.93599700927734,87.21991729736328,25988000
2020-12-30,88.10050201416016,88.25475311279297,86.27999877929688,86.97599792480469,86.26773834228516,26122000
2020-12-31,86.77100372314453,87.94650268554688,86.77100372314453,87.59400177001953,86.88072204589844,20238000
2021-01-04,87.87699890136719,88.03250122070312,85.39250183105469,86.41200256347656,85.70833587646484,38038000
2021-01-05,86.25,87.38349914550781,85.90074920654297,87.0459976196289,86.33717346191406,22906000
2021-01-06,85.13150024414062,87.4000015258789,84.94999694824219,86.7645034790039,86.0579605102539,52042000
2021-01-07,87.00299835205078,89.41999816894531,86.85250091552734,89.36250305175781,88.63481903076172,45300000
2021-01-08,89.39900207519531,90.49199676513672,88.67675018310547,90.3604965209961,89.62467956542969,41012000
2021-01-11,89.30349731445312,89.71575164794922,88.0260009765625,88.33599853515625,87.61666107177734,24194000
2021-01-12,87.69599914550781,88.9020004272461,86.2655029296875,87.32749938964844,86.61638641357422,27140000
2021-01-13,86.92900085449219,88.25174713134766,86.90049743652344,87.72000122070312,87.00567626953125,21882000
2021-01-14,87.68099975585938,88.75050354003906,86.66999816894531,87.00900268554688,86.30047607421875,23590000
2021-01-15,86.90950012207031,87.80000305175781,86.07749938964844,86.80950164794922,86.10261535644531,26844000
2021-01-19,87.61250305175781,90.46375274658203,87.072998046875,89.54299926757812,88.81385040283203,34692000
2021-01-20,91.572998046875,95.18550109863281,91.27649688720703,94.34500122070312,93.57672882080078,49806000
2021-01-21,94.9000015258789,96.74299621582031,94.35549926757812,94.5625,93.79247283935547,41278000
2021-01-22,94.78399658203125,95.54750061035156,94.08799743652344,95.05249786376953,94.27848815917969,25442000
2021-01-25,96.03350067138672,96.47899627685547,93.37650299072266,94.97000122070312,94.1966552734375,38546000
2021-01-26,94.44200134277344,96.25,94.21224975585938,95.86199951171875,95.08139038085938,26262000
2021-01-27,94.12650299072266,94.5,90.44999694824219,91.53949737548828,90.79408264160156,54966000
2021-01-28,92.1969985961914,94.94149780273438,92.13200378417969,93.15550231933594,92.39693450927734,35462000
2021-01-29,92.30850219726562,92.86399841308594,90.51000213623047,91.78700256347656,91.0395736694336,32252000
2021-02-01,92.67849731445312,96.11959838867188,92.54650115966797,95.06749725341797,94.2933578491211,32044000
2021-02-02,96.12799835205078,97.78800201416016,95.72450256347656,96.37550354003906,95.5907211303711,45474000
2021-02-03,103.6500015258789,105.82499694824219,100.91899871826172,103.50350189208984,102.66065979003906,82364000
2021-02-04,103.44450378417969,103.92749786376953,102.12950134277344,103.11849975585938,102.27879333496094,37046000
2021-02-05,103.5,105.12550354003906,102.96649932861328,104.9000015258789,104.04578399658203,30702000
2021-02-08,105.29550170898438,106.17735290527344,103.5999984741211,104.64550018310547,103.79337310791016,24838000
2021-02-09,103.927001953125,105.25650024414062,103.927001953125,104.17549896240234,103.32718658447266,17798000
2021-02-10,104.71050262451172,105.41850280761719,103.15450286865234,104.76899719238281,103.91585540771484,22710000
2021-02-11,104.97550201416016,105.10150146484375,103.86599731445312,104.79450225830078,103.94115447998047,18914000
2021-02-12,104.51249694824219,105.44100189208984,104.15650177001953,105.20549774169922,104.34880065917969,17114000
2021-02-16,105.21800231933594,107.63400268554688,105.21800231933594,106.09500122070312,105.23106384277344,22676000
2021-02-17,105.0,106.68299865722656,104.94599914550781,106.41549682617188,105.54895782470703,21418000
2021-02-18,105.51950073242188,106.63674926757812,105.18550109863281,105.86000061035156,104.99797058105469,22432000
2021-02-19,105.9635009765625,106.52649688720703,104.87049865722656,105.05699920654297,104.2015151977539,29148000
2021-02-22,103.3499984741211,104.57099914550781,103.10700225830078,103.24400329589844,102.40327453613281,27350000
2021-02-23,101.25050354003906,104.10050201416016,100.10099792480469,103.54299926757812,102.69984436035156,33348000
2021-02-24,102.09149932861328,105.03900146484375,101.90650177001953,104.75849914550781,103.90543365478516,24966000
2021-02-25,103.37249755859375,104.74400329589844,101.06449890136719,101.56800079345703,100.74092864990234,36568000
2021-02-26,102.5260009765625,103.55049896240234,100.8030014038086,101.84300231933594,101.013671875,41670000
2021-03-01,102.82599639892578,104.32599639892578,102.30500030517578,104.07550048828125,103.2280044555664,28090000
2021-03-02,103.80950164794922,105.21849822998047,103.56300354003906,103.79199981689453,102.94680786132812,22692000
2021-03-03,103.3604965209961,104.4259033203125,100.5,101.33550262451172,100.51033020019531,29684000
2021-03-04,101.16850280761719,104.46199798583984,101.01349639892578,102.45449829101562,101.62020111083984,42360000
2021-03-05,103.65599822998047,105.90550231933594,102.32074737548828,105.427001953125,104.56851196289062,43904000
2021-03-08,105.05650329589844,106.44049835205078,101.08049774169922,101.20850372314453,100.38436126708984,32948000
2021-03-09,103.5,103.9020004272461,102.3915023803711,102.63500213623047,101.79923248291016,33946000
2021-03-10,103.58799743652344,103.75,101.66850280761719,102.75150299072266,101.91478729248047,25372000
2021-03-11,103.7030029296875,106.28500366210938,103.61900329589844,105.7385025024414,104.8774642944336,24782000
2021-03-12,104.25,104.51300048828125,102.37750244140625,103.09600067138672,102.25647735595703,34516000
2021-03-15,103.11499786376953,103.35299682617188,102.17549896240234,103.32450103759766,102.48312377929688,25962000
2021-03-16,103.94950103759766,106.1780014038086,103.5,104.6259994506836,103.7740249633789,29832000
2021-03-17,103.80149841308594,105.48899841308594,102.69999694824219,104.55400085449219,103.70260620117188,25980000
2021-03-18,103.05000305175781,103.7750015258789,101.67749786376953,101.81099700927734,100.98193359375,27228000
2021-03-19,102.10250091552734,102.65499877929688,100.88400268554688,102.16000366210938,101.32810974121094,46298000
2021-03-22,102.09200286865234,102.89949798583984,101.30349731445312,101.92949676513672,101.09947204589844,39096000
2021-03-23,102.58499908447266,103.61509704589844,101.96099853515625,102.64800262451172,101.8121337890625,27340000
2021-03-24,103.26850128173828,103.9104995727539,102.07775115966797,102.25299835205078,101.42033386230469,23080000
2021-03-25,102.2405014038086,102.94349670410156,100.5364990234375,102.21800231933594,101.3856430053711,28378000
2021-03-26,101.94300079345703,102.54949951171875,100.70099639892578,101.77749633789062,100.94871520996094,29870000
2021-03-29,101.39399719238281,102.92150115966797,100.78099822998047,102.79750061035156,101.96041870117188,24596000
2021-03-30,102.88150024414062,103.53900146484375,102.20149993896484,102.7770004272461,101.9400863647461,20732000
2021-03-31,102.95600128173828,104.66635131835938,102.83724975585938,103.43150329589844,102.5892562866211,29198000
2021-04-01,104.89749908447266,107.14700317382812,104.84449768066406,106.88749694824219,106.01708984375,33980000
2021-04-05,107.64700317382812,111.8655014038086,107.58100128173828,111.27749633789062,110.37135314941406,43298000
2021-04-06,111.125,111.88300323486328,110.73999786376953,111.23750305175781,110.33169555664062,27060000
2021-04-07,111.30650329589844,112.75,111.2665023803711,112.48400115966797,111.56804656982422,25798000
2021-04-08,113.89800262451172,114.20024871826172,112.88400268554688,113.27200317382812,112.34962463378906,27166000
2021-04-09,112.83499908447266,114.4520034790039,112.68569946289062,114.29399871826172,113.36329650878906,20888000
2021-04-12,113.3125,113.76599884033203,111.92324829101562,112.739501953125,111.82146453857422,31318000
2021-04-13,113.07350158691406,113.8604965209961,112.80449676513672,113.3635025024414,112.44036865234375,23310000
2021-04-14,113.75800323486328,113.89949798583984,112.45950317382812,112.74199676513672,111.82392883300781,20220000
2021-04-15,113.8489990234375,115.32984924316406,113.30000305175781,114.83300018310547,113.89789581298828,27472000
2021-04-16,115.1500015258789,115.3219985961914,114.22250366210938,114.88800048828125,113.95245361328125,22596000
2021-04-19,114.5989990234375,115.92250061035156,114.39225006103516,115.12000274658203,114.18257141113281,24688000
2021-04-20,115.39450073242188,115.4800033569336,113.58550262451172,114.68150329589844,113.74764251708984,21774000
2021-04-21,114.26249694824219,114.76599884033203,112.92849731445312,114.66449737548828,113.73078155517578,23930000
2021-04-22,114.6614990234375,115.18810272216797,112.82250213623047,113.39600372314453,112.47261047363281,21096000
2021-04-23,114.17350006103516,116.29100036621094,113.9104995727539,115.76499938964844,114.82231903076172,28670000
2021-04-26,115.99649810791016,117.06300354003906,115.69200134277344,116.33699798583984,115.38966369628906,20834000
2021-04-27,116.80000305175781,116.87249755859375,115.2135009765625,115.35600280761719,114.4166488647461,31972000
2021-04-28,120.35724639892578,122.618896484375,118.74250030517578,118.99549865722656,118.02650451660156,59728000
2021-04-29,120.5165023803711,121.82599639892578,120.11399841308594,121.49449920654297,120.50515747070312,39554000
2021-04-30,120.22450256347656,121.35700225830078,120.10800170898438,120.50599670410156,119.52470397949219,39142000
2021-05-03,120.13600158691406,120.98500061035156,119.2249984741211,119.75849914550781,118.7833023071289,33788000
2021-05-04,118.48699951171875,118.96299743652344,115.58499908447266,117.7125015258789,116.75396728515625,35120000
2021-05-05,118.4209976196289,119.11000061035156,117.57050323486328,117.83699798583984,116.87744140625,21806000
2021-05-06,117.53199768066406,119.135498046875,117.11689758300781,119.06749725341797,118.0979232788086,20618000
2021-05-07,120.0,120.82050323486328,119.5,119.93450164794922,118.9578628540039,23272000
2021-05-10,118.74449920654297,118.9000015258789,116.73650360107422,117.08300018310547,116.12957763671875,26006000
2021-05-11,114.59300231933594,116.0999984741211,114.1500015258789,115.43800354003906,114.49798583984375,32110000
2021-05-12,113.08550262451172,114.26850128173828,111.50250244140625,111.9540023803711,111.0423583984375,34934000
2021-05-13,113.05449676513672,113.83004760742188,112.13600158691406,113.09850311279297,112.17753601074219,26670000
2021-05-14,114.59149932861328,116.05699920654297,114.16600036621094,115.80799865722656,114.86498260498047,26624000
2021-05-17,115.46600341796875,116.16699981689453,114.75,116.07050323486328,115.1253433227539,19842000
2021-05-18,116.84529876708984,117.15750122070312,115.15799713134766,115.17150115966797,114.23363494873047,17302000
2021-05-19,113.22000122070312,115.83799743652344,113.1760025024414,115.43550109863281,114.4955062866211,19350000
2021-05-20,116.4020004272461,118.01699829101562,116.05449676513672,117.80449676513672,116.8451919555664,23832000
2021-05-21,118.29949951171875,118.44999694824219,117.11849975585938,117.25499725341797,116.30018615722656,22832000
2021-05-24,118.3499984741211,120.92400360107422,118.00550079345703,120.33350372314453,119.35362243652344,21244000
2021-05-25,121.0,121.64450073242188,120.14949798583984,120.45349884033203,119.4726333618164,18838000
2021-05-26,120.6417465209961,122.14720153808594,120.62574768066406,121.67649841308594,120.6856689453125,21856000
2021-05-27,121.84700012207031,122.0,120.0999984741211,120.12550354003906,119.1473159790039,38962000
2021-05-28,121.0979995727539,121.40699768066406,120.3844985961914,120.5780029296875,119.59611511230469,24108000
2021-06-01,121.0999984741211,121.89855194091797,120.24400329589844,121.4905014038086,120.5011978149414,19166000
2021-06-02,121.7655029296875,122.0999984741211,120.20999908447266,121.06400299072266,120.07816314697266,17158000
2021-06-03,119.7509994506836,120.48725128173828,119.1415023803711,120.23049926757812,119.25145721435547,18346000
2021-06-04,121.1259994506836,122.69294738769531,120.88849639892578,122.58799743652344,121.58975982666016,25948000
2021-06-07,122.56600189208984,123.4000015258789,122.05364990234375,123.30449676513672,122.30042266845703,23850000
2021-06-08,123.99500274658203,124.72474670410156,123.41200256347656,124.14250183105469,123.13160705566406,25060000
2021-06-09,124.9749984741211,125.25,124.36650085449219,124.56999969482422,123.55561065673828,20126000
2021-06-10,124.70050048828125,126.16300201416016,124.69999694824219,126.08000183105469,125.05332946777344,31234000
2021-06-11,126.24600219726562,126.34950256347656,124.91449737548828,125.69650268554688,124.6729507446289,25240000
2021-06-14,125.66950225830078,126.4114990234375,125.0469970703125,126.35199737548828,125.32310485839844,22550000
2021-06-15,126.52200317382812,126.86199951171875,125.64849853515625,126.03299713134766,125.00670623779297,22182000
2021-06-16,126.24749755859375,126.52349853515625,124.14994812011719,125.69650268554688,124.6729507446289,26316000
2021-06-17,125.52300262451172,127.19650268554688,125.51499938964844,126.37100219726562,125.3419418334961,25756000
2021-06-18,125.70549774169922,126.38899993896484,124.60299682617188,125.56749725341797,124.54499816894531,53306000
2021-06-21,125.73999786376953,127.03675079345703,125.13424682617188,126.45500183105469,125.42526245117188,26256000
2021-06-22,126.44999694824219,127.2699966430664,126.02649688720703,126.99949645996094,125.96533203125,20984000
2021-06-23,126.55000305175781,127.7959976196289,126.25199890136719,126.46150207519531,125.43171691894531,19694000
2021-06-24,127.05349731445312,127.5354995727539,126.95999908447266,127.28199768066406,126.24552917480469,18934000
2021-06-25,126.95700073242188,127.50499725341797,126.44400024414062,126.99500274658203,125.96087646484375,33484000
2021-06-28,127.0,127.33699798583984,125.97380065917969,126.81950378417969,125.78681182861328,28110000
2021-06-29,126.77249908447266,127.0,125.43699645996094,126.01850128173828,124.99232482910156,20950000
2021-06-30,125.65354919433594,125.80000305175781,124.75749969482422,125.31600189208984,124.29553985595703,24006000
2021-07-01,124.84974670410156,126.4625015258789,124.84974670410156,126.36849975585938,125.3394775390625,17120000
2021-07-02,126.8395004272461,128.84800720214844,126.76899719238281,128.718994140625,127.67082977294922,21160000
2021-07-06,129.44949340820312,129.88450622558594,128.40899658203125,129.77099609375,128.71426391601562,21350000
2021-07-07,130.34100341796875,130.639892578125,129.75999450683594,130.07749938964844,129.01828002929688,16680000
2021-07-08,128.25,130.03250122070312,128.0399932861328,129.177001953125,128.12510681152344,19780000
2021-07-09,128.9445037841797,129.84950256347656,128.94349670410156,129.57449340820312,128.5193634033203,15106000
2021-07-12,129.83349609375,130.77000427246094,129.60000610351562,130.56399536132812,129.50079345703125,16944000
2021-07-13,130.88150024414062,132.04200744628906,130.63699340820312,130.9945068359375,129.9278106689453,16618000
2021-07-14,131.90150451660156,132.99600219726562,131.8979949951172,132.08250427246094,131.00694274902344,17912000
2021-07-15,132.5,132.59500122070312,130.59800720214844,131.26649475097656,130.1975860595703,16586000
2021-07-16,131.64100646972656,132.18299865722656,130.82150268554688,131.8455047607422,130.77186584472656,14856000
2021-07-19,131.15550231933594,131.2469940185547,128.53700256347656,129.25399780273438,128.20147705078125,25710000
2021-07-20,130.00399780273438,132.0013427734375,129.1884002685547,131.10150146484375,130.033935546875,19084000
2021-07-21,130.78700256347656,132.61724853515625,130.60150146484375,132.60049438476562,131.52072143554688,14742000
2021-07-22,132.64999389648438,133.50450134277344,132.39999389648438,133.32850646972656,132.2427978515625,13608000
2021-07-23,135.25999450683594,138.80850219726562,134.70050048828125,137.8159942626953,136.69375610351562,26378000
2021-07-26,138.25,139.71299743652344,137.6510009765625,139.64450073242188,138.50735473632812,23052000
2021-07-27,140.01100158691406,140.01100158691406,135.10000610351562,136.79649353027344,135.68255615234375,42164000
2021-07-28,138.56199645996094,139.67599487304688,136.35000610351562,136.38150024414062,135.2709503173828,54688000
2021-07-29,136.38059997558594,137.15150451660156,136.13800048828125,136.54049682617188,135.42864990234375,19284000
2021-07-30,135.51100158691406,135.77134704589844,134.81419372558594,135.2209930419922,134.11988830566406,23954000
2021-08-02,135.4844970703125,136.02049255371094,134.66949462890625,135.989501953125,134.8821563720703,20140000
2021-08-03,136.0,136.3354949951172,134.18350219726562,136.27999877929688,135.17027282714844,19064000
2021-08-04,136.24949645996094,136.53799438476562,135.4149932861328,136.02850341796875,134.92080688476562,16528000
2021-08-05,136.02850341796875,136.9499969482422,135.60000610351562,136.94000244140625,135.82485961914062,11866000
2021-08-06,136.2949981689453,137.08004760742188,136.04649353027344,137.03599548339844,135.9200897216797,13560000
2021-08-09,136.94900512695312,138.32150268554688,136.4287567138672,138.0019989013672,136.8782196044922,12374000
2021-08-10,138.07949829101562,138.55149841308594,137.22650146484375,138.09649658203125,136.97193908691406,16034000
2021-08-11,138.2830047607422,138.84774780273438,137.35000610351562,137.6894989013672,136.56829833984375,15204000
2021-08-12,137.71299743652344,138.41799926757812,136.7790069580078,138.38949584960938,137.26260375976562,14646000
2021-08-13,138.3574981689453,138.6739959716797,138.0050048828125,138.406005859375,137.27894592285156,12580000
2021-08-16,138.0,138.99049377441406,136.16575622558594,138.91600036621094,137.7847900390625,18040000
2021-08-17,138.1909942626953,138.718505859375,136.78750610351562,137.30050659179688,136.1824493408203,21272000
2021-08-18,137.11549377441406,138.29400634765625,136.42100524902344,136.57000732421875,135.45791625976562,14934000
2021-08-19,135.46749877929688,137.45199584960938,135.3560028076172,136.9134979248047,135.798583984375,18296000
2021-08-20,137.08299255371094,138.614501953125,136.4669952392578,138.43699645996094,137.30967712402344,15564000
2021-08-23,138.99850463867188,142.177001953125,138.74795532226562,141.09950256347656,139.9505157470703,21090000
2021-08-24,141.5435028076172,143.00750732421875,141.35350036621094,142.39849853515625,141.23892211914062,15126000
2021-08-25,142.88299560546875,143.31300354003906,142.4394989013672,142.9499969482422,141.78594970703125,12838000
2021-08-26,142.61849975585938,143.13479614257812,142.0915069580078,142.1230010986328,140.96566772460938,14922000
2021-08-27,142.1125030517578,145.01100158691406,142.02000427246094,144.55050659179688,143.3734130859375,24562000
2021-08-30,144.70449829101562,146.489501953125,144.60000610351562,145.46949768066406,144.284912109375,16916000
2021-08-31,145.88450622558594,146.11199951171875,145.0,145.46200561523438,144.2775115966797,26756000
2021-09-01,145.64999389648438,146.82049560546875,145.614501953125,145.8419952392578,144.6543731689453,15824000
2021-09-02,145.94949340820312,146.3249969482422,144.10650634765625,144.218994140625,143.04461669921875,21844000
2021-09-03,144.14599609375,145.3769989013672,143.5050048828125,144.77499389648438,143.59608459472656,19104000
2021-09-07,144.74949645996094,145.82400512695312,144.54100036621094,145.5189971923828,144.33401489257812,15170000
2021-09-08,145.39349365234375,145.55099487304688,144.1999969482422,144.8834991455078,143.70370483398438,15486000
2021-09-09,144.8834991455078,145.66949462890625,144.4340057373047,144.9134979248047,143.73345947265625,14798000
2021-09-10,145.44349670410156,146.0189971923828,141.7415008544922,141.92100524902344,140.7653350830078,32896000
2021-09-13,143.2010040283203,144.1909942626953,142.28250122070312,143.46499633789062,142.2967529296875,20176000
2021-09-14,144.16099548339844,144.7274932861328,142.90550231933594,143.406005859375,142.23825073242188,18916000
2021-09-15,143.75900268554688,145.5814971923828,142.25599670410156,145.20599365234375,144.02357482910156,20648000
2021-09-16,145.12100219726562,145.1999969482422,143.41635131835938,144.37350463867188,143.19786071777344,20292000
2021-09-17,143.79849243164062,144.24949645996094,141.06149291992188,141.4635009765625,140.31153869628906,60040000
2021-09-20,139.0001983642578,139.3625030517578,137.05299377441406,139.01699829101562,137.88497924804688,34918000
2021-09-21,140.11700439453125,140.8115997314453,138.90550231933594,139.64649963378906,138.5093536376953,18130000
2021-09-22,140.05050659179688,141.58349609375,139.4717559814453,140.93850708007812,139.7908477783203,22068000
2021-09-23,141.6094970703125,142.25245666503906,141.09649658203125,141.82650756835938,140.67160034179688,17272000
2021-09-24,140.9459991455078,142.90350341796875,140.85049438476562,142.63299560546875,141.47152709960938,14950000
2021-09-27,141.5854949951172,142.5,140.5,141.50100708007812,140.34877014160156,18844000
2021-09-28,139.0885009765625,139.60650634765625,135.6999969482422,136.1840057373047,135.0750274658203,42190000
2021-09-29,137.1096954345703,137.39849853515625,134.25,134.52099609375,133.42559814453125,26338000
2021-09-30,134.3249969482422,135.58999633789062,133.0,133.2655029296875,132.18031311035156,35294000
2021-10-01,133.55450439453125,137.0709991455078,133.37750244140625,136.46249389648438,135.35128784179688,28388000
2021-10-04,135.69949340820312,135.6999969482422,131.16650390625,133.76499938964844,132.67575073242188,31530000
2021-10-05,134.0,137.36199951171875,134.0,136.177001953125,135.068115234375,24126000
2021-10-06,134.62550354003906,137.8520050048828,134.4864959716797,137.35400390625,136.23550415039062,19764000
2021-10-07,138.86300659179688,140.15444946289062,138.56300354003906,139.1855010986328,138.0521240234375,18250000
2021-10-08,139.906005859375,140.31700134277344,139.42935180664062,140.05599975585938,138.91552734375,18924000
2021-10-11,139.8000030517578,140.76365661621094,138.80650329589844,138.84750366210938,137.71685791015625,16584000
2021-10-12,139.6374969482422,139.69500732421875,136.25,136.71299743652344,135.5997314453125,22536000
2021-10-13,137.75,138.5500030517578,136.97650146484375,137.89999389648438,136.7770538330078,16380000
2021-10-14,139.95199584960938,141.65150451660156,139.33900451660156,141.41200256347656,140.26046752929688,21426000
2021-10-15,142.1999969482422,142.1999969482422,141.0644989013672,141.6750030517578,140.52133178710938,21250000
2021-10-18,141.2135009765625,142.99874877929688,141.2135009765625,142.9604949951172,141.7963409423828,16564000
2021-10-19,143.29150390625,144.10699462890625,143.0959930419922,143.82200622558594,142.65084838867188,15316000
2021-10-20,144.22250366210938,144.2477569580078,141.91200256347656,142.4149932861328,141.2553253173828,17940000
2021-10-21,142.19200134277344,142.84950256347656,141.63699340820312,142.78050231933594,141.6178436279297,14850000
2021-10-22,140.3509979248047,141.55850219726562,137.17050170898438,138.625,137.49615478515625,30182000
2021-10-25,138.8105010986328,139.20579528808594,136.74850463867188,138.7729949951172,137.6429443359375,21082000
2021-10-26,140.6060028076172,140.83949279785156,139.0054931640625,139.6719970703125,138.53463745117188,28258000
2021-10-27,139.90249633789062,149.1179962158203,139.90249633789062,146.42750549316406,145.23512268066406,51850000
2021-10-28,147.2989959716797,147.42449951171875,144.7635040283203,146.12899780273438,144.9390869140625,32418000
2021-10-29,145.52000427246094,148.61300659179688,145.16650390625,148.27049255371094,147.0631103515625,28954000
2021-11-01,148.1649932861328,148.39950561523438,143.57949829101562,143.7740020751953,142.6032257080078,32272000
2021-11-02,144.8094024658203,146.92050170898438,144.64100646972656,145.86300659179688,144.67520141601562,21150000
2021-11-03,146.27499389648438,146.91050720214844,145.05349731445312,146.7899932861328,145.59469604492188,17886000
2021-11-04,147.1999969482422,149.9499969482422,146.63499450683594,148.68299865722656,147.47227478027344,24700000
2021-11-05,149.35350036621094,150.5707550048828,148.65199279785156,149.24099731445312,148.0257110595703,20408000
2021-11-08,150.0,151.0345001220703,149.1199951171875,149.35150146484375,148.13531494140625,18388000
2021-11-09,149.74600219726562,150.3784942626953,147.5070037841797,149.24850463867188,148.03318786621094,16876000
2021-11-10,148.00975036621094,148.6999969482422,145.3249969482422,146.62600708007812,145.43203735351562,22708000
2021-11-11,147.10699462890625,148.5022430419922,146.6945037841797,146.7480010986328,145.55300903320312,12464000
2021-11-12,147.8314971923828,149.8594970703125,146.45399475097656,149.64549255371094,148.42691040039062,17048000
2021-11-15,150.0,150.4770050048828,148.65249633789062,149.38800048828125,148.17152404785156,16248000
2021-11-16,149.17050170898438,149.83250427246094,148.35000610351562,149.0760040283203,147.862060546875,17254000
2021-11-17,149.22900390625,149.62600708007812,148.56300354003906,149.06199645996094,147.84817504882812,15290000
2021-11-18,149.14599609375,151.61000061035156,148.99850463867188,150.70899963378906,149.4817657470703,26658000
2021-11-19,151.0,151.85000610351562,149.8874969482422,149.95249938964844,148.73143005371094,19766000
2021-11-22,150.14175415039062,150.7445068359375,147.0054931640625,147.07850646972656,145.88082885742188,24608000
2021-11-23,147.11300659179688,147.69400024414062,144.88949584960938,146.7570037841797,145.56192016601562,18126000
2021-11-24,146.35000610351562,147.0,145.19900512695312,146.71749877929688,145.52276611328125,16464000
2021-11-26,145.0155029296875,145.2969970703125,142.48550415039062,142.80599975585938,141.64312744140625,16992000
2021-11-29,144.29849243164062,146.86199951171875,144.29849243164062,146.11399841308594,144.92417907714844,26276000
2021-11-30,145.45025634765625,146.6284942626953,142.0659942626953,142.45199584960938,141.29200744628906,41590000
2021-12-01,144.21249389648438,146.4991455078125,141.5,141.6179962158203,140.46478271484375,28476000
2021-12-02,141.82400512695312,144.6750030517578,140.98199462890625,143.77650451660156,142.605712890625,21250000
2021-12-03,144.49549865722656,145.21299743652344,141.14999389648438,142.52049255371094,141.35995483398438,26688000
2021-12-06,143.57400512695312,144.35150146484375,140.64700317382812,143.79649353027344,142.62554931640625,22198000
2021-12-07,145.9499969482422,148.3000030517578,145.70249938964844,148.0364990234375,146.8310089111328,23258000
2021-12-08,148.3314971923828,149.156494140625,147.1999969482422,148.7205047607422,147.5094757080078,18964000
2021-12-09,148.17599487304688,149.60499572753906,147.5290069580078,148.1060028076172,146.8999481201172,18580000
2021-12-10,149.10000610351562,149.39999389648438,147.3574981689453,148.6750030517578,147.46434020996094,21634000
2021-12-13,148.44400024414062,148.5625,146.36000061035156,146.70449829101562,145.50987243652344,24104000
2021-12-14,144.77000427246094,145.44200134277344,142.24249267578125,144.9705047607422,143.78997802734375,24778000
2021-12-15,144.36599731445312,147.51724243164062,142.70550537109375,147.36849975585938,146.16847229003906,27280000
2021-12-16,148.07699584960938,148.55149841308594,144.09249877929688,144.8385009765625,143.65907287597656,27400000
2021-12-17,142.71449279785156,144.46009826660156,141.78799438476562,142.80299377441406,141.64015197753906,43404000
2021-12-20,140.67959594726562,142.61050415039062,140.25,142.40150451660156,141.24192810058594,20264000
2021-12-21,143.14999389648438,144.69204711914062,141.73500061035156,144.2205047607422,143.04611206054688,19548000
2021-12-22,144.10000610351562,147.30299377441406,143.96299743652344,146.94900512695312,145.75238037109375,18438000
2021-12-23,147.08949279785156,148.57260131835938,146.9508514404297,147.1425018310547,145.9442901611328,13818000
2021-12-27,147.4635009765625,148.42649841308594,147.25,148.06399536132812,146.8582763671875,13256000
2021-12-28,148.37449645996094,148.37449645996094,145.9355010986328,146.447998046875,145.2554473876953,18624000
2021-12-29,146.42950439453125,147.18374633789062,145.50450134277344,146.50450134277344,145.31150817871094,17022000
2021-12-30,146.4499969482422,147.0625,145.7584991455078,146.00250244140625,144.81356811523438,12978000
2021-12-31,145.54400634765625,146.36500549316406,144.67750549316406,144.67950439453125,143.50137329101562,17298000
2022-01-03,144.47549438476562,145.5500030517578,143.50250244140625,145.07449340820312,143.89312744140625,25214000
2022-01-04,145.55050659179688,146.61000061035156,143.81614685058594,144.41650390625,143.2405242919922,22928000
2022-01-05,144.18099975585938,144.29800415039062,137.52349853515625,137.65350341796875,136.53257751464844,49642000
2022-01-06,137.49749755859375,139.68600463867188,136.7635040283203,137.55099487304688,136.43089294433594,29050000
2022-01-07,137.90499877929688,138.25474548339844,135.78900146484375,137.00450134277344,135.8888397216797,19408000
2022-01-10,135.0989990234375,138.63999938964844,133.1405029296875,138.57400512695312,137.44558715820312,34096000
2022-01-11,138.1804962158203,140.32949829101562,136.81350708007812,140.0175018310547,138.87733459472656,23502000
2022-01-12,141.55450439453125,142.8142547607422,141.11199951171875,141.6479949951172,140.49453735351562,23642000
2022-01-13,141.8404998779297,143.1855010986328,138.91400146484375,139.13099670410156,137.99806213378906,26566000
2022-01-14,137.5,141.20050048828125,137.5,139.7864990234375,138.64822387695312,23826000
2022-01-18,136.60000610351562,137.39149475097656,135.61700439453125,136.29049682617188,135.18064880371094,27382000
2022-01-19,136.93850708007812,138.39950561523438,135.5,135.65199279785156,134.54736328125,20796000
2022-01-20,136.51400756835938,137.91200256347656,133.14450073242188,133.50650024414062,132.41934204101562,21930000
2022-01-21,133.01199340820312,134.760498046875,130.00100708007812,130.0919952392578,129.03265380859375,41920000
2022-01-24,126.02749633789062,130.77850341796875,124.64195251464844,130.3719940185547,129.31036376953125,55148000
2022-01-25,128.4355010986328,129.3385009765625,126.37799835205078,126.7354965209961,125.70347595214844,36008000
2022-01-26,130.59249877929688,132.8074951171875,127.15350341796875,129.24000549316406,128.18759155273438,39630000
2022-01-27,131.36099243164062,132.60995483398438,128.94500732421875,129.12100219726562,128.069580078125,30248000
2022-01-28,130.0,133.37049865722656,128.6945037841797,133.2895050048828,132.20411682128906,30518000
2022-01-31,134.197998046875,135.843505859375,132.2740020751953,135.69850158691406,134.59349060058594,34056000
2022-02-01,137.8350067138672,138.1999969482422,134.56825256347656,137.8784942626953,136.75572204589844,51204000
2022-02-02,151.86349487304688,152.10000610351562,145.5574951171875,148.0364990234375,146.8310089111328,89750000
2022-02-03,145.2949981689453,149.11770629882812,142.2050018310547,142.65049743652344,141.48887634277344,56930000
2022-02-04,143.01699829101562,144.53524780273438,139.8175048828125,143.01600646972656,141.85140991210938,49224000
2022-02-07,143.70899963378906,143.84649658203125,138.69900512695312,138.93800354003906,137.80661010742188,44610000
2022-02-08,138.9912567138672,139.83709716796875,136.8730010986328,139.21299743652344,138.07936096191406,34256000
2022-02-09,140.84974670410156,142.17550659179688,140.3769989013672,141.4530029296875,140.3011474609375,28628000
2022-02-10,139.5,141.43099975585938,138.0500030517578,138.6024932861328,137.47384643554688,33018000
2022-02-11,138.75,139.2832489013672,133.2884979248047,134.1300048828125,133.03778076171875,38808000
2022-02-14,133.36549377441406,136.16650390625,133.302001953125,135.3000030517578,134.19825744628906,26792000
2022-02-15,137.47149658203125,137.89999389648438,135.5395050048828,136.42550659179688,135.31455993652344,26578000
2022-02-16,136.4304962158203,137.9459991455078,134.8236541748047,137.4875030517578,136.36795043945312,25610000
2022-02-17,136.14999389648438,136.83949279785156,132.20199584960938,132.30850219726562,131.23109436035156,30968000
2022-02-18,133.03750610351562,133.82400512695312,130.3070526123047,130.46749877929688,129.40512084960938,31858000
2022-02-22,129.98500061035156,131.9007568359375,127.74099731445312,129.40249633789062,128.34877014160156,38906000
2022-02-23,131.07850646972656,131.74899291992188,127.50350189208984,127.58499908447266,126.54605102539062,26432000
2022-02-24,125.0,133.03700256347656,124.7645034790039,132.67349243164062,131.59312438964844,43166000
2022-02-25,133.52549743652344,135.38900756835938,131.76499938964844,134.51950073242188,133.42410278320312,26236000
2022-02-28,133.2845001220703,135.6405029296875,132.82525634765625,134.89100646972656,133.79257202148438,29676000
2022-03-01,134.47999572753906,136.11099243164062,133.3784942626953,134.16799926757812,133.07545471191406,24640000
2022-03-02,134.60824584960938,135.61549377441406,133.4324951171875,134.75149536132812,133.6542205810547,23966000
2022-03-03,135.97850036621094,136.71380615234375,133.43099975585938,134.30799865722656,133.21432495117188,19780000
2022-03-04,133.38250732421875,134.19900512695312,130.4084930419922,132.1219940185547,131.04611206054688,24446000
2022-03-07,131.9040069580078,131.9040069580078,126.41000366210938,126.4645004272461,125.4346923828125,39178000
2022-03-08,126.25050354003906,131.2465057373047,125.86074829101562,127.27850341796875,126.2420654296875,35250000
2022-03-09,131.39999389648438,134.19850158691406,130.08799743652344,133.86599731445312,132.7759246826172,32258000
2022-03-10,131.46249389648438,133.5384979248047,131.4010009765625,132.6820068359375,131.60153198242188,24266000
2022-03-11,133.99949645996094,134.1999969482422,130.29649353027344,130.47549438476562,129.4130096435547,26600000
2022-03-14,130.572998046875,131.0260009765625,126.41300201416016,126.74099731445312,125.70893859863281,30254000
2022-03-15,127.74150085449219,130.51724243164062,126.56800079345703,129.66050720214844,128.6046905517578,30292000
2022-03-16,131.0,133.77099609375,129.2010040283203,133.6905059814453,132.60186767578125,32058000
2022-03-17,133.3209991455078,134.739501953125,132.718994140625,134.60049438476562,133.50442504882812,23994000
2022-03-18,133.88400268554688,136.9134979248047,132.9320068359375,136.80149841308594,135.6875,45900000
2022-03-21,136.84750366210938,137.58250427246094,134.6114959716797,136.47850036621094,135.3671112060547,26632000
2022-03-22,136.5,141.5,136.5,140.27749633789062,139.13519287109375,29776000
2022-03-23,139.1385040283203,140.02499389648438,138.16650390625,138.5034942626953,137.37564086914062,25302000
2022-03-24,139.2725067138672,141.39649963378906,138.03939819335938,141.31199645996094,140.16127014160156,20544000
2022-03-25,141.75399780273438,141.95950317382812,139.69949340820312,141.52149963378906,140.3690948486328,19270000
2022-03-28,140.6844940185547,141.97650146484375,139.82815551757812,141.9499969482422,140.7940673828125,23774000
2022-03-29,143.16050720214844,144.16250610351562,142.48399353027344,143.25,142.08349609375,28678000
2022-03-30,142.8699951171875,143.48049926757812,142.16799926757812,142.64450073242188,141.48292541503906,21046000
2022-03-31,142.44850158691406,142.64450073242188,139.61900329589844,139.64950561523438,138.51234436035156,29516000
2022-04-01,140.00999450683594,140.9499969482422,138.7969970703125,140.6999969482422,139.55426025390625,23480000
2022-04-04,140.82449340820312,144.0437469482422,140.82449340820312,143.6425018310547,142.47279357910156,19076000
2022-04-05,143.39950561523438,143.58999633789062,140.94349670410156,141.06300354003906,139.914306640625,19256000
2022-04-06,139.1614990234375,139.84849548339844,136.41810607910156,137.17599487304688,136.0589599609375,23574000
2022-04-07,136.6179962158203,137.70150756835938,134.8572540283203,136.46499633789062,135.35374450683594,19448000
2022-04-08,136.25,136.25,133.75250244140625,134.010498046875,132.91925048828125,16434000
2022-04-11,132.89999389648438,132.93919372558594,129.61749267578125,129.79649353027344,128.7395477294922,24188000
2022-04-12,132.42349243164062,132.42349243164062,127.57599639892578,128.37449645996094,127.32913208007812,23004000
2022-04-13,128.62649536132812,130.65574645996094,128.4385986328125,130.28599548339844,129.2250518798828,19542000
2022-04-14,130.64950561523438,130.7102508544922,127.11150360107422,127.25299835205078,126.21676635742188,23484000
2022-04-18,127.41000366210938,128.71200561523438,126.57845306396484,127.96099853515625,126.91899108886719,14918000
2022-04-19,128.07699584960938,130.90374755859375,127.45149993896484,130.531005859375,129.46807861328125,22720000
2022-04-20,131.28399658203125,131.92349243164062,127.89405059814453,128.24549865722656,127.2011947631836,22610000
2022-04-21,129.35000610351562,130.3074951171875,124.6500015258789,124.9375,123.92012023925781,30158000
2022-04-22,125.0,125.4520034790039,119.1405029296875,119.61399841308594,118.63997650146484,46410000
2022-04-25,119.42949676513672,123.27799987792969,118.76924896240234,123.25,122.2463607788086,34522000
2022-04-26,122.75,122.75,119.16184997558594,119.50599670410156,118.53284454345703,49394000
2022-04-27,114.37300109863281,117.5,113.12425231933594,115.02050018310547,114.08387756347656,62238000
2022-04-28,117.11499786376953,120.4384994506836,115.1438980102539,119.4114990234375,118.43911743164062,36790000
2022-04-29,117.5780029296875,118.95999908447266,114.69400024414062,114.96649932861328,114.03031158447266,33694000
2022-05-02,113.90650177001953,117.3395004272461,113.39949798583984,117.15699768066406,116.20298767089844,30280000
2022-05-03,116.76499938964844,119.30000305175781,116.62699890136719,118.12950134277344,117.16755676269531,21216000
2022-05-04,118.00350189208984,123.14299774169922,115.7385025024414,122.57499694824219,121.57685852050781,33232000
2022-05-05,120.22049713134766,121.2332534790039,115.18250274658203,116.74649810791016,115.79581451416016,43090000
2022-05-06,115.51899719238281,117.49849700927734,114.14299774169922,115.66000366210938,114.71817779541016,35310000
2022-05-09,113.30349731445312,115.56289672851562,112.55149841308594,113.08399963378906,112.16314697265625,34520000
2022-05-10,116.04049682617188,116.69100189208984,113.38330078125,114.58450317382812,113.65142822265625,31158000
2022-05-11,113.71050262451172,116.6709976196289,113.6500015258789,113.96099853515625,113.03300476074219,36502000
2022-05-12,111.93800354003906,114.85649871826172,110.1135025024414,113.16100311279297,112.2395248413086,41464000
2022-05-13,114.84549713134766,118.08499908447266,114.0,116.5155029296875,115.56671142578125,29738000
2022-05-16,115.38400268554688,116.60749816894531,114.33499908447266,114.7925033569336,113.85774230957031,23282000
2022-05-17,117.22750091552734,117.22750091552734,115.3375015258789,116.70149993896484,115.7511978149414,21576000
2022-05-18,115.23750305175781,115.69564819335938,112.14199829101562,112.4010009765625,111.48571014404297,27982000
2022-05-19,111.84100341796875,113.5875015258789,110.46800231933594,110.74549865722656,109.84369659423828,29192000
2022-05-20,112.08550262451172,112.55000305175781,106.37300109863281,109.31300354003906,108.4228744506836,37586000
2022-05-23,110.10399627685547,112.00550079345703,109.15425109863281,111.66649627685547,110.7571792602539,31558000
2022-05-24,106.37750244140625,106.3949966430664,102.20800018310547,105.9260025024414,105.06344604492188,60386000
2022-05-25,105.14199829101562,106.5447006225586,104.21125030517578,105.8395004272461,104.97764587402344,37900000
2022-05-26,106.05049896240234,108.95525360107422,105.48799896240234,108.2959976196289,107.41414642333984,30288000
2022-05-27,109.78849792480469,112.86799621582031,109.55000305175781,112.79900360107422,111.88046264648438,29924000
2022-05-31,113.0790023803711,116.43350219726562,112.57250213623047,114.03900146484375,113.1103744506836,51302000
2022-06-01,114.93150329589844,117.39900207519531,113.55049896240234,114.13700103759766,113.20757293701172,28630000
2022-06-02,114.18800354003906,117.89800262451172,113.30799865722656,117.74600219726562,116.78718566894531,27472000
2022-06-03,115.99250030517578,116.364501953125,113.66799926757812,114.56400299072266,113.63109588623047,25052000
2022-06-06,116.74250030517578,119.39849853515625,116.5282974243164,117.010498046875,116.05767059326172,23786000
2022-06-07,115.64800262451172,117.74864959716797,115.12550354003906,117.22949981689453,116.27489471435547,26414000
2022-06-08,116.87650299072266,118.64600372314453,116.69674682617188,117.23799896240234,116.2833251953125,22544000
2022-06-09,116.34149932861328,118.3499984741211,114.86699676513672,114.91799926757812,113.98221588134766,23142000
2022-06-10,112.78125,113.49700164794922,110.86100006103516,111.42749786376953,110.52012634277344,31324000
2022-06-13,107.44599914550781,109.21849822998047,106.58805084228516,106.87650299072266,106.00619506835938,36756000
2022-06-14,106.88999938964844,108.4574966430664,106.35199737548828,107.19400024414062,106.32109832763672,25480000
2022-06-15,108.89949798583984,112.06300354003906,108.1187515258789,110.3905029296875,109.4916000366211,33192000
2022-06-16,108.14949798583984,109.29049682617188,105.7925033569336,106.63600158691406,105.76766204833984,35314000
2022-06-17,106.53500366210938,109.24949645996094,105.62854766845703,107.8655014038086,106.98715209960938,43516000
2022-06-21,109.7020034790039,112.6729965209961,109.29350280761719,112.01499938964844,111.10285186767578,39010000
2022-06-22,111.16300201416016,113.76950073242188,110.72429656982422,112.03399658203125,111.1216812133789,23922000
2022-06-23,112.94999694824219,113.19650268554688,111.02899932861328,112.68450164794922,111.76689910888672,24710000
2022-06-24,113.60299682617188,118.63749694824219,113.60299682617188,118.53800201416016,117.57274627685547,39122000
2022-06-27,118.93499755859375,119.25,116.00074768066406,116.62249755859375,115.67283630371094,32840000
2022-06-28,116.35099792480469,117.85649871826172,112.44400024414062,112.57150268554688,111.65482330322266,28232000
2022-06-29,112.14849853515625,113.66449737548828,111.55400085449219,112.25650024414062,111.34237670898438,18628000
2022-06-30,110.49949645996094,111.32980346679688,107.30999755859375,109.37249755859375,108.48187255859375,38046000
2022-07-01,108.33699798583984,109.80635070800781,107.1050033569336,109.08100128173828,108.1927490234375,31028000
2022-07-05,107.5145034790039,114.05259704589844,106.24949645996094,113.88700103759766,112.95960998535156,36398000
2022-07-06,114.09200286865234,116.35199737548828,112.25050354003906,115.2135009765625,114.27530670166016,28852000
2022-07-07,116.00800323486328,119.86199951171875,115.53399658203125,119.30599975585938,118.33448028564453,32184000
2022-07-08,117.55000305175781,120.43499755859375,117.51399993896484,120.16850280761719,119.18994903564453,29082000
2022-07-11,118.6500015258789,118.79450225830078,116.2344970703125,116.52249908447266,115.57364654541016,26718000
2022-07-12,116.8385009765625,117.84950256347656,114.61499786376953,114.84950256347656,113.9142837524414,24970000
2022-07-13,112.63899993896484,115.15699768066406,111.822998046875,112.18699645996094,111.27344512939453,38958000
2022-07-14,110.82599639892578,111.98750305175781,109.32550048828125,111.44000244140625,110.53253936767578,32366000
2022-07-15,112.96299743652344,114.00050354003906,111.82250213623047,112.76699829101562,111.84872436523438,34330000
2022-07-18,113.44000244140625,114.80000305175781,109.30000305175781,109.91000366210938,109.0149917602539,33354000
2022-07-19,111.7300033569336,114.80999755859375,110.5,114.62000274658203,113.6866455078125,30992300
2022-07-20,114.05999755859375,116.33000183105469,113.26000213623047,114.69999694824219,113.76597595214844,26780100
2022-07-21,115.08999633789062,115.20999908447266,111.91000366210938,115.04000091552734,114.10323333740234,27267800
2022-07-22,111.80999755859375,113.18000030517578,107.5999984741211,108.36000061035156,107.47760772705078,44455300
2022-07-25,108.87999725341797,110.58000183105469,107.01000213623047,108.20999908447266,107.3288345336914,28289900
2022-07-26,107.43000030517578,107.73999786376953,104.76000213623047,105.44000244140625,104.58140563964844,36626600
2022-07-27,109.5999984741211,114.4000015258789,108.41999816894531,113.5999984741211,112.6749496459961,41474600
2022-07-28,112.80000305175781,114.69999694824219,111.85099792480469,114.58999633789062,113.65687561035156,23303800
2022-07-29,113.4000015258789,116.9000015258789,113.2300033569336,116.63999938964844,115.69020080566406,31336200
2022-08-01,115.52999877929688,117.12000274658203,114.69000244140625,115.4800033569336,114.53963470458984,22856200
2022-08-02,114.43000030517578,117.08000183105469,114.26000213623047,115.9000015258789,114.95621490478516,17911000
2022-08-03,116.33999633789062,119.41999816894531,116.1500015258789,118.77999877929688,117.81275177001953,25302800
2022-08-04,118.30000305175781,119.5,117.70999908447266,118.87000274658203,117.90203857421875,15757700
2022-08-05,116.93000030517578,118.86000061035156,116.70999908447266,118.22000122070312,117.25732421875,15615700
2022-08-08,119.12000274658203,120.86000061035156,117.83000183105469,118.13999938964844,117.17797088623047,17061100
2022-08-09,117.98999786376953,118.19999694824219,116.55999755859375,117.5,116.54318237304688,15424300
2022-08-10,119.58999633789062,121.77999877929688,119.36000061035156,120.6500015258789,119.66754150390625,20497000
2022-08-11,122.08000183105469,122.33999633789062,119.55000305175781,119.81999969482422,118.84429931640625,16671600
2022-08-12,121.16000366210938,122.6500015258789,120.4000015258789,122.6500015258789,121.65125274658203,16121100
2022-08-15,122.20999908447266,123.26000213623047,121.56999969482422,122.87999725341797,121.87938690185547,15525000
2022-08-16,122.31999969482422,123.22799682617188,121.53500366210938,122.51000213623047,121.51239776611328,15626200
2022-08-17,120.93000030517578,122.1500015258789,120.19999694824219,120.31999969482422,119.34021759033203,17589200
2022-08-18,120.2300033569336,121.69000244140625,119.55000305175781,120.86000061035156,119.87581634521484,15652000
2022-08-19,119.87000274658203,120.0,117.66999816894531,118.12000274658203,117.15813446044922,20187000
2022-08-22,116.0999984741211,116.5,114.66999816894531,115.06999969482422,114.13296508789062,19316000
2022-08-23,114.31999969482422,115.93000030517578,114.30000305175781,114.7699966430664,113.83541870117188,14390700
2022-08-24,114.44999694824219,115.71700286865234,113.77999877929688,114.69999694824219,113.76597595214844,16051200
2022-08-25,115.1500015258789,117.77999877929688,115.05000305175781,117.69999694824219,116.74156951904297,14874700
2022-08-26,115.80999755859375,116.5999984741211,111.22000122070312,111.30000305175781,110.39366912841797,31698700
2022-08-29,110.77999877929688,111.95999908447266,109.80999755859375,110.33999633789062,109.44147491455078,20386100
2022-08-30,111.02999877929688,111.37000274658203,108.80000305175781,109.91000366210938,109.0149917602539,20548200
2022-08-31,111.62999725341797,111.7699966430664,109.05000305175781,109.1500015258789,108.26119232177734,25898000
2022-09-01,109.19999694824219,111.22000122070312,108.19000244140625,110.55000305175781,109.6497802734375,22784400
2022-09-02,111.33999633789062,111.67500305175781,108.12999725341797,108.68000030517578,107.7950210571289,20618100
2022-09-06,108.13500213623047,108.87999725341797,106.51000213623047,107.4800033569336,106.60478973388672,20565100
2022-09-07,107.76000213623047,110.98999786376953,107.61499786376953,110.4800033569336,109.5803451538086,22987200
2022-09-08,109.18000030517578,110.58000183105469,108.05999755859375,109.41999816894531,108.52899169921875,21660700
2022-09-09,110.05000305175781,112.0,110.0,111.77999877929688,110.8697738647461,21732900
2022-09-12,111.98999786376953,112.63999938964844,110.93000030517578,111.87000274658203,110.95903778076172,19732900
2022-09-13,108.88999938964844,109.37000274658203,105.0,105.30999755859375,104.45244598388672,33015000
2022-09-14,105.44000244140625,106.0999984741211,104.5,105.87000274658203,105.00788116455078,22115800
2022-09-15,105.01000213623047,106.20999908447266,103.30999755859375,103.9000015258789,103.05393981933594,26494900
2022-09-16,102.97000122070312,104.02999877929688,101.8550033569336,103.62999725341797,102.7861328125,64540100
2022-09-19,102.54000091552734,104.0199966430664,102.37000274658203,103.8499984741211,103.00434112548828,19738600
2022-09-20,102.87999725341797,103.16999816894531,101.12000274658203,101.83000183105469,101.00079345703125,24001700
2022-09-21,102.23999786376953,103.48999786376953,99.98999786376953,100.01000213623047,99.19562530517578,26596800
2022-09-22,99.44999694824219,101.68000030517578,99.41000366210938,100.56999969482422,99.75104522705078,21272700
2022-09-23,100.05999755859375,100.11000061035156,98.01000213623047,99.16999816894531,98.36245727539062,25657000
2022-09-26,98.61000061035156,100.44000244140625,98.37999725341797,98.80999755859375,98.00538635253906,22437900
2022-09-27,99.91000366210938,100.45999908447266,97.33999633789062,98.08999633789062,97.29124450683594,24225000
2022-09-28,98.0199966430664,101.4000015258789,97.80000305175781,100.73999786376953,99.9196548461914,24617000
2022-09-29,99.30000305175781,99.30000305175781,96.5199966430664,98.08999633789062,97.29124450683594,21921500
2022-09-30,97.7300033569336,99.49400329589844,96.02999877929688,96.1500015258789,95.3670425415039,26277800
2022-10-03,97.22000122070312,99.97000122070312,97.0199966430664,99.30000305175781,98.49139404296875,24840000
2022-10-04,101.04000091552734,102.72000122070312,101.04000091552734,102.41000366210938,101.57608032226562,22580900
2022-10-05,100.69000244140625,102.73999786376953,99.73999786376953,102.22000122070312,101.38760375976562,18475500
2022-10-06,101.5,103.7300033569336,101.5,102.23999786376953,101.4074478149414,17156200
2022-10-07,100.6500015258789,101.41999816894531,99.20999908447266,99.56999969482422,98.75919342041016,24249900
2022-10-10,99.8499984741211,99.98999786376953,97.87000274658203,98.70999908447266,97.90619659423828,16529900
2022-10-11,98.25,100.12000274658203,97.25,98.05000305175781,97.2515869140625,21617700
2022-10-12,98.2699966430664,99.64800262451172,97.66999816894531,98.30000305175781,97.49954986572266,17343400
2022-10-13,95.93000030517578,100.52999877929688,95.2699966430664,99.70999908447266,98.8980484008789,32812200
2022-10-14,100.625,101.29000091552734,97.02999877929688,97.18000030517578,96.38866424560547,22624800
2022-10-17,99.5199966430664,101.7699966430664,99.51000213623047,100.77999877929688,99.95934295654297,23311600
2022-10-18,103.94000244140625,104.22000122070312,100.6500015258789,101.38999938964844,100.56436920166016,21610500
2022-10-19,100.69999694824219,101.65899658203125,99.63500213623047,100.29000091552734,99.47332000732422,21573700
2022-10-20,100.81999969482422,103.0,99.97000122070312,100.52999877929688,99.71138000488281,25125100
2022-10-21,98.45999908447266,101.62000274658203,98.2300033569336,101.4800033569336,100.65364074707031,28988700
2022-10-24,102.08999633789062,103.0999984741211,100.30000305175781,102.97000122070312,102.13150787353516,24680800
2022-10-25,103.30000305175781,105.0999984741211,103.0199966430664,104.93000030517578,104.0755386352539,29910200
2022-10-26,96.76000213623047,98.54000091552734,94.56999969482422,94.81999969482422,94.04788208007812,71504300
2022-10-27,94.30999755859375,95.16999816894531,91.9000015258789,92.5999984741211,91.84595489501953,54036500
2022-10-28,92.52999877929688,96.86000061035156,92.322998046875,96.58000183105469,95.79354858398438,35696900
2022-10-31,95.77999877929688,96.3499984741211,94.37999725341797,94.66000366210938,93.88917541503906,29868700
2022-11-01,95.58999633789062,96.16500091552734,90.43000030517578,90.5,89.76305389404297,43220600
2022-11-02,90.91000366210938,91.30000305175781,87.01000213623047,87.06999969482422,86.3609848022461,43553600
2022-11-03,86.34500122070312,86.55000305175781,83.44999694824219,83.48999786376953,82.81013488769531,48510400
2022-11-04,85.51000213623047,86.7300033569336,83.87999725341797,86.69999694824219,85.99400329589844,40173300
2022-11-07,87.33999633789062,88.94000244140625,86.95999908447266,88.6500015258789,87.92811584472656,26899900
2022-11-08,89.16000366210938,90.40499877929688,87.6500015258789,88.91000366210938,88.1860122680664,30172000
2022-11-09,88.54499816894531,89.48999786376953,87.36000061035156,87.4000015258789,86.68829345703125,26743900
2022-11-10,92.33999633789062,94.55000305175781,91.6500015258789,94.16999816894531,93.40316009521484,42371200
2022-11-11,94.70999908447266,97.36000061035156,94.16000366210938,96.7300033569336,95.94231414794922,30569100
2022-11-14,95.5,97.18000030517578,95.11299896240234,96.02999877929688,95.24801635742188,24170100
2022-11-15,98.66999816894531,100.41999816894531,97.0199966430664,98.72000122070312,97.9161148071289,31831000
2022-11-16,98.0199966430664,99.8499984741211,97.9020004272461,98.98999786376953,98.18390655517578,24660200
2022-11-17,97.18000030517578,99.4800033569336,97.0999984741211,98.5,97.69789123535156,21818700
2022-11-18,99.01000213623047,99.16000366210938,96.73999786376953,97.80000305175781,97.00361633300781,24969900
2022-11-21,97.55999755859375,98.72000122070312,95.66999816894531,95.83000183105469,95.04965209960938,18696900
2022-11-22,96.16000366210938,97.5479965209961,94.41000366210938,97.33000183105469,96.53743743896484,18868900
2022-11-23,97.33999633789062,99.06900024414062,97.33999633789062,98.81999969482422,98.01529693603516,17568900
2022-11-25,98.46499633789062,98.94000244140625,97.52999877929688,97.5999984741211,96.80523681640625,8567800
2022-11-28,97.19999694824219,97.83000183105469,95.88999938964844,96.25,95.46622467041016,19974500
2022-11-29,96.0,96.38999938964844,94.38999938964844,95.44000244140625,94.66283416748047,20220000
2022-11-30,95.12000274658203,101.44999694824219,94.66999816894531,101.44999694824219,100.6238784790039,39888100
2022-12-01,101.4000015258789,102.58999633789062,100.66999816894531,101.27999877929688,100.45526123046875,21771500
2022-12-02,99.37000274658203,101.1500015258789,99.16999816894531,100.83000183105469,100.00894165039062,18821500
2022-12-05,99.81500244140625,101.75,99.3550033569336,99.87000274658203,99.05674743652344,19955500
2022-12-06,99.66999816894531,100.20999908447266,96.76000213623047,97.30999755859375,96.51760864257812,20877600
2022-12-07,96.7699966430664,97.30999755859375,95.0250015258789,95.1500015258789,94.37517547607422,26647900
2022-12-08,95.69000244140625,95.87000274658203,93.80000305175781,93.94999694824219,93.1849594116211,25593200
2022-12-09,93.9000015258789,94.48999786376953,93.0199966430664,93.06999969482422,92.31212615966797,21885300
2022-12-12,93.08999633789062,93.875,91.9000015258789,93.55999755859375,92.7981185913086,27380900
2022-12-13,98.06999969482422,99.80000305175781,95.37999725341797,95.8499984741211,95.0694808959961,34788500
2022-12-14,95.54000091552734,97.22000122070312,93.94000244140625,95.30999755859375,94.53388977050781,26452900
2022-12-15,93.54000091552734,94.02999877929688,90.43000030517578,91.19999694824219,90.45733642578125,28298800
2022-12-16,91.19999694824219,91.75,90.01000213623047,90.86000061035156,90.1201171875,48485500
2022-12-19,90.87999725341797,91.19999694824219,88.92500305175781,89.1500015258789,88.42404174804688,23020500
2022-12-20,88.7300033569336,89.77999877929688,88.04000091552734,89.62999725341797,88.90013885498047,21976800
2022-12-21,89.7300033569336,90.91500091552734,88.91000366210938,90.25,89.51509094238281,20336400
2022-12-22,88.93000030517578,89.18000030517578,86.94000244140625,88.26000213623047,87.5412826538086,23656100
2022-12-23,87.62000274658203,90.0999984741211,87.62000274658203,89.80999755859375,89.07867431640625,17815000
2022-12-27,89.30999755859375,89.5,87.53500366210938,87.93000030517578,87.21397399902344,15470900
2022-12-28,87.5,88.5199966430664,86.37000274658203,86.45999908447266,85.75595092773438,17879600
2022-12-29,87.02999877929688,89.36499786376953,86.98999786376953,88.94999694824219,88.22566223144531,18280700
2022-12-30,87.36499786376953,88.83000183105469,87.02999877929688,88.7300033569336,88.00745391845703,19190300
2023-01-03,89.83000183105469,91.55000305175781,89.0199966430664,89.69999694824219,88.96955108642578,20738500
2023-01-04,91.01000213623047,91.23999786376953,87.80000305175781,88.70999908447266,87.98762512207031,27046500
2023-01-05,88.06999969482422,88.20999908447266,86.55999755859375,86.7699966430664,86.06341552734375,23136100
2023-01-06,87.36000061035156,88.47000122070312,85.56999969482422,88.16000366210938,87.44210815429688,26612600
2023-01-09,89.19499969482422,90.83000183105469,88.58000183105469,88.80000305175781,88.07689666748047,22996700
2023-01-10,86.72000122070312,89.4749984741211,86.69999694824219,89.23999786376953,88.51331329345703,22855600
2023-01-11,90.05999755859375,92.44999694824219,89.73999786376953,92.26000213623047,91.50872039794922,25998800
2023-01-12,92.4000015258789,92.62000274658203,90.56999969482422,91.91000366210938,91.16156005859375,22754200
2023-01-13,91.52799987792969,92.9800033569336,90.93000030517578,92.80000305175781,92.04431915283203,18630700
2023-01-17,92.77999877929688,92.97000122070312,90.83999633789062,92.16000366210938,91.40953063964844,22935800
2023-01-18,92.94000244140625,93.58799743652344,91.4000015258789,91.77999877929688,91.03262329101562,19641600
2023-01-19,91.38999938964844,94.4000015258789,91.37999725341797,93.91000366210938,93.14527130126953,28707700
2023-01-20,95.94999694824219,99.41999816894531,95.91000366210938,99.27999877929688,98.47154235839844,53704800
2023-01-23,99.12999725341797,101.4000015258789,98.75,101.20999908447266,100.38582611083984,31791800
2023-01-24,99.55000305175781,101.08999633789062,98.69999694824219,99.20999908447266,98.40211486816406,27391400
2023-01-25,97.19999694824219,97.72000122070312,95.26200103759766,96.7300033569336,95.94231414794922,31000900
2023-01-26,98.27999877929688,99.20999908447266,96.81999969482422,99.16000366210938,98.3525390625,24542100
2023-01-27,99.05000305175781,101.58000183105469,98.97000122070312,100.70999908447266,99.88990783691406,29020400
2023-01-30,98.74500274658203,99.40899658203125,97.5199966430664,97.94999694824219,97.15238189697266,24365100
2023-01-31,97.86000061035156,99.91000366210938,97.79000091552734,99.87000274658203,99.05674743652344,22306800
2023-02-01,99.73999786376953,102.19000244140625,98.41999816894531,101.43000030517578,100.60404968261719,26392600
2023-02-02,106.79000091552734,108.81999969482422,106.54000091552734,108.80000305175781,107.9140396118164,46622600
2023-02-03,103.51000213623047,108.0199966430664,103.30000305175781,105.22000122070312,104.3631820678711,36823400
2023-02-06,102.68499755859375,104.69999694824219,102.20999908447266,103.47000122070312,102.62743377685547,25573000
2023-02-07,103.62999725341797,108.66999816894531,103.5479965209961,108.04000091552734,107.16023254394531,33738800
2023-02-08,102.69000244140625,103.58000183105469,98.45500183105469,100.0,99.18568420410156,73546000
2023-02-09,100.54000091552734,100.61000061035156,93.86000061035156,95.45999908447266,94.68266296386719,97798600
2023-02-10,95.73999786376953,97.0199966430664,94.52999877929688,94.86000061035156,94.0875473022461,49325300
2023-02-13,95.01000213623047,95.3499984741211,94.05000305175781,95.0,94.2264175415039,43116600
2023-02-14,94.66000366210938,95.17500305175781,92.6500015258789,94.94999694824219,94.17681121826172,42513100
2023-02-15,94.73999786376953,97.33999633789062,94.36000061035156,97.0999984741211,96.3093032836914,36964500
2023-02-16,95.54000091552734,97.87999725341797,94.97000122070312,95.77999877929688,95.00006103515625,35642100
2023-02-17,95.06999969482422,95.75,93.44999694824219,94.58999633789062,93.81974792480469,31095100
2023-02-21,93.23999786376953,93.41500091552734,92.0,92.05000305175781,91.30043029785156,28367200
2023-02-22,91.93399810791016,92.36000061035156,90.87000274658203,91.80000305175781,91.05247497558594,29891100
2023-02-23,92.12999725341797,92.12999725341797,90.01000213623047,91.06999969482422,90.32840728759766,32423700
2023-02-24,89.62999725341797,90.12999725341797,88.86000061035156,89.3499984741211,88.6224136352539,31295600
2023-02-27,90.08999633789062,90.44999694824219,89.61000061035156,90.0999984741211,89.36630249023438,22724300
2023-02-28,89.54000091552734,91.44999694824219,89.5199966430664,90.30000305175781,89.56468200683594,30546900
2023-03-01,90.16000366210938,91.19999694824219,89.8499984741211,90.51000213623047,89.7729721069336,26323900
2023-03-02,89.86000061035156,92.4800033569336,89.7699966430664,92.30999755859375,91.55830383300781,23328600
2023-03-03,92.73999786376953,94.11000061035156,92.66000366210938,94.0199966430664,93.25437927246094,30242500
2023-03-06,94.36000061035156,96.30000305175781,94.30000305175781,95.58000183105469,94.80169677734375,28288200
2023-03-07,95.41999816894531,96.08999633789062,93.84400177001953,94.16999816894531,93.40316009521484,24101500
2023-03-08,94.40499877929688,96.23999786376953,94.40499877929688,94.6500015258789,93.87926483154297,25395200
2023-03-09,94.48999786376953,95.91999816894531,92.3550033569336,92.66000366210938,91.90547180175781,24438900
2023-03-10,92.5,93.18000030517578,90.80000305175781,91.01000213623047,90.26890563964844,32850100
2023-03-13,90.56500244140625,93.08000183105469,89.94000244140625,91.66000366210938,90.9135971069336,31508600
2023-03-14,93.06999969482422,94.83000183105469,92.77999877929688,94.25,93.48251342773438,32303900
2023-03-15,93.54000091552734,97.25,93.04000091552734,96.55000305175781,95.7637939453125,38367300
2023-03-16,96.56999969482422,101.97000122070312,95.87000274658203,101.06999969482422,100.2469711303711,54499500
2023-03-17,100.83999633789062,103.48999786376953,100.75,102.45999908447266,101.62565612792969,76140300
2023-03-20,101.05999755859375,102.58000183105469,100.79000091552734,101.93000030517578,101.09996795654297,26033900
2023-03-21,101.9800033569336,105.95999908447266,101.86000061035156,105.83999633789062,104.97814178466797,33122800
2023-03-22,105.13999938964844,107.51000213623047,104.20999908447266,104.22000122070312,103.37133026123047,32336900
2023-03-23,105.88999938964844,107.10099792480469,105.41000366210938,106.26000213623047,105.39471435546875,31385800
2023-03-24,105.73999786376953,106.16000366210938,104.73999786376953,106.05999755859375,105.19635009765625,25236200
2023-03-27,105.31999969482422,105.4000015258789,102.62999725341797,103.05999755859375,102.22077178955078,25393400
2023-03-28,103.0,103.0,100.27999877929688,101.36000061035156,100.53461456298828,24913500
2023-03-29,102.72000122070312,102.81999969482422,101.02999877929688,101.9000015258789,101.07022094726562,26148300
2023-03-30,101.44000244140625,101.61000061035156,100.29000091552734,101.31999969482422,100.49493408203125,25009800
2023-03-31,101.70999908447266,104.19000244140625,101.44000244140625,104.0,103.15312194824219,28108000
2023-04-03,102.66999816894531,104.94999694824219,102.37999725341797,104.91000366210938,104.05571746826172,20719900
2023-04-04,104.83999633789062,106.0999984741211,104.5999984741211,105.12000274658203,104.26399993896484,20377200
2023-04-05,106.12000274658203,106.54000091552734,104.10199737548828,104.94999694824219,104.09538269042969,21864200
2023-04-06,105.7699966430664,109.62999725341797,104.81500244140625,108.9000015258789,108.01321411132812,34684200
2023-04-10,107.38999938964844,107.97000122070312,105.5999984741211,106.94999694824219,106.0791015625,19741500
2023-04-11,106.91999816894531,107.22000122070312,105.27999877929688,106.12000274658203,105.25585174560547,18721300
2023-04-12,107.38999938964844,107.58699798583984,104.97000122070312,105.22000122070312,104.3631820678711,22761600
2023-04-13,106.47000122070312,108.26499938964844,106.44000244140625,108.19000244140625,107.30899047851562,21650700
2023-04-14,107.69000244140625,109.58000183105469,107.58999633789062,109.45999908447266,108.56865692138672,20758700
2023-04-17,105.43000030517578,106.70999908447266,105.31999969482422,106.41999816894531,105.55339813232422,29043400
2023-04-18,107.0,107.05000305175781,104.77999877929688,105.12000274658203,104.26399993896484,17641400
2023-04-19,104.21499633789062,105.7249984741211,103.80000305175781,105.0199966430664,104.16481018066406,16732000
2023-04-20,104.6500015258789,106.88800048828125,104.63999938964844,105.9000015258789,105.03765106201172,22515300
2023-04-21,106.08999633789062,106.63999938964844,105.48500061035156,105.91000366210938,105.04756927490234,22379000
2023-04-24,106.05000305175781,107.31999969482422,105.36000061035156,106.77999877929688,105.91047668457031,21410900
2023-04-25,106.61000061035156,107.44000244140625,104.55999755859375,104.61000061035156,103.7581558227539,31408100
2023-04-26,105.55999755859375,107.0199966430664,103.2699966430664,104.44999694824219,103.59945678710938,37068200
2023-04-27,105.2300033569336,109.1500015258789,104.41999816894531,108.37000274658203,107.48754119873047,38235200
2023-04-28,107.80000305175781,108.29000091552734,106.04000091552734,108.22000122070312,107.33875274658203,23957900
2023-05-01,107.72000122070312,108.68000030517578,107.5,107.70999908447266,106.83291625976562,20926300
2023-05-02,107.66000366210938,107.7300033569336,104.5,105.9800033569336,105.11700439453125,20343100
2023-05-03,106.22000122070312,108.12999725341797,105.62000274658203,106.12000274658203,105.25585174560547,17116300
2023-05-04,106.16000366210938,106.30000305175781,104.69999694824219,105.20999908447266,104.35327911376953,19780600
2023-05-05,105.31999969482422,106.44000244140625,104.73899841308594,106.21499633789062,105.3500747680664,20710600
2023-05-08,105.79499816894531,108.41999816894531,105.79000091552734,108.23999786376953,107.35859680175781,17266000
2023-05-09,108.77999877929688,110.59500122070312,107.7249984741211,107.94000244140625,107.06104278564453,24782400
2023-05-10,108.55000305175781,113.51000213623047,108.4800033569336,112.27999877929688,111.3656997680664,47533500
2023-05-11,115.86000061035156,118.44000244140625,114.93000030517578,116.9000015258789,115.94807434082031,57115100
2023-05-12,117.0,118.26000213623047,116.55000305175781,117.91999816894531,116.95976257324219,31293800
2023-05-15,116.48999786376953,118.79499816894531,116.4800033569336,116.95999908447266,116.00758361816406,22107900
2023-05-16,116.83000183105469,121.19999694824219,116.83000183105469,120.08999633789062,119.11209869384766,32370100
2023-05-17,120.18000030517578,122.27999877929688,119.45999908447266,121.4800033569336,120.49077606201172,26659600
2023-05-18,121.55999755859375,123.9000015258789,121.48999786376953,123.5199966430664,122.51416778564453,27014500
2023-05-19,124.19999694824219,126.47899627685547,122.72000122070312,123.25,122.2463607788086,30268900
2023-05-22,123.51000213623047,127.05000305175781,123.44999694824219,125.87000274658203,124.84504699707031,29760200
2023-05-23,124.93000030517578,125.41999816894531,123.05000305175781,123.29000091552734,122.28604125976562,24477900
2023-05-24,121.87999725341797,122.75,120.75,121.63999938964844,120.64947509765625,23087900
2023-05-25,125.20999908447266,125.9800033569336,122.9000015258789,124.3499984741211,123.33740997314453,33812700
2023-05-26,124.06500244140625,126.0,123.29000091552734,125.43000030517578,124.40859985351562,25154700
2023-05-30,126.29000091552734,126.37999725341797,122.88999938964844,124.63999938964844,123.62504577636719,27230700
2023-05-31,123.69999694824219,124.9000015258789,123.0999984741211,123.37000274658203,122.36539459228516,41548800
2023-06-01,123.5,125.04000091552734,123.30000305175781,124.37000274658203,123.35724639892578,25017700
2023-06-02,124.48999786376953,126.74500274658203,124.3499984741211,125.2300033569336,124.21025848388672,19367500
2023-06-05,124.61000061035156,127.98999786376953,124.37999725341797,126.62999725341797,125.59883880615234,22672500
2023-06-06,126.5999984741211,128.8800048828125,125.97000122070312,127.91000366210938,126.86842346191406,19450100
2023-06-07,127.57499694824219,129.5500030517578,122.62999725341797,122.94000244140625,121.93889617919922,34179300
2023-06-08,122.58499908447266,123.7300033569336,122.01000213623047,122.66999816894531,121.67108917236328,24815000
2023-06-09,122.55999755859375,124.28500366210938,122.41999816894531,122.87000274658203,121.86946868896484,20304500
2023-06-12,123.3949966430664,124.75,122.3499984741211,124.3499984741211,123.33740997314453,22255700
2023-06-13,125.6500015258789,125.86000061035156,123.84500122070312,124.43000030517578,123.41675567626953,19287700
2023-06-14,123.80000305175781,124.79000091552734,122.16000366210938,124.37999725341797,123.36715698242188,24659600
2023-06-15,123.87999725341797,126.16000366210938,123.13999938964844,125.79000091552734,124.76567840576172,24517100
2023-06-16,126.69999694824219,126.69999694824219,123.79000091552734,124.05999755859375,123.04977416992188,56699200
2023-06-20,123.53500366210938,125.17500305175781,122.83000183105469,123.8499984741211,122.84149169921875,22698000
2023-06-21,123.23500061035156,123.41000366210938,120.86000061035156,121.26000213623047,120.27257537841797,22612000
2023-06-22,120.66000366210938,123.93499755859375,119.5999984741211,123.87000274658203,122.861328125,20781900
2023-06-23,122.04000091552734,123.44000244140625,121.86000061035156,123.0199966430664,122.01823425292969,29573100
2023-06-26,121.46600341796875,122.72000122070312,118.98999786376953,119.08999633789062,118.12023162841797,23185000
2023-06-27,117.83999633789062,119.8949966430664,116.91000366210938,119.01000213623047,118.04088592529297,27221700
2023-06-28,117.95999908447266,121.2699966430664,117.5999984741211,121.08000183105469,120.09403991699219,19753100
2023-06-29,120.08999633789062,120.91000366210938,119.20999908447266,120.01000213623047,119.03274536132812,18517500
2023-06-30,121.0999984741211,122.02999877929688,120.87999725341797,120.97000122070312,119.98493194580078,23871800
2023-07-03,120.31999969482422,121.0199966430664,119.70500183105469,120.55999755859375,119.5782699584961,13888300
2023-07-05,120.05999755859375,123.37000274658203,120.05999755859375,122.62999725341797,121.63140869140625,17830300
2023-07-06,120.63999938964844,121.1500015258789,119.25,120.93000030517578,119.94525146484375,17732500
2023-07-07,120.88999938964844,121.75,120.08999633789062,120.13999938964844,119.16168975830078,20997700
2023-07-10,119.06999969482422,119.06999969482422,116.63999938964844,116.87000274658203,115.91832733154297,32960100
2023-07-11,116.76000213623047,118.2249984741211,115.83000183105469,117.70999908447266,116.75146484375,18286600
2023-07-12,119.30000305175781,120.95999908447266,119.0,119.62000274658203,118.64591979980469,22059600
2023-07-13,121.54000091552734,125.33499908447266,121.05999755859375,124.83000183105469,123.81349182128906,31535900
2023-07-14,125.12999725341797,127.08999633789062,124.9000015258789,125.69999694824219,124.67642211914062,20499800
2023-07-17,126.05999755859375,127.27999877929688,124.5,125.05999755859375,124.04161834716797,20675300
2023-07-18,124.90499877929688,124.98999786376953,123.30000305175781,124.08000183105469,123.06961059570312,21045800
2023-07-19,124.79000091552734,125.47000122070312,122.47000122070312,122.77999877929688,121.78018951416016,22313800
2023-07-20,122.12000274658203,124.69999694824219,118.68499755859375,119.52999877929688,118.5566635131836,27541700
2023-07-21,120.87000274658203,121.30000305175781,119.06999969482422,120.30999755859375,119.3302993774414,56514600
2023-07-24,121.9260025024414,123.3499984741211,121.37999725341797,121.87999725341797,120.88752746582031,22276100
2023-07-25,121.87999725341797,123.69000244140625,121.52999877929688,122.79000091552734,121.79010009765625,31820800
2023-07-26,130.36000061035156,131.3699951171875,128.7100067138672,129.66000366210938,128.60418701171875,46216900
2023-07-27,131.8000030517578,133.60000610351562,129.17999267578125,129.8699951171875,128.8124542236328,35931600
2023-07-28,130.97000122070312,134.07000732421875,130.9199981689453,133.00999450683594,131.9268798828125,26971000
2023-07-31,133.00999450683594,133.8300018310547,132.1300048828125,133.11000061035156,132.02606201171875,18381900
2023-08-01,130.85499572753906,132.9199981689453,130.75,131.88999938964844,130.81597900390625,22154300
2023-08-02,129.83999633789062,130.4199981689453,127.8499984741211,128.63999938964844,127.59247589111328,22705800
2023-08-03,128.3699951171875,129.77000427246094,127.7750015258789,128.77000427246094,127.72144317626953,15018100
2023-08-04,129.60000610351562,131.92999267578125,128.31500244140625,128.5399932861328,127.49327850341797,20521900
2023-08-07,129.50999450683594,132.05999755859375,129.42999267578125,131.94000244140625,130.86558532714844,17621000
2023-08-08,130.97999572753906,131.94000244140625,130.1300048828125,131.83999633789062,130.76641845703125,16836000
2023-08-09,132.19000244140625,132.47000122070312,129.5050048828125,130.14999389648438,129.0901641845703,17745200
2023-08-10,131.97000122070312,132.64700317382812,130.03500366210938,130.2100067138672,129.14971923828125,17855700
2023-08-11,129.20199584960938,130.44000244140625,128.75,130.1699981689453,129.11001586914062,15205500
2023-08-14,129.85000610351562,131.91000366210938,129.58999633789062,131.8300018310547,130.75650024414062,17526200
2023-08-15,131.58999633789062,131.99000549316406,129.81900024414062,130.27000427246094,129.20921325683594,14769200
2023-08-16,129.27999877929688,130.8979949951172,128.4600067138672,129.11000061035156,128.05865478515625,17548400
2023-08-17,130.4499969482422,132.49099731445312,129.85000610351562,130.4600067138672,129.39764404296875,23665600
2023-08-18,129.05999755859375,129.8300018310547,127.0,128.11000061035156,127.06678771972656,23627200
2023-08-21,127.8499984741211,129.25999450683594,127.16000366210938,128.92999267578125,127.88009643554688,21851100
2023-08-22,129.1300048828125,130.9499969482422,128.9250030517578,129.69000244140625,128.6339111328125,15557900
2023-08-23,130.85000610351562,134.07000732421875,130.50999450683594,133.2100067138672,132.12527465820312,26497000
2023-08-24,134.7270050048828,134.97000122070312,130.3000030517578,130.4199981689453,129.3579559326172,18680400
2023-08-25,130.13999938964844,131.39999389648438,128.0399932861328,130.69000244140625,129.6257781982422,20678100
2023-08-28,132.0800018310547,133.24000549316406,130.85000610351562,131.7899932861328,130.71681213378906,16715500
2023-08-29,132.9980010986328,137.2949981689453,132.97999572753906,135.49000549316406,134.38670349121094,30803300
2023-08-30,135.57000732421875,137.25,135.02099609375,136.92999267578125,135.81497192382812,21773400
2023-08-31,137.0500030517578,138.39999389648438,136.82000732421875,137.35000610351562,136.23155212402344,28147900
2023-09-01,138.42999267578125,138.5800018310547,135.94000244140625,136.8000030517578,135.68603515625,16671600
2023-09-05,136.44000244140625,137.3699951171875,135.55999755859375,136.7100067138672,135.59674072265625,17730200
2023-09-06,137.01499938964844,137.47999572753906,134.69000244140625,135.3699951171875,134.26766967773438,15814300
2023-09-07,134.60000610351562,136.5800018310547,133.9600067138672,136.1999969482422,135.0908966064453,16976000
2023-09-08,135.8699951171875,137.51499938964844,135.8699951171875,137.1999969482422,136.082763671875,17810700
2023-09-11,137.3800048828125,138.26400756835938,136.5500030517578,137.74000549316406,136.6183624267578,17180800
2023-09-12,137.1300048828125,137.63999938964844,135.92999267578125,136.07000732421875,134.9619903564453,15212900
2023-09-13,135.89999389648438,137.6999969482422,134.92999267578125,137.5,136.38035583496094,16394900
2023-09-14,138.38999938964844,139.5500030517578,137.05999755859375,138.99000549316406,137.8582000732422,19064600
2023-09-15,138.8000030517578,139.36000061035156,137.17999267578125,138.3000030517578,137.17379760742188,48958800
2023-09-18,137.6300048828125,139.92999267578125,137.6300048828125,138.9600067138672,137.8284149169922,16233600
2023-09-19,138.25,139.1750030517578,137.5,138.8300018310547,137.69949340820312,15479100
2023-09-20,138.8300018310547,138.83999633789062,134.52000427246094,134.58999633789062,133.4940185546875,21473500
2023-09-21,132.38999938964844,133.19000244140625,131.08999633789062,131.36000061035156,130.2903289794922,22058400
2023-09-22,131.67999267578125,133.00999450683594,130.50999450683594,131.25,130.1812286376953,17348700
2023-09-25,130.77000427246094,132.22000122070312,130.02999877929688,132.1699981689453,131.09368896484375,14650000
2023-09-26,130.91400146484375,131.40499877929688,128.19000244140625,129.4499969482422,128.3958740234375,20378800
2023-09-27,129.44000244140625,131.72000122070312,129.3800048828125,131.4600067138672,130.3895263671875,18764200
2023-09-28,130.69000244140625,134.17999267578125,130.69000244140625,133.1300048828125,132.0458984375,18201400
2023-09-29,134.0800018310547,134.88999938964844,131.32000732421875,131.85000610351562,130.77635192871094,23237300
2023-10-02,132.15499877929688,135.36000061035156,132.06500244140625,135.1699981689453,134.06932067871094,19210400
2023-10-03,134.92999267578125,135.24000549316406,132.81500244140625,133.3000030517578,132.21453857421875,19628700
2023-10-04,133.66000366210938,136.57000732421875,133.42999267578125,136.27000427246094,135.1603546142578,22848000
2023-10-05,136.1300048828125,136.5,134.4550018310547,135.99000549316406,134.8826446533203,15922900
2023-10-06,134.94000244140625,139.18600463867188,134.94000244140625,138.72999572753906,137.60028076171875,20826700
2023-10-09,137.99000549316406,139.97000122070312,136.6999969482422,139.5,138.36404418945312,16599100
2023-10-10,139.50999450683594,140.74000549316406,138.42999267578125,139.1999969482422,138.0664825439453,19554900
2023-10-11,139.85000610351562,142.22000122070312,139.83999633789062,141.6999969482422,140.546142578125,20146300
2023-10-12,142.16000366210938,142.3800048828125,139.4499969482422,140.2899932861328,139.1475830078125,18173100
2023-10-13,140.64999389648438,141.33999633789062,137.97000122070312,138.5800018310547,137.45150756835938,19438700
2023-10-16,139.72999572753906,140.90499877929688,139.32000732421875,140.49000549316406,139.3459930419922,17345600
2023-10-17,140.02999877929688,141.25,138.5290069580078,140.99000549316406,139.8419189453125,17424000
2023-10-18,140.75,141.99000549316406,138.7050018310547,139.27999877929688,138.1458282470703,18304900
2023-10-19,139.8000030517578,141.0050048828125,138.60000610351562,138.97999572753906,137.84828186035156,21831200
2023-10-20,138.58999633789062,139.0399932861328,136.2449951171875,136.74000549316406,135.6265106201172,24970300
2023-10-23,136.22999572753906,139.02000427246094,135.11000061035156,137.89999389648438,136.7770538330078,20780700
2023-10-24,139.16000366210938,140.7100067138672,138.75,140.1199951171875,138.97898864746094,26535200
2023-10-25,129.77000427246094,130.10000610351562,126.08999633789062,126.66999816894531,125.63851165771484,58796100
2023-10-26,124.47000122070312,125.45999908447266,122.31999969482422,123.44000244140625,122.43482971191406,33907400
2023-10-27,124.02999877929688,124.44000244140625,121.45999908447266,123.4000015258789,122.3951416015625,37367700
2023-10-30,124.45999908447266,126.55000305175781,123.87999725341797,125.75,124.72600555419922,24165600
2023-10-31,126.2699966430664,126.55999755859375,123.92500305175781,125.30000305175781,124.2796859741211,21123400
2023-11-01,125.33999633789062,127.73999786376953,124.92500305175781,127.56999969482422,126.53118896484375,26536600
2023-11-02,129.55999755859375,130.08999633789062,128.11000061035156,128.5800018310547,127.53296661376953,24091700
2023-11-03,129.08999633789062,130.72999572753906,129.00999450683594,130.3699951171875,129.30836486816406,19529400
2023-11-06,130.22000122070312,131.55999755859375,129.92999267578125,131.4499969482422,130.3795928955078,15360400
2023-11-07,131.97999572753906,133.27999877929688,131.13999938964844,132.39999389648438,131.32183837890625,19223800
2023-11-08,132.36000061035156,133.5399932861328,132.16000366210938,133.25999450683594,132.1748504638672,15093600
2023-11-09,133.36000061035156,133.9600067138672,131.50999450683594,131.69000244140625,130.61766052246094,17976500
2023-11-10,131.52999877929688,134.27000427246094,130.8699951171875,134.05999755859375,132.96835327148438,20872900
2023-11-13,133.36000061035156,134.11000061035156,132.77000427246094,133.63999938964844,132.5517578125,16409900
2023-11-14,135.64999389648438,137.24000549316406,135.10000610351562,135.42999267578125,134.32716369628906,22317300
2023-11-15,136.63999938964844,136.83999633789062,135.3300018310547,136.3800048828125,135.2694549560547,15840900
2023-11-16,136.9600067138672,138.8800048828125,136.0800018310547,138.6999969482422,137.570556640625,17615100
2023-11-17,137.82000732421875,138.0,135.47999572753906,136.94000244140625,135.82485961914062,25565300
2023-11-20,135.5,138.4250030517578,135.49000549316406,137.9199981689453,136.79690551757812,19569400
2023-11-21,137.94000244140625,138.96499633789062,137.7050018310547,138.6199951171875,137.49119567871094,17648100
2023-11-22,139.10000610351562,141.10000610351562,139.0,140.02000427246094,138.8798065185547,17306400
2023-11-24,139.5399932861328,139.677001953125,137.47000122070312,138.22000122070312,137.09445190429688,8828600
2023-11-27,137.57000732421875,139.6300048828125,137.5399932861328,138.0500030517578,136.9258575439453,17886400
2023-11-28,137.6300048828125,138.66000366210938,137.0399932861328,138.6199951171875,137.49119567871094,17046900
2023-11-29,138.98500061035156,139.6699981689453,136.2949981689453,136.39999389648438,135.28927612304688,21014700
2023-11-30,136.39999389648438,136.9600067138672,132.7899932861328,133.9199981689453,132.82949829101562,29913500
2023-12-01,133.32000732421875,133.5,132.15199279785156,133.32000732421875,132.234375,24268000
2023-12-04,131.29400634765625,131.4499969482422,129.39999389648438,130.6300048828125,129.5662841796875,24117100
2023-12-05,130.3699951171875,133.5399932861328,129.72999572753906,132.38999938964844,131.31192016601562,19235100
2023-12-06,132.89999389648438,133.30999755859375,131.30999755859375,131.42999267578125,130.35972595214844,16360600
2023-12-07,136.60000610351562,140.0,136.22999572753906,138.4499969482422,137.3225860595703,38419400
2023-12-08,135.66000366210938,137.99000549316406,135.57000732421875,136.63999938964844,135.52732849121094,23016100
2023-12-11,133.82000732421875,134.7899932861328,132.88999938964844,134.6999969482422,133.60313415527344,24502900
2023-12-12,133.27000427246094,134.5399932861328,132.8300018310547,133.63999938964844,132.5517578125,26584000
2023-12-13,134.5449981689453,134.77999877929688,132.9499969482422,133.97000122070312,132.8790740966797,25414500
2023-12-14,134.77000427246094,135.03500366210938,131.05999755859375,133.1999969482422,132.11534118652344,29619100
2023-12-15,132.9199981689453,134.8300018310547,132.6300048828125,133.83999633789062,132.7501220703125,58594000
2023-12-18,133.86000061035156,138.3800048828125,133.77000427246094,137.19000244140625,136.07286071777344,25699800
2023-12-19,138.0,138.77000427246094,137.4499969482422,138.10000610351562,136.97544860839844,20661000
2023-12-20,140.3300018310547,143.0780029296875,139.41000366210938,139.66000366210938,138.52273559570312,33507300
2023-12-21,140.77000427246094,142.02999877929688,140.47300720214844,141.8000030517578,140.6453094482422,18101500
2023-12-22,142.1300048828125,143.25,142.05499267578125,142.72000122070312,141.55783081054688,18513500
2023-12-26,142.97999572753906,143.94500732421875,142.5,142.82000732421875,141.65699768066406,11170100
2023-12-27,142.8300018310547,143.32000732421875,141.05099487304688,141.44000244140625,140.28823852539062,17288400
2023-12-28,141.85000610351562,142.27000427246094,140.8280029296875,141.27999877929688,140.12954711914062,12192500
2023-12-29,140.67999267578125,141.43499755859375,139.89999389648438,140.92999267578125,139.7823944091797,14881000
2024-01-02,139.60000610351562,140.61500549316406,137.74000549316406,139.55999755859375,138.42356872558594,20071900
2024-01-03,138.60000610351562,141.08999633789062,138.42999267578125,140.36000061035156,139.21702575683594,18974300
2024-01-04,139.85000610351562,140.63499450683594,138.00999450683594,138.0399932861328,136.91590881347656,18253300
2024-01-05,138.3520050048828,138.80999755859375,136.85000610351562,137.38999938964844,136.27122497558594,15439500
2024-01-08,138.0,140.63999938964844,137.8800048828125,140.52999877929688,139.3856658935547,17645300
2024-01-09,140.05999755859375,142.8000030517578,139.7899932861328,142.55999755859375,141.3991241455078,19579700
2024-01-10,142.52000427246094,144.52499389648438,142.4600067138672,143.8000030517578,142.62904357910156,16641900
2024-01-11,144.89500427246094,146.66000366210938,142.21499633789062,143.6699981689453,142.5000762939453,17471100
2024-01-12,144.33999633789062,144.74000549316406,143.36000061035156,144.24000549316406,143.06544494628906,13998700
2024-01-16,143.42999267578125,145.83999633789062,143.05599975585938,144.0800018310547,142.90673828125,19198900
2024-01-17,142.91000366210938,143.41000366210938,140.50999450683594,142.88999938964844,141.7264404296875,17884500
2024-01-18,143.44000244140625,145.5850067138672,143.35000610351562,144.99000549316406,143.80934143066406,18876800
2024-01-19,146.30499267578125,148.0399932861328,145.8000030517578,147.97000122070312,146.7650604248047,27181000
2024-01-22,148.7100067138672,150.01499938964844,147.5800018310547,147.7100067138672,146.50718688964844,21829200
2024-01-23,147.72000122070312,148.86000061035156,147.19000244140625,148.67999267578125,147.4692840576172,14113600
2024-01-24,150.2899932861328,151.57000732421875,149.83999633789062,150.35000610351562,149.1256866455078,19245000
2024-01-25,151.74000549316406,154.75999450683594,151.22000122070312,153.63999938964844,152.38890075683594,21495100
2024-01-26,152.8699951171875,154.11000061035156,152.8000030517578,153.7899932861328,152.53765869140625,19494500
2024-01-29,153.63999938964844,155.1999969482422,152.9199981689453,154.83999633789062,153.57911682128906,20909300
2024-01-30,154.00999450683594,155.0399932861328,152.77499389648438,153.0500030517578,151.80369567871094,26578900
2024-01-31,145.38999938964844,145.58999633789062,141.5500030517578,141.8000030517578,140.6453094482422,43908600
2024-02-01,143.69000244140625,144.6199951171875,142.25999450683594,142.7100067138672,141.5479278564453,25526900
2024-02-02,140.88999938964844,143.8800048828125,138.1699981689453,143.5399932861328,142.37112426757812,42136100
2024-02-05,144.0399932861328,146.6699981689453,143.91000366210938,144.92999267578125,143.74981689453125,29254400
2024-02-06,145.9600067138672,146.74000549316406,144.52000427246094,145.41000366210938,144.22592163085938,21517700
2024-02-07,146.1199951171875,147.0,145.2100067138672,146.67999267578125,145.4855499267578,21436100
2024-02-08,146.97000122070312,147.61000061035156,146.4199981689453,147.22000122070312,146.02117919921875,18241300
2024-02-09,147.9499969482422,150.69500732421875,147.42999267578125,150.22000122070312,148.9967498779297,21877700
2024-02-12,149.5399932861328,150.58999633789062,148.55999755859375,148.72999572753906,147.51885986328125,17236100
2024-02-13,146.07000732421875,148.0399932861328,145.11000061035156,146.3699951171875,145.17811584472656,18138500
2024-02-14,147.3699951171875,147.8300018310547,145.55499267578125,147.13999938964844,145.94183349609375,16651800
2024-02-15,144.4600067138672,144.75999450683594,141.8800048828125,143.94000244140625,142.7678985595703,26724300
2024-02-16,144.2100067138672,144.47999572753906,141.52000427246094,141.75999450683594,140.60562133789062,21865100
2024-02-20,140.94000244140625,143.32899475097656,140.8000030517578,142.1999969482422,141.0420684814453,18625600
2024-02-21,142.63999938964844,143.97999572753906,141.91000366210938,143.83999633789062,142.668701171875,16440800
2024-02-22,146.1199951171875,146.1999969482422,144.00999450683594,145.32000732421875,144.1366424560547,23024700
2024-02-23,144.97000122070312,145.9550018310547,144.7899932861328,145.2899932861328,144.10690307617188,14519400
2024-02-26,143.4499969482422,143.83999633789062,138.74000549316406,138.75,137.62014770507812,33513000
2024-02-27,139.41000366210938,140.49000549316406,138.5,140.10000610351562,138.95913696289062,22364000
2024-02-28,139.10000610351562,139.27999877929688,136.63999938964844,137.42999267578125,136.31089782714844,30628700
2024-02-29,138.35000610351562,139.9499969482422,137.57000732421875,139.77999877929688,138.64175415039062,35485000
2024-03-01,139.61000061035156,140.0,137.97500610351562,138.0800018310547,136.9556121826172,28551500
2024-03-04,136.5399932861328,136.6300048828125,132.86000061035156,134.1999969482422,133.10720825195312,43571500
2024-03-05,132.74000549316406,134.02000427246094,131.5500030517578,133.77999877929688,132.6906280517578,28447600
2024-03-06,134.24000549316406,134.74000549316406,131.9499969482422,132.55999755859375,131.48056030273438,23175200
2024-03-07,133.88999938964844,135.82000732421875,132.66000366210938,135.24000549316406,134.13870239257812,24107300
2024-03-08,135.03500366210938,138.98500061035156,134.8000030517578,136.2899932861328,135.18014526367188,26495200
2024-03-11,137.07000732421875,139.97999572753906,137.07000732421875,138.94000244140625,137.80860900878906,22536400
2024-03-12,138.25,140.27999877929688,138.2100067138672,139.6199951171875,138.48304748535156,19019700
2024-03-13,140.05999755859375,142.19000244140625,140.00999450683594,140.77000427246094,139.62371826171875,19637000
2024-03-14,142.3000030517578,144.72999572753906,141.48500061035156,144.33999633789062,143.1646270751953,36117900
2024-03-15,143.41000366210938,144.33999633789062,141.1300048828125,142.1699981689453,141.01229858398438,41039500
2024-03-18,149.3699951171875,152.92999267578125,148.13999938964844,148.47999572753906,147.27090454101562,47676700
2024-03-19,148.97999572753906,149.6199951171875,147.00999450683594,147.9199981689453,146.71546936035156,17748400
2024-03-20,148.7899932861328,149.75999450683594,147.6649932861328,149.67999267578125,148.46115112304688,17730000
2024-03-21,150.32000732421875,151.30499267578125,148.00999450683594,148.74000549316406,147.52879333496094,19843900
2024-03-22,150.24000549316406,152.55999755859375,150.08999633789062,151.77000427246094,150.5341339111328,19252900
2024-03-25,150.9499969482422,151.45599365234375,148.8000030517578,151.14999389648438,149.91917419433594,15114700
2024-03-26,151.24000549316406,153.1999969482422,151.02999877929688,151.6999969482422,150.46470642089844,19312700
2024-03-27,152.14500427246094,152.69000244140625,150.1300048828125,151.94000244140625,150.7027587890625,16622000
2024-03-28,152.0,152.6699981689453,151.3300018310547,152.25999450683594,151.02012634277344,21105600
2024-04-01,151.8300018310547,157.0,151.64999389648438,156.5,155.2255859375,24469800
2024-04-02,154.75,155.99000549316406,153.4600067138672,155.8699951171875,154.60073852539062,17598100
2024-04-03,154.9199981689453,156.5500030517578,154.1320037841797,156.3699951171875,155.0966796875,17266200
2024-04-04,155.0800018310547,156.17999267578125,151.8800048828125,151.94000244140625,150.7027587890625,24184800
2024-04-05,151.67999267578125,154.83999633789062,151.08099365234375,153.94000244140625,152.68646240234375,16297300
2024-04-08,154.01499938964844,156.65499877929688,153.99000549316406,156.13999938964844,154.86854553222656,16641500
2024-04-09,157.35000610351562,159.88999938964844,156.63999938964844,158.13999938964844,156.8522491455078,21521500
2024-04-10,157.8800048828125,158.16000366210938,156.1999969482422,157.66000366210938,156.37615966796875,16339200
2024-04-11,158.33999633789062,161.1199951171875,157.92999267578125,160.7899932861328,159.4806671142578,17841700
2024-04-12,159.40499877929688,161.6999969482422,158.60000610351562,159.19000244140625,157.8937225341797,16989800
2024-04-15,160.27999877929688,160.8300018310547,156.14999389648438,156.3300018310547,155.0570068359375,21140900
2024-04-16,155.63999938964844,157.22999572753906,155.0500030517578,156.0,154.72964477539062,15413200
2024-04-17,157.19000244140625,158.68099975585938,156.13499450683594,156.8800048828125,155.60252380371094,16237800
2024-04-18,156.9250030517578,158.48500061035156,156.2100067138672,157.4600067138672,156.17779541015625,14016100
2024-04-19,157.75,157.99000549316406,153.91000366210938,155.72000122070312,154.4519500732422,21479900
2024-04-22,156.00999450683594,159.18499755859375,155.66000366210938,157.9499969482422,156.663818359375,17243900
2024-04-23,158.58999633789062,160.47999572753906,157.96499633789062,159.9199981689453,158.6177520751953,16115400
2024-04-24,159.08999633789062,161.38999938964844,158.82000732421875,161.10000610351562,159.78817749023438,19485700
2024-04-25,153.36000061035156,158.27999877929688,152.76800537109375,157.9499969482422,156.663818359375,36197800
2024-04-26,175.99000549316406,176.4199981689453,171.39999389648438,173.69000244140625,172.27561950683594,56500800
2024-04-29,170.77000427246094,171.3800048828125,167.05999755859375,167.89999389648438,166.53277587890625,35914600
2024-04-30,167.3800048828125,169.8699951171875,164.5,164.63999938964844,163.29933166503906,29420800
2024-05-01,166.17999267578125,168.80999755859375,164.89999389648438,165.57000732421875,164.22177124023438,25223200
2024-05-02,166.6699981689453,168.52999877929688,165.69000244140625,168.4600067138672,167.0882568359375,17041100
2024-05-03,169.5399932861328,169.85000610351562,164.97999572753906,168.99000549316406,167.61390686035156,22767100
2024-05-06,169.22000122070312,169.89999389648438,167.88999938964844,169.8300018310547,168.4470672607422,15147900
2024-05-07,170.1199951171875,173.47000122070312,170.0,172.97999572753906,171.57139587402344,21102400
2024-05-08,170.75,171.90899658203125,170.52200317382812,171.16000366210938,169.7662353515625,14569900
2024-05-09,171.14999389648438,172.44000244140625,169.92999267578125,171.5800018310547,170.18280029296875,11937700
2024-05-10,169.69000244140625,171.33999633789062,167.91000366210938,170.2899932861328,168.9033203125,18740500
2024-05-13,165.8470001220703,170.9499969482422,165.75999450683594,170.89999389648438,169.5083465576172,19648600
2024-05-14,171.58999633789062,172.77999877929688,170.4199981689453,171.92999267578125,170.52993774414062,18729500
2024-05-15,172.3000030517578,174.04600524902344,172.02999877929688,173.8800048828125,172.46408081054688,20958200
2024-05-16,174.60000610351562,176.33999633789062,174.0500030517578,175.42999267578125,174.00146484375,17247300
2024-05-17,175.5500030517578,177.4949951171875,174.97999572753906,177.2899932861328,175.84629821777344,16546400
2024-05-20,177.30999755859375,179.9499969482422,177.22500610351562,178.4600067138672,177.0067901611328,17495100
2024-05-21,178.39999389648438,179.82000732421875,177.30999755859375,179.5399932861328,178.07798767089844,14706000
2024-05-22,178.39999389648438,178.8520050048828,176.77999877929688,178.0,176.55052185058594,16189400
2024-05-23,178.77999877929688,179.91000366210938,174.5399932861328,175.05999755859375,173.63450622558594,14928400
2024-05-24,176.52000427246094,177.3040008544922,175.1999969482422,176.3300018310547,174.8941192626953,11403600
2024-05-28,175.74000549316406,178.50999450683594,175.67999267578125,178.02000427246094,176.57037353515625,15655300
2024-05-29,176.80999755859375,178.22999572753906,176.25999450683594,177.39999389648438,175.95542907714844,15023800
2024-05-30,176.69000244140625,176.69000244140625,173.22999572753906,173.55999755859375,172.1466827392578,18826300
2024-05-31,173.39999389648438,174.4199981689453,170.97000122070312,173.9600067138672,172.54342651367188,28085200
2024-06-03,173.8800048828125,175.86000061035156,172.4499969482422,174.4199981689453,172.9996795654297,20742800
2024-06-04,174.4499969482422,175.19000244140625,173.22000122070312,175.1300048828125,173.70388793945312,14066600
2024-06-05,176.53500366210938,177.97000122070312,175.2899932861328,177.07000732421875,175.6280975341797,15233900
2024-06-06,177.42999267578125,178.7100067138672,177.2100067138672,178.35000610351562,176.89767456054688,14255800
2024-06-07,178.4600067138672,179.4199981689453,175.7899932861328,175.9499969482422,174.5172576904297,14716300
2024-06-10,176.4499969482422,178.47000122070312,174.3800048828125,176.6300048828125,175.3910675048828,17099800
2024-06-11,177.72000122070312,178.38999938964844,175.44000244140625,178.19000244140625,176.94012451171875,14402400
2024-06-12,179.75,182.0800018310547,177.77999877929688,179.55999755859375,178.30047607421875,18600400
2024-06-13,177.83999633789062,178.50999450683594,176.66000366210938,176.74000549316406,175.50027465820312,15956900
2024-06-14,175.8520050048828,178.72999572753906,175.8520050048828,178.3699951171875,177.11883544921875,12361600
2024-06-17,176.97999572753906,179.9199981689453,176.49000549316406,178.77999877929688,177.52597045898438,15272900
2024-06-18,178.7899932861328,178.91000366210938,175.6199951171875,176.4499969482422,175.21229553222656,15640300
2024-06-20,176.7100067138672,178.74000549316406,176.4600067138672,177.7100067138672,176.46347045898438,16753200
2024-06-21,178.49000549316406,182.51199340820312,178.05999755859375,180.25999450683594,178.9955596923828,58903200
2024-06-24,181.27999877929688,182.0800018310547,180.22999572753906,180.7899932861328,179.52186584472656,18198300
2024-06-25,181.14500427246094,185.75,181.10499572753906,185.5800018310547,184.27825927734375,18797000
2024-06-26,184.1999969482422,185.92999267578125,183.99000549316406,185.3699951171875,184.0697479248047,13375700
2024-06-27,185.64500427246094,187.5,185.4499969482422,186.86000061035156,185.54928588867188,13025700
2024-06-28,185.72000122070312,186.5800018310547,183.3249969482422,183.4199981689453,182.1334228515625,23032400
2024-07-01,184.47999572753906,185.33999633789062,182.72999572753906,184.49000549316406,183.19593811035156,11815900
2024-07-02,183.47000122070312,186.9499969482422,183.05999755859375,186.61000061035156,185.30104064941406,12555500
2024-07-03,186.3000030517578,187.6199951171875,185.38499450683594,187.38999938964844,186.0755615234375,7409100
2024-07-05,187.32000732421875,192.25999450683594,187.32000732421875,191.9600067138672,190.613525390625,14303400
2024-07-08,191.36500549316406,191.6790008544922,189.32000732421875,190.47999572753906,189.14389038085938,12097600
2024-07-09,191.75,192.86000061035156,190.22999572753906,190.44000244140625,189.10418701171875,10198500
2024-07-10,190.75,193.30999755859375,190.6199951171875,192.66000366210938,191.30862426757812,12052900
2024-07-11,191.33999633789062,192.41000366210938,186.82000732421875,187.3000030517578,185.9862060546875,16452000
2024-07-12,186.9199981689453,188.69000244140625,186.13999938964844,186.77999877929688,185.4698486328125,14449100
2024-07-15,186.49000549316406,189.89999389648438,186.49000549316406,188.19000244140625,186.86996459960938,12186000
2024-07-16,188.9600067138672,190.33999633789062,185.1199951171875,185.5,184.19882202148438,12760100
2024-07-17,184.67999267578125,185.22999572753906,181.6199951171875,182.6199951171875,181.33901977539062,17376600
2024-07-18,183.5399932861328,184.0500030517578,178.2100067138672,179.22000122070312,177.96287536621094,17877200
2024-07-19,180.3699951171875,181.97000122070312,178.86000061035156,179.38999938964844,178.13168334960938,14485900
2024-07-22,182.35000610351562,184.3000030517578,181.89999389648438,183.35000610351562,182.06393432617188,16303900
2024-07-23,183.83999633789062,185.22000122070312,183.3300018310547,183.60000610351562,182.31214904785156,23772600
2024-07-24,175.38999938964844,177.9499969482422,173.57000732421875,174.3699951171875,173.1468963623047,31250700
2024-07-25,174.25,175.1999969482422,169.0500030517578,169.16000366210938,167.97344970703125,28967900
2024-07-26,168.77000427246094,169.83999633789062,165.86500549316406,168.67999267578125,167.496826171875,25150100
2024-07-29,170.5,172.16000366210938,169.72000122070312,171.1300048828125,169.9296417236328,13768900
2024-07-30,171.8300018310547,172.9499969482422,170.1199951171875,171.86000061035156,170.65452575683594,13681400
2024-07-31,174.9199981689453,175.91000366210938,171.72000122070312,173.14999389648438,171.93545532226562,15650200
2024-08-01,171.97999572753906,175.67999267578125,170.50999450683594,172.4499969482422,171.24034118652344,17177800
2024-08-02,168.19000244140625,170.2100067138672,166.38999938964844,168.39999389648438,167.21878051757812,18907800
2024-08-05,157.3699951171875,165.94000244140625,156.60000610351562,160.63999938964844,159.51319885253906,34907800
2024-08-06,160.94500732421875,162.35000610351562,158.1300048828125,160.5399932861328,159.41390991210938,36146500
2024-08-07,163.24000549316406,164.7899932861328,160.24000549316406,160.75,159.6224365234375,19334200
2024-08-08,162.343994140625,165.5,162.02999877929688,163.83999633789062,162.69078063964844,15733600
2024-08-09,161.64500427246094,165.52000427246094,160.92999267578125,165.38999938964844,164.22988891601562,13549200
2024-08-12,165.9949951171875,166.6999969482422,163.5500030517578,163.9499969482422,162.79995727539062,12435000
2024-08-13,165.18499755859375,166.5399932861328,164.77000427246094,165.92999267578125,164.76609802246094,12717600
2024-08-14,164.2100067138672,164.9600067138672,159.52999877929688,162.02999877929688,160.89346313476562,22515900
2024-08-15,162.2100067138672,163.52000427246094,161.49000549316406,163.1699981689453,162.02545166015625,18392500
2024-08-16,163.41000366210938,166.9499969482422,163.0800018310547,164.74000549316406,163.58447265625,16853100
2024-08-19,167.0,168.47000122070312,166.08999633789062,168.39999389648438,167.21878051757812,13100800
2024-08-20,168.74000549316406,170.41000366210938,168.66000366210938,168.9600067138672,167.7748565673828,12622500
2024-08-21,166.99000549316406,168.63999938964844,166.57000732421875,167.6300048828125,166.4541778564453,15269600
2024-08-22,169.0399932861328,169.4199981689453,165.02999877929688,165.49000549316406,164.32919311523438,19123800
2024-08-23,166.5500030517578,167.9499969482422,165.66000366210938,167.42999267578125,166.2555694580078,14281600
2024-08-26,168.15499877929688,169.3800048828125,166.32000732421875,167.92999267578125,166.75205993652344,11990300
2024-08-27,167.61000061035156,168.2449951171875,166.16000366210938,166.3800048828125,165.21295166015625,13718200
2024-08-28,166.77999877929688,167.38999938964844,163.27999877929688,164.5,163.34613037109375,15208700
2024-08-29,166.05999755859375,167.6300048828125,161.98199462890625,163.39999389648438,162.25384521484375,17133800
2024-08-30,164.22000122070312,165.27999877929688,163.41000366210938,165.11000061035156,163.95184326171875,18498800
2024-09-03,163.31500244140625,163.3800048828125,157.85499572753906,158.61000061035156,157.49745178222656,26533100
2024-09-04,158.0749969482422,160.39999389648438,157.44000244140625,157.80999755859375,156.70306396484375,17410700
2024-09-05,157.77999877929688,161.01499938964844,157.52000427246094,158.60000610351562,157.48753356933594,14139500
2024-09-06,158.69000244140625,159.22000122070312,151.93499755859375,152.1300048828125,151.06289672851562,24999100
2024-09-09,153.6300048828125,154.63999938964844,148.1999969482422,149.5399932861328,148.6865234375,28057700
2024-09-10,151.4499969482422,152.3000030517578,149.54299926757812,150.00999450683594,149.1538543701172,20401800
2024-09-11,151.08999633789062,152.47999572753906,148.6999969482422,152.14999389648438,151.2816162109375,18991500
2024-09-12,154.80999755859375,155.61000061035156,153.5,155.5399932861328,154.6522979736328,20980800
2024-09-13,156.36199951171875,159.27499389648438,156.11000061035156,158.3699951171875,157.46615600585938,16733900
2024-09-16,158.3300018310547,159.24000549316406,157.61000061035156,158.99000549316406,158.0825958251953,14157600
2024-09-17,160.08999633789062,161.58999633789062,159.41000366210938,160.27999877929688,159.365234375,12064800
2024-09-18,160.85000610351562,161.6300048828125,159.66000366210938,160.80999755859375,159.8922119140625,16756500
2024-09-19,164.82000732421875,164.99000549316406,162.52200317382812,163.24000549316406,162.308349609375,17548200
2024-09-20,164.52000427246094,164.75,163.17999267578125,164.63999938964844,163.7003631591797,46362700
2024-09-23,165.33999633789062,166.61000061035156,162.9499969482422,163.07000732421875,162.1393280029297,15648400
2024-09-24,164.25,164.5500030517578,162.02999877929688,163.63999938964844,162.7060546875,18774100
2024-09-25,162.97000122070312,164.2169952392578,162.77499389648438,162.99000549316406,162.0597686767578,13607900
2024-09-26,165.02999877929688,165.5,163.5,163.8300018310547,162.8949737548828,18234500
2024-09-27,163.91000366210938,166.97000122070312,163.8300018310547,165.2899932861328,164.34664916992188,13604300
2024-09-30,164.77999877929688,167.36000061035156,164.63999938964844,167.19000244140625,166.2357940673828,14070100
2024-10-01,168.86000061035156,170.44000244140625,165.89999389648438,168.4199981689453,167.4587860107422,18629500
2024-10-02,167.75999450683594,168.8800048828125,166.25,167.30999755859375,166.35513305664062,12745000
2024-10-03,165.82000732421875,167.91000366210938,165.3699951171875,167.2100067138672,166.2556915283203,11004300
2024-10-04,169.33999633789062,169.5500030517578,166.9600067138672,168.55999755859375,167.5979766845703,11422100
2024-10-07,169.13999938964844,169.89999389648438,164.1300048828125,164.38999938964844,163.45179748535156,14034700
2024-10-08,165.42999267578125,166.10000610351562,164.30999755859375,165.6999969482422,164.7543182373047,11723900
2024-10-09,164.85499572753906,166.25999450683594,161.1199951171875,163.05999755859375,162.12937927246094,19666400
2024-10-10,162.11000061035156,164.31100463867188,161.63999938964844,163.17999267578125,162.24867248535156,12900500
2024-10-11,163.3300018310547,165.27000427246094,162.5,164.52000427246094,163.58103942871094,10946000
2024-10-14,164.91000366210938,167.6199951171875,164.77999877929688,166.35000610351562,165.40060424804688,9981800
2024-10-15,167.13999938964844,169.08999633789062,166.0500030517578,166.89999389648438,165.9474639892578,14829300
2024-10-16,166.02999877929688,167.27999877929688,165.21600341796875,166.74000549316406,165.7883758544922,9968500
2024-10-17,167.3800048828125,167.92999267578125,164.3699951171875,164.50999450683594,163.57110595703125,15113400
2024-10-18,164.8699951171875,166.3699951171875,164.75,165.0500030517578,164.1080322265625,13091300
2024-10-21,164.5800018310547,166.22000122070312,164.30499267578125,165.8000030517578,164.85372924804688,11384000
2024-10-22,164.6999969482422,167.47000122070312,164.6699981689453,166.82000732421875,165.867919921875,11958600
2024-10-23,166.42999267578125,167.60000610351562,163.63299560546875,164.47999572753906,163.54127502441406,12754300
2024-10-24,164.58999633789062,165.0500030517578,162.77000427246094,164.52999877929688,163.5909881591797,12764400
2024-10-25,165.36500549316406,167.39999389648438,165.22999572753906,166.99000549316406,166.03695678710938,14566400
2024-10-28,170.58999633789062,170.6060028076172,165.7899932861328,168.33999633789062,167.37924194335938,20858300
2024-10-29,169.38499450683594,171.86000061035156,168.66000366210938,171.13999938964844,170.16323852539062,28916100
2024-10-30,182.41000366210938,183.7899932861328,175.7449951171875,176.13999938964844,175.13470458984375,49698300
2024-10-31,174.72000122070312,178.4199981689453,172.55999755859375,172.69000244140625,171.7044219970703,32801900
2024-11-01,171.5399932861328,173.82000732421875,170.30999755859375,172.64999389648438,171.66465759277344,21752900
2024-11-04,171.24000549316406,171.9199981689453,169.48500061035156,170.67999267578125,169.7058868408203,16194000
2024-11-05,170.8300018310547,172.0970001220703,170.3699951171875,171.41000366210938,170.4317169189453,12518300
2024-11-06,175.35000610351562,178.63999938964844,175.0399932861328,178.3300018310547,177.31222534179688,27061500
2024-11-07,179.11000061035156,182.5800018310547,178.88999938964844,182.27999877929688,181.2396697998047,16730400
2024-11-08,182.0,182.35000610351562,179.57000732421875,179.86000061035156,178.83351135253906,15021500
2024-11-11,180.07000732421875,182.0850067138672,179.99000549316406,181.97000122070312,180.9314422607422,12503400
2024-11-12,181.3800048828125,184.02499389648438,180.99000549316406,183.32000732421875,182.27374267578125,14065800
2024-11-13,182.14999389648438,182.61500549316406,180.1199951171875,180.49000549316406,179.4599151611328,13969700
2024-11-14,179.75,180.44500732421875,176.02999877929688,177.35000610351562,176.3378143310547,17925800
2024-11-15,175.63999938964844,175.8800048828125,172.7449951171875,173.88999938964844,172.8975830078125,21708900
2024-11-18,174.9550018310547,176.91000366210938,174.4199981689453,176.8000030517578,175.79095458984375,18662800
2024-11-19,175.23500061035156,180.1699981689453,175.11599731445312,179.5800018310547,178.55506896972656,15392900
2024-11-20,178.8300018310547,179.11000061035156,175.3300018310547,177.3300018310547,176.3179473876953,15729800
2024-11-21,175.4550018310547,175.5800018310547,165.30999755859375,169.24000549316406,168.27410888671875,38839400
2024-11-22,167.16000366210938,168.26499938964844,165.7100067138672,166.57000732421875,165.6193389892578,24497000
2024-11-25,167.99000549316406,170.4600067138672,167.39999389648438,169.42999267578125,168.4630126953125,21395700
2024-11-26,169.49000549316406,171.4949951171875,169.42999267578125,170.6199951171875,169.64620971679688,14937500
2024-11-27,170.67999267578125,171.13999938964844,169.6699981689453,170.82000732421875,169.8450927734375,12433400
2024-11-29,170.05999755859375,170.8699951171875,168.75,170.49000549316406,169.5169677734375,9250700
2024-12-02,170.32000732421875,173.60000610351562,170.27000427246094,172.97999572753906,171.99273681640625,16593400
2024-12-03,173.1199951171875,174.32000732421875,172.50999450683594,173.02000427246094,172.03253173828125,15721500
2024-12-04,172.77999877929688,176.42999267578125,172.75,176.08999633789062,175.08499145507812,18239800
2024-12-05,177.32000732421875,177.7100067138672,174.00999450683594,174.30999755859375,173.31517028808594,16145500
2024-12-06,173.8800048828125,176.83900451660156,173.5500030517578,176.49000549316406,175.48272705078125,13319500
2024-12-09,175.71499633789062,178.0399932861328,175.39999389648438,177.10000610351562,176.2890167236328,19887800
2024-12-10,184.53500366210938,188.02999877929688,182.6699981689453,186.52999877929688,185.6758270263672,34317400
2024-12-11,186.6999969482422,196.88999938964844,186.25999450683594,196.7100067138672,195.8092041015625,41664500
2024-12-12,196.3000030517578,196.7050018310547,193.27999877929688,193.6300048828125,192.74331665039062,25197800
2024-12-13,192.7100067138672,194.33999633789062,191.25999450683594,191.3800048828125,190.5036163330078,18883200
2024-12-16,194.36500549316406,200.63999938964844,194.11000061035156,198.16000366210938,197.2526092529297,32248600
2024-12-17,198.52999877929688,202.8800048828125,196.69000244140625,197.1199951171875,196.2173309326172,24129500
2024-12-18,196.8300018310547,198.69000244140625,189.27999877929688,190.14999389648438,189.27926635742188,27638400
2024-12-19,193.27999877929688,194.60000610351562,189.52000427246094,189.6999969482422,188.831298828125,26981200
2024-12-20,187.00999450683594,194.13499450683594,186.3699951171875,192.9600067138672,192.07640075683594,45319700
2024-12-23,194.02999877929688,196.49000549316406,191.6300048828125,195.99000549316406,195.09251403808594,15235900
2024-12-24,196.1699981689453,197.6699981689453,195.197998046875,197.57000732421875,196.66529846191406,6809800
2024-12-26,196.74000549316406,198.16000366210938,195.8699951171875,197.10000610351562,196.19744873046875,7907900
2024-12-27,196.47000122070312,196.8000030517578,191.9720001220703,194.0399932861328,193.1514434814453,14693000
2024-12-30,190.86500549316406,193.77999877929688,190.36000061035156,192.69000244140625,191.8076171875,12209500
2024-12-31,192.44500732421875,193.25,189.5800018310547,190.44000244140625,189.5679168701172,14355200
2025-01-02,191.48500061035156,193.1999969482422,188.7100067138672,190.6300048828125,189.75706481933594,17545200
2025-01-03,192.72500610351562,194.5,191.35000610351562,193.1300048828125,192.24560546875,12875000
2025-01-06,195.14999389648438,199.55999755859375,195.05999755859375,197.9600067138672,197.05349731445312,19483300
2025-01-07,198.27000427246094,202.13999938964844,195.94000244140625,196.7100067138672,195.8092041015625,16966800
2025-01-08,193.9499969482422,197.63999938964844,193.75,195.38999938964844,194.49526977539062,14335300
2025-01-10,195.4199981689453,197.6199951171875,191.60000610351562,193.1699981689453,192.28543090820312,20753800
2025-01-13,191.35000610351562,192.49000549316406,188.66000366210938,192.2899932861328,191.40945434570312,13169100
2025-01-14,192.5,193.27000427246094,189.63999938964844,191.0500030517578,190.1751251220703,13651200
2025-01-15,194.35000610351562,197.8000030517578,193.3300018310547,196.97999572753906,196.07798767089844,12894900
2025-01-16,195.8249969482422,196.97999572753906,194.3000030517578,194.41000366210938,193.51976013183594,13449600
2025-01-17,198.0500030517578,198.80999755859375,195.30999755859375,197.5500030517578,196.64537048339844,22109100
2025-01-21,200.50999450683594,203.83999633789062,199.44000244140625,199.6300048828125,198.71585083007812,19005200
2025-01-22,200.5500030517578,202.1199951171875,199.1999969482422,200.02999877929688,199.11402893066406,15477400
2025-01-23,199.97999572753906,201.94000244140625,196.82000732421875,199.5800018310547,198.66607666015625,15170800
2025-01-24,199.85000610351562,202.57000732421875,199.78399658203125,201.89999389648438,200.97544860839844,12732400
2025-01-27,194.19000244140625,198.6699981689453,192.6999969482422,193.77000427246094,192.88267517089844,24970200
2025-01-28,194.64999389648438,197.22999572753906,192.61000061035156,197.07000732421875,196.16757202148438,15939200
2025-01-29,197.3699951171875,198.4600067138672,195.19000244140625,197.17999267578125,196.2770538330078,12287800
2025-01-30,199.75999450683594,203.23800659179688,199.4720001220703,202.6300048828125,201.70211791992188,14571500
2025-01-31,203.71499633789062,207.0800018310547,203.5800018310547,205.60000610351562,204.65850830078125,17060300
2025-02-03,202.21499633789062,205.22000122070312,201.66000366210938,202.63999938964844,201.71205139160156,16719500
2025-02-04,204.5,208.6999969482422,204.25999450683594,207.7100067138672,206.75885009765625,28285400
2025-02-05,193.10000610351562,194.5500030517578,189.91000366210938,193.3000030517578,192.4148406982422,43666400
2025-02-06,190.99000549316406,193.8300018310547,190.49000549316406,193.30999755859375,192.42478942871094,20816600
2025-02-07,192.74000549316406,193.01499938964844,185.10000610351562,187.13999938964844,186.2830352783203,29565700
2025-02-10,189.05999755859375,189.99000549316406,187.61000061035156,188.1999969482422,187.3381805419922,16606000
2025-02-11,186.8350067138672,188.8000030517578,186.0800018310547,187.07000732421875,186.21336364746094,13028100
2025-02-12,185.22999572753906,186.8300018310547,183.6300048828125,185.42999267578125,184.5808563232422,17632300
2025-02-13,185.92999267578125,187.99000549316406,184.8800048828125,187.8800048828125,187.01966857910156,12729300
2025-02-14,186.8300018310547,188.14999389648438,186.11000061035156,186.8699951171875,186.0142822265625,12714200
2025-02-18,187.44000244140625,187.77999877929688,183.5800018310547,185.8000030517578,184.94918823242188,19796000
2025-02-19,186.18499755859375,187.36000061035156,185.5,187.1300048828125,186.27310180664062,13120500
2025-02-20,186.5,187.1199951171875,184.60000610351562,186.63999938964844,185.7853240966797,12063800
2025-02-21,187.2899932861328,187.47000122070312,181.1300048828125,181.5800018310547,180.74850463867188,19520800
2025-02-24,183.8000030517578,185.08999633789062,180.8800048828125,181.19000244140625,180.36029052734375,18734000
2025-02-25,180.15499877929688,180.75999450683594,176.77000427246094,177.3699951171875,176.55776977539062,20832500
2025-02-26,176.94500732421875,178.0800018310547,173.58999633789062,174.6999969482422,173.89999389648438,23637200
2025-02-27,175.94000244140625,176.58999633789062,169.7519989013672,170.2100067138672,169.43057250976562,25930500
2025-02-28,170.3000030517578,172.5,168.38999938964844,172.22000122070312,171.43138122558594,30049800
2025-03-03,173.72999572753906,175.0,167.63999938964844,168.66000366210938,167.88768005371094,24122000
2025-03-04,167.94000244140625,175.1649932861328,167.5399932861328,172.61000061035156,171.819580078125,30711400
2025-03-05,172.32000732421875,175.75,170.92999267578125,174.99000549316406,174.18869018554688,18848000
2025-03-06,172.5500030517578,176.72999572753906,172.50799560546875,174.2100067138672,173.41226196289062,19082400
2025-03-07,173.24200439453125,176.89999389648438,172.25,175.75,174.9451904296875,16395300
2025-03-10,170.16000366210938,170.4499969482422,165.56500244140625,167.80999755859375,167.2318572998047,28990700
2025-03-11,166.67999267578125,168.65499877929688,163.24000549316406,165.97999572753906,165.40817260742188,23705900
2025-03-12,168.47000122070312,169.52999877929688,165.47999572753906,169.0,168.4177703857422,19880100
2025-03-13,167.97999572753906,168.1199951171875,164.07000732421875,164.72999572753906,164.1624755859375,15206200
2025-03-14,165.31500244140625,168.25,164.50999450683594,167.6199951171875,167.0425262451172,18611100
2025-03-17,167.3249969482422,168.4600067138672,165.80999755859375,166.57000732421875,165.9961395263672,17839100
2025-03-18,165.9600067138672,166.44000244140625,158.8000030517578,162.6699981689453,162.1095733642578,24616800
2025-03-19,163.9149932861328,168.13299560546875,163.0500030517578,166.27999877929688,165.70713806152344,24955700
2025-03-20,163.8249969482422,167.02999877929688,163.13999938964844,165.0500030517578,164.4813690185547,19981500
2025-03-21,163.3800048828125,166.47000122070312,163.02999877929688,166.25,165.67724609375,29882100
2025-03-24,169.26499938964844,170.5,167.44000244140625,169.92999267578125,169.3445587158203,18742800
2025-03-25,171.17999267578125,172.91000366210938,170.5500030517578,172.7899932861328,172.19468688964844,13841600
2025-03-26,171.3000030517578,171.94000244140625,166.86099243164062,167.13999938964844,166.56417846679688,22498000
2025-03-27,166.7100067138672,167.44000244140625,163.85000610351562,164.0800018310547,163.5147247314453,21571200
2025-03-28,162.36000061035156,163.80999755859375,155.33900451660156,156.05999755859375,155.5223388671875,34866500
2025-03-31,154.80999755859375,157.1300048828125,152.2100067138672,156.22999572753906,155.69174194335938,33591600
2025-04-01,155.3000030517578,160.0800018310547,155.2550048828125,158.8800048828125,158.33262634277344,20111400
2025-04-02,156.9600067138672,160.27499389648438,156.52999877929688,158.86000061035156,158.3126983642578,17113300
2025-04-03,152.8350067138672,154.68699645996094,152.17999267578125,152.6300048828125,152.10415649414062,28416100
2025-04-04,149.89999389648438,153.08999633789062,147.5399932861328,147.74000549316406,147.2310028076172,39832200
2025-04-07,143.38999938964844,154.92999267578125,142.66000366210938,149.24000549316406,148.72584533691406,47823000
2025-04-08,153.5749969482422,154.44000244140625,145.2100067138672,146.5800018310547,146.07501220703125,35304400
2025-04-09,146.3300018310547,161.8699951171875,145.80999755859375,161.05999755859375,160.50511169433594,46479500
2025-04-10,158.75999450683594,160.02999877929688,152.1999969482422,155.3699951171875,154.834716796875,35270500
2025-04-11,155.5850067138672,159.86000061035156,155.5850067138672,159.39999389648438,158.850830078125,22582000
2025-04-14,162.30999755859375,164.02999877929688,159.9199981689453,161.47000122070312,160.9136962890625,18255900
2025-04-15,161.57000732421875,162.0500030517578,157.64500427246094,158.67999267578125,158.13331604003906,15690800
2025-04-16,155.47000122070312,158.17999267578125,153.91000366210938,155.5,154.9642791748047,16921500
2025-04-17,156.61000061035156,157.07000732421875,150.89999389648438,153.36000061035156,152.83164978027344,19513400
2025-04-21,150.96499633789062,151.05999755859375,148.39999389648438,149.86000061035156,149.3437042236328,16147800
2025-04-22,151.07000732421875,154.61000061035156,150.8699951171875,153.89999389648438,153.36978149414062,15910300
2025-04-23,157.91000366210938,160.02000427246094,156.35000610351562,157.72000122070312,157.17665100097656,18575700
2025-04-24,158.52499389648438,161.7100067138672,158.08999633789062,161.47000122070312,160.9136962890625,30787500
2025-04-25,167.10000610351562,168.24000549316406,163.0,163.85000610351562,163.28550720214844,35148100
2025-04-28,164.25999450683594,164.9499969482422,160.3800048828125,162.4199981689453,161.86044311523438,20871200
2025-04-29,162.0449981689453,162.67999267578125,159.38999938964844,162.05999755859375,161.50167846679688,15955200
2025-04-30,159.86000061035156,161.37399291992188,157.15499877929688,160.88999938964844,160.33570861816406,20639500
2025-05-01,162.52000427246094,163.94000244140625,160.92999267578125,162.7899932861328,162.22915649414062,21904300
2025-05-02,164.9550018310547,166.6999969482422,163.66000366210938,165.80999755859375,165.23875427246094,16844900
2025-05-05,164.51499938964844,167.10000610351562,164.47000122070312,166.0500030517578,165.4779510498047,15309300
2025-05-06,163.9600067138672,166.74000549316406,163.1300048828125,165.1999969482422,164.63084411621094,10691900
2025-05-07,166.07000732421875,166.99000549316406,149.49000549316406,152.8000030517578,152.27357482910156,78729800
2025-05-08,155.9199981689453,157.41000366210938,154.10000610351562,155.75,155.21340942382812,38387500
2025-05-09,155.5500030517578,156.42999267578125,153.8300018310547,154.3800048828125,153.84812927246094,22871000
2025-05-12,159.10000610351562,160.44000244140625,157.88999938964844,159.5800018310547,159.0302276611328,31884900
2025-05-13,159.9199981689453,162.05999755859375,157.5800018310547,160.88999938964844,160.33570861816406,24944300
2025-05-14,161.30999755859375,168.33999633789062,160.92999267578125,166.80999755859375,166.2353057861328,31769200
2025-05-15,167.13999938964844,167.50999450683594,163.83999633789062,165.39999389648438,164.83016967773438,22717600
2025-05-16,168.92999267578125,170.64999389648438,166.9499969482422,167.42999267578125,166.85316467285156,36271400
2025-05-19,165.71499633789062,167.9499969482422,165.4149932861328,167.8699951171875,167.29165649414062,21374700
2025-05-20,167.75999450683594,169.67999267578125,164.25999450683594,165.32000732421875,164.7504425048828,33563300
2025-05-21,164.9499969482422,174.52999877929688,164.88999938964844,170.05999755859375,169.47410583496094,45567600
2025-05-22,173.35000610351562,178.1300048828125,171.8800048828125,171.97999572753906,171.3874969482422,45024100
2025-05-23,170.27999877929688,171.2050018310547,169.25999450683594,169.58999633789062,169.00572204589844,24963600
2025-05-27,171.3000030517578,174.2899932861328,171.2100067138672,173.97999572753906,173.380615234375,24341300
2025-05-28,173.97999572753906,176.47999572753906,173.01499938964844,173.3800048828125,172.7826690673828,25999200
2025-05-29,175.0,175.39999389648438,171.77999877929688,172.9600067138672,172.36412048339844,21174700
2025-05-30,172.41000366210938,173.44000244140625,168.52499389648438,172.85000610351562,172.2545166015625,36258300
2025-06-02,169.00999450683594,171.06199645996094,168.64999389648438,170.3699951171875,169.7830352783203,24742900
2025-06-03,168.86500549316406,169.8000030517578,166.67999267578125,167.7100067138672,167.1322021484375,25386700
2025-06-04,168.27999877929688,169.5800018310547,167.7949981689453,169.38999938964844,168.80641174316406,18508700
2025-06-05,171.6199951171875,172.36000061035156,169.35000610351562,169.80999755859375,169.2249755859375,25375400
2025-06-06,172.3000030517578,175.8300018310547,172.3000030517578,174.9199981689453,174.31736755371094,22258100
2025-06-09,175.8699951171875,177.9149932861328,175.66000366210938,177.6300048828125,177.23080444335938,18817600
2025-06-10,177.75999450683594,182.44500732421875,176.47500610351562,180.00999450683594,179.60545349121094,32908000
2025-06-11,181.22999572753906,181.75,178.0,178.7899932861328,178.38818359375,18994400
2025-06-12,177.47999572753906,178.1300048828125,176.11000061035156,176.97000122070312,176.57229614257812,17345900
2025-06-13,173.5800018310547,178.34300231933594,173.57000732421875,175.8800048828125,175.48475646972656,20873200
2025-06-16,175.90499877929688,178.2449951171875,175.82000732421875,177.94000244140625,177.5401153564453,18132500
2025-06-17,177.0,178.71499633789062,175.94000244140625,177.22999572753906,176.8317108154297,17656100
2025-06-18,177.27999877929688,177.82400512695312,172.83999633789062,173.97999572753906,173.58901977539062,32531800
2025-06-20,174.86500549316406,175.36500549316406,166.27000427246094,167.72999572753906,167.35304260253906,55402600
2025-06-23,167.32000732421875,168.47999572753906,163.3300018310547,166.00999450683594,165.6369171142578,36975600
2025-06-24,167.68499755859375,169.25,166.91000366210938,167.74000549316406,167.363037109375,27310300
2025-06-25,168.64999389648438,173.36000061035156,168.56100463867188,171.49000549316406,171.10459899902344,23627400
2025-06-26,173.38499450683594,174.64999389648438,170.86000061035156,174.42999267578125,174.03799438476562,25909100
2025-06-27,174.6300048828125,178.83999633789062,172.7100067138672,178.27000427246094,177.86936950683594,74053100
2025-06-30,180.78500366210938,181.5800018310547,175.5,177.38999938964844,176.9913330078125,43964600
2025-07-01,176.80499267578125,177.22000122070312,174.66000366210938,176.91000366210938,176.51243591308594,25778500
2025-07-02,176.5449981689453,179.93499755859375,176.08999633789062,179.75999450683594,179.35601806640625,19325900
2025-07-03,179.82000732421875,180.77000427246094,178.19000244140625,180.5500030517578,180.1442413330078,13287400
2025-07-07,180.13499450683594,180.33999633789062,176.63999938964844,177.55999755859375,177.1609649658203,20991400
2025-07-08,178.77999877929688,178.7899932861328,173.9199981689453,175.16000366210938,174.766357421875,24108600
2025-07-09,176.11000061035156,180.27999877929688,173.8800048828125,177.66000366210938,177.26075744628906,31288000
2025-07-10,176.6699981689453,179.58999633789062,175.74000549316406,178.6999969482422,178.29840087890625,24693700
2025-07-11,177.91000366210938,182.61000061035156,177.54100036621094,181.30999755859375,180.9025421142578,23975700
2025-07-14,182.07000732421875,184.72999572753906,180.71099853515625,182.80999755859375,182.39915466308594,20990400
2025-07-15,183.94000244140625,185.41000366210938,182.38999938964844,183.10000610351562,182.68850708007812,23911600
2025-07-16,184.32000732421875,185.3350067138672,183.0800018310547,183.77000427246094,183.3570098876953,21152600
2025-07-17,183.11500549316406,185.18699645996094,181.5,184.6999969482422,184.28492736816406,21654400
2025-07-18,186.6199951171875,187.36000061035156,184.72999572753906,185.94000244140625,185.5221405029297,21033400
2025-07-21,187.10000610351562,191.25999450683594,187.0500030517578,191.14999389648438,190.72042846679688,24665000
2025-07-22,192.4199981689453,193.36000061035156,188.4949951171875,192.11000061035156,191.67825317382812,26212900
2025-07-23,192.36000061035156,193.36000061035156,190.17999267578125,191.50999450683594,191.07960510253906,34068100
2025-07-24,198.11000061035156,198.97000122070312,191.9499969482422,193.1999969482422,192.76580810546875,45252100
2025-07-25,192.92999267578125,195.27499389648438,192.1300048828125,194.0800018310547,193.6438446044922,31101800
2025-07-28,194.41000366210938,194.82000732421875,191.85499572753906,193.4199981689453,192.98532104492188,25553500
2025-07-29,193.3000030517578,196.66000366210938,192.99000549316406,196.42999267578125,195.98854064941406,31891600
2025-07-30,196.3000030517578,198.47999572753906,195.55999755859375,197.44000244140625,196.9962921142578,21150500
2025-07-31,196.60000610351562,196.8300018310547,192.0800018310547,192.86000061035156,192.4265899658203,27852000
2025-08-01,189.77999877929688,191.6179962158203,188.6999969482422,189.9499969482422,189.5231170654297,21236700
2025-08-04,191.1750030517578,196.0800018310547,190.9199981689453,195.75,195.3101043701172,23386000
2025-08-05,195.5449981689453,198.6999969482422,194.6750030517578,195.32000732421875,194.8810577392578,19010200
2025-08-06,195.25,197.3800048828125,194.4669952392578,196.9199981689453,196.4774627685547,15383700
2025-08-07,197.7100067138672,198.3699951171875,195.22000122070312,197.27999877929688,196.83663940429688,14660600
2025-08-08,197.97999572753906,203.42999267578125,197.89999389648438,202.08999633789062,201.63584899902344,24379900
2025-08-11,201.55499267578125,202.16000366210938,199.8000030517578,201.6300048828125,201.1768798828125,16690200
2025-08-12,202.09500122070312,205.1300048828125,201.39999389648438,204.16000366210938,203.70118713378906,19854000
2025-08-13,204.97999572753906,205.42999267578125,198.63999938964844,203.02999877929688,202.57371520996094,19573000
2025-08-14,202.55999755859375,205.4199981689453,202.3249969482422,203.82000732421875,203.36196899414062,17777100
2025-08-15,204.72000122070312,207.3300018310547,202.0850067138672,204.91000366210938,204.4495086669922,21111400
2025-08-18,205.07000732421875,206.13999938964844,203.41000366210938,204.2899932861328,203.8308868408203,13000200
2025-08-19,203.90499877929688,204.2899932861328,200.92999267578125,202.49000549316406,202.03494262695312,13476600
2025-08-20,201.67999267578125,202.1699981689453,197.4600067138672,200.19000244140625,199.7401123046875,13971700
2025-08-21,200.72000122070312,203.36000061035156,200.39999389648438,200.6199951171875,200.16912841796875,11768900
2025-08-22,203.9600067138672,209.22999572753906,202.1300048828125,206.72000122070312,206.25543212890625,25723700
2025-08-25,207.0,211.08999633789062,205.9499969482422,209.16000366210938,208.68994140625,22788800
2025-08-26,208.3699951171875,208.4600067138672,206.4499969482422,207.9499969482422,207.482666015625,23051000
2025-08-27,206.4600067138672,209.57000732421875,206.38999938964844,208.2100067138672,207.74209594726562,15249000
2025-08-28,207.83999633789062,212.89999389648438,207.60000610351562,212.3699951171875,211.89271545410156,20915700
2025-08-29,211.27000427246094,215.33999633789062,210.97000122070312,213.52999877929688,213.05014038085938,24682200
2025-09-02,208.99000549316406,212.36900329589844,206.9600067138672,211.99000549316406,211.51361083984375,28900100
2025-09-03,226.47999572753906,231.8000030517578,225.1199951171875,231.10000610351562,230.5806427001953,72250300
2025-09-04,230.15499877929688,232.77000427246094,226.75999450683594,232.66000366210938,232.1371307373047,32196000
2025-09-05,232.66000366210938,236.1300048828125,232.3800048828125,235.1699981689453,234.64149475097656,26127700
2025-09-08,235.7899932861328,238.39999389648438,233.72999572753906,234.16000366210938,233.84259033203125,23128800
2025-09-09,234.19000244140625,240.58999633789062,233.3800048828125,239.94000244140625,239.61474609375,22854800
2025-09-10,239.25,242.0800018310547,238.11000061035156,239.55999755859375,239.23526000976562,19990100
2025-09-11,240.13999938964844,242.57000732421875,236.5800018310547,240.77999877929688,240.45359802246094,21308600
2025-09-12,240.8000030517578,242.42300415039062,238.5,241.3800048828125,241.0528106689453,14536600
2025-09-15,245.13999938964844,252.75,244.97999572753906,251.75999450683594,251.41871643066406,29935200
2025-09-16,252.3300018310547,253.22999572753906,249.71499633789062,251.4199981689453,251.07919311523438,24493500
2025-09-17,251.4600067138672,251.9499969482422,246.5800018310547,249.85000610351562,249.51132202148438,20491300
2025-09-18,251.86000061035156,254.13999938964844,250.11000061035156,252.3300018310547,251.9879608154297,21166400
2025-09-19,253.39999389648438,256.70001220703125,252.0679931640625,255.24000549316406,254.89401245117188,41616800
2025-09-22,254.77999877929688,256.30999755859375,250.80999755859375,252.8800048828125,252.53721618652344,20079000
2025-09-23,253.65499877929688,254.77000427246094,251.08999633789062,252.33999633789062,251.9979248046875,17521100
2025-09-24,252.14999389648438,252.9600067138672,247.22000122070312,247.8300018310547,247.49404907226562,16958500
2025-09-25,244.83999633789062,247.31500244140625,241.64999389648438,246.57000732421875,246.2357635498047,17379800
2025-09-26,247.78500366210938,250.1199951171875,246.63999938964844,247.17999267578125,246.8449249267578,16594600
2025-09-29,248.27499389648438,251.6479949951172,243.1999969482422,244.36000061035156,244.02874755859375,23157200
2025-09-30,243.05999755859375,243.6750030517578,239.5709991455078,243.5500030517578,243.21986389160156,22541200
2025-10-01,241.17999267578125,247.14999389648438,239.1999969482422,245.5399932861328,245.2071533203125,23967700
2025-10-02,245.63999938964844,247.63499450683594,243.10499572753906,246.42999267578125,246.095947265625,20657500
2025-10-03,245.22999572753906,247.1179962158203,242.47000122070312,246.4499969482422,246.1159210205078,19941400
2025-10-06,245.77999877929688,252.1999969482422,245.69000244140625,251.50999450683594,251.1690673828125,18309000
2025-10-07,248.92999267578125,251.5500030517578,246.80999755859375,247.1300048828125,246.79501342773438,13811200
2025-10-08,246.1999969482422,247.25999450683594,245.08999633789062,245.4600067138672,245.1272735595703,14136500
2025-10-09,245.05999755859375,245.55499267578125,239.67999267578125,242.2100067138672,241.88168334960938,19375700
2025-10-10,242.16000366210938,244.83999633789062,236.68499755859375,237.49000549316406,237.16807556152344,22449100
2025-10-13,241.02999877929688,244.99000549316406,240.75,244.63999938964844,244.30836486816406,12465000
2025-10-14,241.7550048828125,248.02499389648438,241.17799377441406,246.19000244140625,245.8562774658203,17705400
2025-10-15,248.0850067138672,252.75999450683594,246.7899932861328,251.7100067138672,251.36878967285156,16048100
2025-10-16,252.46499633789062,257.5799865722656,250.6699981689453,251.8800048828125,251.53857421875,18946000
2025-10-17,251.35000610351562,254.8800048828125,248.58999633789062,253.7899932861328,253.4459686279297,17653800
2025-10-20,255.22999572753906,257.8800048828125,254.60000610351562,257.0199890136719,256.6716003417969,13726800
2025-10-21,255.25,255.3800048828125,244.6699981689453,251.33999633789062,250.99929809570312,27836400
2025-10-22,255.00999450683594,257.17999267578125,250.4510040283203,252.52999877929688,252.18768310546875,19650200
2025-10-23,253.6999969482422,255.86000061035156,252.76800537109375,253.72999572753906,253.38604736328125,13241300
2025-10-24,257.29998779296875,262.510009765625,256.1000061035156,260.510009765625,260.1568603515625,18406000
2025-10-27,265.3599853515625,270.79998779296875,264.94000244140625,269.92999267578125,269.5640869140625,22987700
2025-10-28,270.20001220703125,271.3800048828125,267.1700134277344,268.42999267578125,268.0661315917969,20101200
2025-10-29,268.6099853515625,275.9700012207031,268.42999267578125,275.1700134277344,274.7969970703125,26287900
2025-10-30,291.7200012207031,291.92999267578125,280.45001220703125,281.8999938964844,281.5178527832031,48570000
2025-10-31,283.2049865722656,286.2850036621094,277.52301025390625,281.82000732421875,281.43798828125,29932800
2025-11-03,282.4200134277344,285.94000244140625,280.3699951171875,284.1199951171875,283.73486328125,19691800
2025-11-04,277.06500244140625,281.8340148925781,276.864990234375,278.05999755859375,277.6830749511719,18123700
2025-11-05,279.3800048828125,286.70001220703125,277.8800048828125,284.75,284.364013671875,20063200
2025-11-06,285.7349853515625,288.80999755859375,281.6199951171875,285.3399963378906,284.9532165527344,23103800
2025-11-07,284.2099914550781,284.5,275.739990234375,279.70001220703125,279.32086181640625,21991100
2025-11-10,285.2650146484375,291.4599914550781,283.5400085449219,290.5899963378906,290.1960754394531,19508200
2025-11-11,288.20001220703125,292.3399963378906,287.8800048828125,291.739990234375,291.3445129394531,14156700
2025-11-12,292.0849914550781,292.3599853515625,284.3800048828125,287.42999267578125,287.0403747558594,16998800
2025-11-13,282.9849853515625,283.510009765625,278.0,279.1199951171875,278.74163818359375,18060200
2025-11-14,271.8949890136719,279.1499938964844,271.4100036621094,276.9800109863281,276.60455322265625,18330500
2025-11-17,286.3999938964844,294.5199890136719,284.2300109863281,285.6000061035156,285.2128601074219,34286100
2025-11-18,288.4849853515625,289.43499755859375,279.010009765625,284.9599914550781,284.57373046875,29702200
2025-11-19,287.68499755859375,304.25,287.6700134277344,292.989990234375,292.59283447265625,43123600
2025-11-20,304.739990234375,306.8900146484375,289.1700134277344,289.9800109863281,289.5869445800781,34801400
2025-11-21,296.8699951171875,303.9599914550781,294.3599853515625,299.6499938964844,299.2438049316406,43670600
2025-11-24,311.010009765625,319.79998779296875,309.3999938964844,318.4700012207031,318.0382995605469,55311800
2025-11-25,326.79998779296875,328.6700134277344,317.8160095214844,323.6400146484375,323.2012939453125,50899300
2025-11-26,320.7799987792969,324.989990234375,317.20001220703125,320.2799987792969,319.8458251953125,29839600
2025-11-28,323.42999267578125,326.8800048828125,316.94000244140625,320.1199951171875,319.6860656738281,19695800
2025-12-01,317.4750061035156,319.6300048828125,313.9800109863281,315.1199951171875,314.69281005859375,28520600
2025-12-02,316.8999938964844,318.6000061035156,314.2200012207031,316.0199890136719,315.59161376953125,24668200
2025-12-03,316.0299987792969,322.0400085449219,314.2799987792969,320.6199951171875,320.1853942871094,32285100
2025-12-04,323.0450134277344,323.0989990234375,315.5899963378906,318.3900146484375,317.95843505859375,20831600
2025-12-05,320.0,323.8299865722656,319.9800109863281,322.0899963378906,321.65338134765625,15719900
2025-12-08,321.0299987792969,321.2300109863281,311.9100036621094,314.45001220703125,314.2286376953125,22006900
2025-12-09,313.1000061035156,318.7090148925781,312.6199951171875,317.75,317.52630615234375,14151300
2025-12-10,316.6199951171875,321.8699951171875,315.3999938964844,321.0,320.7740173339844,22764500
2025-12-11,321.1000061035156,321.989990234375,309.8800048828125,313.70001220703125,313.4791564941406,25912100
2025-12-12,314.7950134277344,316.1400146484375,306.9599914550781,310.5199890136719,310.3013916015625,21264800
2025-12-15,312.625,312.70001220703125,305.739990234375,309.32000732421875,309.10223388671875,22028900
2025-12-16,306.0,311.8450012207031,303.8299865722656,307.7300109863281,307.51336669921875,21285200
2025-12-17,309.010009765625,309.19500732421875,297.45001220703125,298.05999755859375,297.85015869140625,29120400
2025-12-18,303.05999755859375,305.260009765625,300.6300048828125,303.75,303.5361633300781,21040500
2025-12-19,303.2699890136719,308.989990234375,302.3399963378906,308.6099853515625,308.3927307128906,45234400
2025-12-22,311.2250061035156,311.70001220703125,306.5899963378906,311.3299865722656,311.1108093261719,14091400
2025-12-23,311.135009765625,316.29998779296875,310.75,315.67999267578125,315.457763671875,13961400
2025-12-24,316.1499938964844,316.2900085449219,313.32000732421875,315.6700134277344,315.4477844238281,6138200
2025-12-26,315.9200134277344,316.55999755859375,313.7200012207031,314.9599914550781,314.7382507324219,6730900
2025-12-29,312.82000732421875,314.9700012207031,311.8999938964844,314.3900146484375,314.168701171875,12317700
2025-12-30,313.4100036621094,317.70001220703125,313.25,314.54998779296875,314.32855224609375,11052500
