date,open,high,low,close,adj_close,volume
2020-01-02,231.0,234.63999938964844,230.16000366210938,234.32000732421875,201.23204040527344,3736300
2020-01-03,231.60000610351562,232.61000061035156,230.3000030517578,231.5800018310547,198.8789520263672,2274500
2020-01-06,229.92999267578125,234.02000427246094,229.49000549316406,233.9499969482422,200.914306640625,3329300
2020-01-07,235.0,237.77000427246094,234.75999450683594,235.49000549316406,202.23680114746094,5255200
2020-01-08,235.67999267578125,239.75,235.47999572753906,237.75999450683594,204.18629455566406,3564700
2020-01-09,241.33999633789062,243.39999389648438,239.82000732421875,242.60000610351562,208.3428192138672,3980700
2020-01-10,242.75,243.38999938964844,241.38999938964844,242.11000061035156,207.92201232910156,2248100
2020-01-13,244.44000244140625,246.11000061035156,243.0,245.2100067138672,210.5842742919922,3359200
2020-01-14,245.32000732421875,248.52000427246094,244.60000610351562,245.66000366210938,210.97076416015625,4302800
2020-01-15,242.0,249.5,239.16000366210938,245.2100067138672,210.5842742919922,5411200
2020-01-16,247.00999450683594,249.82000732421875,246.22999572753906,249.72000122070312,214.45742797851562,3968400
2020-01-17,250.22999572753906,250.4600067138672,248.0,249.4600067138672,214.234130859375,3108400
2020-01-21,247.2100067138672,248.85000610351562,245.60000610351562,245.6999969482422,211.00506591796875,2492400
2020-01-22,246.61000061035156,248.52000427246094,246.33999633789062,247.0500030517578,212.1644744873047,2030900
2020-01-23,244.5,247.0,242.8800048828125,245.5800018310547,210.9020233154297,2806800
2020-01-24,245.07000732421875,245.7100067138672,240.60000610351562,241.9199981689453,207.7588348388672,2877400
2020-01-27,236.3699951171875,238.99000549316406,235.00999450683594,238.13999938964844,204.5126495361328,2506200
2020-01-28,239.49000549316406,243.5800018310547,238.0500030517578,242.5800018310547,208.3256378173828,3123000
2020-01-29,244.52000427246094,246.5,239.57000732421875,240.1199951171875,206.21302795410156,3711600
2020-01-30,237.69000244140625,244.33999633789062,236.72999572753906,244.1300048828125,209.65679931640625,3261700
2020-01-31,241.99000549316406,242.88999938964844,236.8800048828125,237.75,204.17767333984375,3482800
2020-02-03,238.36000061035156,242.38999938964844,238.0500030517578,239.00999450683594,205.25978088378906,2733000
2020-02-04,242.8800048828125,243.74000549316406,241.5500030517578,241.94000244140625,207.77606201171875,3052500
2020-02-05,244.99000549316406,245.1300048828125,243.0,244.3000030517578,209.80279541015625,3126600
2020-02-06,245.35000610351562,245.77000427246094,241.17999267578125,241.82000732421875,207.6730194091797,2225600
2020-02-07,239.75,240.52000427246094,236.5500030517578,238.0,204.39239501953125,3006500
2020-02-10,237.39999389648438,237.8699951171875,235.4600067138672,237.36000061035156,203.8427276611328,2591300
2020-02-11,239.0,239.5500030517578,236.22000122070312,236.4600067138672,203.06983947753906,2238800
2020-02-12,238.00999450683594,241.17999267578125,237.72000122070312,238.64999389648438,204.95062255859375,2119200
2020-02-13,237.85000610351562,238.97000122070312,236.57000732421875,238.35000610351562,204.69297790527344,1461300
2020-02-14,237.94000244140625,239.00999450683594,236.22999572753906,237.0800018310547,203.6023406982422,1718700
2020-02-18,236.5500030517578,237.07000732421875,231.1999969482422,233.2100067138672,200.27880859375,2736500
2020-02-19,235.0,237.8000030517578,233.27999877929688,237.3300018310547,203.81703186035156,2207100
2020-02-20,236.41000366210938,236.89999389648438,231.25,232.72999572753906,199.86656188964844,3183700
2020-02-21,230.91000366210938,231.8000030517578,228.3699951171875,230.6199951171875,198.05450439453125,3081600
2020-02-24,223.22999572753906,226.69000244140625,222.5399932861328,224.5399932861328,192.8330841064453,4139400
2020-02-25,224.77999877929688,225.8699951171875,215.88999938964844,217.61000061035156,186.8816375732422,5343100
2020-02-26,218.6999969482422,220.0,214.75999450683594,215.77999877929688,185.31004333496094,4171100
2020-02-27,210.49000549316406,213.47999572753906,205.3699951171875,205.69000244140625,176.6448516845703,5848200
2020-02-28,199.08999633789062,202.25,194.85000610351562,200.77000427246094,173.47378540039062,6727100
2020-03-02,201.41000366210938,209.6199951171875,197.6300048828125,209.47000122070312,180.990966796875,5285500
2020-03-03,209.0,211.7899932861328,202.1199951171875,203.42999267578125,175.7721405029297,5677200
2020-03-04,205.83999633789062,208.9199981689453,202.6999969482422,208.74000549316406,180.36019897460938,3520400
2020-03-05,201.3300018310547,203.47000122070312,196.9499969482422,198.7899932861328,171.76303100585938,4151500
2020-03-06,190.67999267578125,196.3000030517578,189.27999877929688,192.85000610351562,166.63059997558594,5071900
2020-03-09,173.5800018310547,179.25,170.16000366210938,172.80999755859375,149.31517028808594,6443000
2020-03-10,181.6199951171875,185.39999389648438,173.2899932861328,184.35000610351562,159.2862091064453,6803900
2020-03-11,178.47999572753906,180.77000427246094,170.97000122070312,171.88999938964844,148.52027893066406,5314000
2020-03-12,160.0,166.75,150.0,150.67999267578125,130.19390869140625,8357700
2020-03-13,162.82000732421875,177.55999755859375,152.35000610351562,177.1699981689453,153.08238220214844,6368400
2020-03-16,150.22999572753906,169.5399932861328,150.0,154.66000366210938,133.63279724121094,6888000
2020-03-17,157.0,166.74000549316406,150.0,158.6699981689453,137.09762573242188,6876300
2020-03-18,150.0,155.97000122070312,135.41000366210938,140.02000427246094,120.98321533203125,9543200
2020-03-19,137.3800048828125,152.49000549316406,130.85000610351562,149.49000549316406,129.16574096679688,6548200
2020-03-20,148.99000549316406,149.19000244140625,138.2899932861328,138.41000366210938,119.59212493896484,7561300
2020-03-23,136.02999877929688,141.94000244140625,133.25999450683594,134.97000122070312,116.61981964111328,5472600
2020-03-24,144.32000732421875,153.89999389648438,143.6300048828125,153.60000610351562,132.71694946289062,6647400
2020-03-25,154.60000610351562,162.2100067138672,145.32000732421875,155.1300048828125,134.0388946533203,8587800
2020-03-26,156.3699951171875,167.66000366210938,154.30999755859375,165.7899932861328,143.24961853027344,6762200
2020-03-27,159.0800018310547,163.72999572753906,157.0,158.33999633789062,136.81246948242188,4186700
2020-03-30,158.52000427246094,160.42999267578125,153.17999267578125,159.6199951171875,137.91847229003906,4152800
2020-03-31,158.1300048828125,161.10000610351562,153.72000122070312,154.58999633789062,133.57232666015625,3588200
2020-04-01,146.10000610351562,149.57000732421875,145.0,145.2899932861328,125.5367202758789,4689100
2020-04-02,143.02000427246094,150.4499969482422,141.6699981689453,149.92999267578125,129.54588317871094,4446900
2020-04-03,149.1999969482422,150.9199981689453,145.22999572753906,146.92999267578125,126.95376586914062,2801600
2020-04-06,155.47000122070312,158.92999267578125,153.77000427246094,158.22999572753906,136.71746826171875,4689400
2020-04-07,166.0,169.13999938964844,162.4499969482422,166.02000427246094,143.44833374023438,4953500
2020-04-08,168.5500030517578,178.10000610351562,168.5500030517578,176.9600067138672,152.90098571777344,5194800
2020-04-09,180.5800018310547,187.3300018310547,179.77000427246094,184.25999450683594,159.20848083496094,6445800
2020-04-13,183.85000610351562,184.97000122070312,179.1300048828125,179.17999267578125,154.81912231445312,4774300
2020-04-14,182.35000610351562,183.3800048828125,174.5399932861328,178.22999572753906,153.9983367919922,4149600
2020-04-15,170.6300048828125,181.67999267578125,169.14999389648438,178.52000427246094,154.2488555908203,6042700
2020-04-16,177.22000122070312,178.44000244140625,172.38999938964844,177.0399932861328,152.9700927734375,4662200
2020-04-17,183.49000549316406,185.27999877929688,178.2899932861328,183.49000549316406,158.5431365966797,5426700
2020-04-20,179.6999969482422,186.32000732421875,178.02000427246094,180.39999389648438,155.87326049804688,4674800
2020-04-21,175.44000244140625,179.1999969482422,173.66000366210938,173.80999755859375,150.17922973632812,3819000
2020-04-22,177.5,178.17999267578125,174.47000122070312,175.97999572753906,152.05421447753906,2314500
2020-04-23,177.0,179.07000732421875,174.4499969482422,175.0500030517578,151.25062561035156,2013300
2020-04-24,177.0,177.9499969482422,173.49000549316406,177.0,152.93548583984375,2024400
2020-04-27,179.10000610351562,184.25,178.72000122070312,183.5399932861328,158.5863494873047,2743100
2020-04-28,189.16000366210938,190.4199981689453,184.8699951171875,187.00999450683594,161.58457946777344,3344700
2020-04-29,192.61000061035156,193.72000122070312,189.57000732421875,190.02999877929688,164.19400024414062,3086300
2020-04-30,186.0,187.5500030517578,182.89999389648438,183.4199981689453,158.48268127441406,2695400
2020-05-01,179.0,179.60000610351562,176.64999389648438,177.10000610351562,153.02191162109375,2650200
2020-05-04,175.0,176.30999755859375,171.72000122070312,176.02999877929688,152.097412109375,2990100
2020-05-05,179.10000610351562,182.60000610351562,178.13999938964844,178.3000030517578,154.05877685546875,3272600
2020-05-06,179.67999267578125,181.1999969482422,175.2100067138672,176.9199981689453,152.86639404296875,2408700
2020-05-07,179.17999267578125,183.3800048828125,179.17999267578125,182.32000732421875,157.5322265625,2480100
2020-05-08,185.02999877929688,185.91000366210938,182.74000549316406,185.38999938964844,160.18479919433594,2277500
2020-05-11,182.5399932861328,184.85000610351562,181.25999450683594,183.16000366210938,158.25802612304688,2212200
2020-05-12,183.88999938964844,184.3000030517578,176.75,177.2100067138672,153.11695861816406,3549200
2020-05-13,175.66000366210938,176.8800048828125,170.75999450683594,171.8000030517578,148.44247436523438,3445300
2020-05-14,169.0399932861328,174.77999877929688,165.36000061035156,174.4499969482422,150.73220825195312,4176700
2020-05-15,173.47999572753906,174.08999633789062,170.5800018310547,171.8699951171875,148.5030059814453,2867800
2020-05-18,177.7100067138672,183.10000610351562,175.24000549316406,181.8800048828125,157.1520538330078,4505800
2020-05-19,180.55999755859375,182.19000244140625,177.72000122070312,177.8300018310547,153.65264892578125,2210500
2020-05-20,180.9499969482422,183.8300018310547,180.3000030517578,181.44000244140625,156.77186584472656,2599900
2020-05-21,180.1999969482422,181.1699981689453,177.67999267578125,180.10000610351562,155.61404418945312,2153500
2020-05-22,180.02999877929688,180.63999938964844,178.05999755859375,179.92999267578125,155.46714782714844,2176400
2020-05-26,185.6300048828125,197.10000610351562,185.22000122070312,196.05999755859375,169.40415954589844,5971200
2020-05-27,203.0,210.7100067138672,200.00999450683594,209.66000366210938,181.15513610839844,8182100
2020-05-28,210.83999633789062,211.30999755859375,201.2100067138672,201.22000122070312,173.8626251220703,4886100
2020-05-29,197.22999572753906,200.9199981689453,194.64999389648438,196.49000549316406,170.8369598388672,3822600
2020-06-01,197.30999755859375,201.77000427246094,195.1199951171875,199.92999267578125,173.82781982421875,2230800
2020-06-02,203.77000427246094,206.5,201.32000732421875,204.13999938964844,177.48817443847656,4128700
2020-06-03,208.49000549316406,211.92999267578125,206.42999267578125,210.57000732421875,183.0787353515625,3471900
2020-06-04,208.7899932861328,214.99000549316406,207.9600067138672,214.82000732421875,186.7738800048828,3522300
2020-06-05,222.0,222.97999572753906,217.66000366210938,217.9199981689453,189.4691162109375,4737600
2020-06-08,220.02000427246094,222.25999450683594,218.24000549316406,220.80999755859375,191.9818115234375,3260300
2020-06-09,215.74000549316406,220.02000427246094,215.16000366210938,218.10000610351562,189.62564086914062,2478400
2020-06-10,217.38999938964844,219.85000610351562,212.8000030517578,213.52000427246094,185.64358520507812,3091200
2020-06-11,204.6999969482422,206.89999389648438,194.02000427246094,194.1300048828125,168.78509521484375,4923400
2020-06-12,200.6199951171875,202.94000244140625,196.2100067138672,201.77999877929688,175.4363250732422,3380800
2020-06-15,195.72999572753906,206.99000549316406,195.14999389648438,206.30999755859375,179.3748779296875,3467400
2020-06-16,214.97999572753906,214.97999572753906,203.72999572753906,209.58999633789062,182.22666931152344,3099100
2020-06-17,210.0,210.7899932861328,205.44000244140625,206.19000244140625,179.27053833007812,1798300
2020-06-18,203.99000549316406,207.25999450683594,202.6699981689453,203.83999633789062,177.22735595703125,2051700
2020-06-19,207.0500030517578,207.4199981689453,200.97000122070312,201.6300048828125,175.30592346191406,4962400
2020-06-22,200.99000549316406,204.5800018310547,200.0,203.4199981689453,176.86221313476562,1806900
2020-06-23,206.5,207.50999450683594,203.63999938964844,204.77999877929688,178.04466247558594,2451800
2020-06-24,202.33999633789062,202.61000061035156,197.3800048828125,198.02000427246094,172.16720581054688,2756700
2020-06-25,197.86000061035156,207.38999938964844,197.61000061035156,207.10000610351562,180.06175231933594,3466500
2020-06-26,199.0,200.24000549316406,188.50999450683594,189.19000244140625,164.4900360107422,9530700
2020-06-29,191.3800048828125,193.89999389648438,188.66000366210938,193.47000122070312,168.21124267578125,3736000
2020-06-30,193.83999633789062,198.41000366210938,193.6199951171875,197.6199951171875,171.8194580078125,3102800
2020-07-01,198.8800048828125,199.74000549316406,195.52000427246094,197.57000732421875,171.77597045898438,2620100
2020-07-02,202.5,203.0,197.1300048828125,197.39999389648438,171.62814331054688,2699400
2020-07-06,201.33999633789062,207.7899932861328,201.1300048828125,207.36000061035156,180.28781127929688,3567700
2020-07-07,205.5,205.7100067138672,199.19000244140625,199.36000061035156,173.332275390625,2853500
2020-07-08,199.5399932861328,203.25,199.02000427246094,202.25,175.844970703125,2789700
2020-07-09,202.11000061035156,202.5,195.0,196.8300018310547,171.132568359375,3160100
2020-07-10,196.8699951171875,206.32000732421875,196.8300018310547,205.55999755859375,178.72280883789062,4414800
2020-07-13,209.0,212.97999572753906,207.0,208.8800048828125,181.60935974121094,4449600
2020-07-14,211.42999267578125,214.3000030517578,207.00999450683594,214.00999450683594,186.06959533691406,5202000
2020-07-15,224.3699951171875,225.24000549316406,214.69000244140625,216.89999389648438,188.5823211669922,12516700
2020-07-16,213.50999450683594,220.4600067138672,213.5,214.6699981689453,186.6434783935547,5769600
2020-07-17,214.89999389648438,215.1699981689453,211.25,211.41000366210938,183.80908203125,3614300
2020-07-20,210.72999572753906,213.1699981689453,210.25,211.7100067138672,184.0699005126953,2268700
2020-07-21,212.25,213.80999755859375,210.38999938964844,212.02000427246094,184.33946228027344,3393500
2020-07-22,210.5,211.0,205.35000610351562,206.0,179.10536193847656,4978400
2020-07-23,205.10000610351562,206.02000427246094,202.0500030517578,203.02000427246094,176.51438903808594,4088600
2020-07-24,203.0,204.92999267578125,201.32000732421875,201.47000122070312,175.16676330566406,3191500
2020-07-27,200.10000610351562,204.17999267578125,199.58999633789062,203.02000427246094,176.51438903808594,2601200
2020-07-28,201.91000366210938,203.60000610351562,201.08999633789062,201.6199951171875,175.29718017578125,2139600
2020-07-29,201.6999969482422,203.88999938964844,199.6199951171875,202.5800018310547,176.13186645507812,2635000
2020-07-30,199.5,199.99000549316406,196.3000030517578,199.52999877929688,173.48007202148438,3057900
2020-07-31,199.83999633789062,199.83999633789062,196.50999450683594,197.9600067138672,172.11505126953125,2399700
2020-08-03,198.49000549316406,199.8800048828125,196.52999877929688,199.38999938964844,173.35830688476562,2294600
2020-08-04,199.35000610351562,201.72000122070312,198.47999572753906,201.63999938964844,175.31460571289062,1944700
2020-08-05,203.1699981689453,204.80999755859375,203.00999450683594,204.52000427246094,177.818603515625,2232400
2020-08-06,205.0,206.2899932861328,203.8300018310547,204.25,177.5838165283203,1882400
2020-08-07,203.47999572753906,208.8000030517578,202.4499969482422,208.27000427246094,181.07899475097656,3075000
2020-08-10,209.58999633789062,210.63999938964844,208.0399932861328,209.3800048828125,182.04408264160156,2432800
2020-08-11,212.72000122070312,216.9499969482422,210.52999877929688,211.05999755859375,183.50473022460938,4042700
2020-08-12,214.6999969482422,215.9499969482422,209.27000427246094,212.1300048828125,184.43505859375,2439400
2020-08-13,210.41000366210938,212.1999969482422,207.69000244140625,208.38999938964844,181.18336486816406,2219900
2020-08-14,207.4600067138672,209.47999572753906,206.61000061035156,207.97000122070312,180.81817626953125,2287600
2020-08-17,207.0,207.85000610351562,202.52999877929688,203.07000732421875,176.55789184570312,3922600
2020-08-18,203.4499969482422,203.5800018310547,201.10000610351562,201.30999755859375,175.02767944335938,3067900
2020-08-19,202.39999389648438,206.10000610351562,201.77000427246094,203.02000427246094,176.51438903808594,2458500
2020-08-20,200.75999450683594,203.27999877929688,200.33999633789062,201.85000610351562,175.49716186523438,1764200
2020-08-21,200.11000061035156,203.35000610351562,199.82000732421875,202.42999267578125,176.00143432617188,1780900
2020-08-24,203.11000061035156,207.42999267578125,201.32000732421875,207.33999633789062,180.2704315185547,3097400
2020-08-25,209.99000549316406,210.49000549316406,205.1699981689453,206.0,179.10536193847656,2627600
2020-08-26,205.88999938964844,207.27999877929688,205.02999877929688,207.22000122070312,180.16610717773438,2563200
2020-08-27,206.67999267578125,213.0,206.41000366210938,210.14999389648438,182.71359252929688,3692400
2020-08-28,211.88999938964844,212.0,207.08999633789062,207.7100067138672,180.5921173095703,3697400
2020-08-31,205.5,206.41000366210938,203.6300048828125,204.8699951171875,179.20132446289062,3046200
2020-09-01,203.60000610351562,206.7100067138672,203.00999450683594,205.4600067138672,179.7174072265625,2457000
2020-09-02,205.7899932861328,210.92999267578125,205.3699951171875,210.0399932861328,183.7235107421875,3565200
2020-09-03,211.75,215.22999572753906,205.8300018310547,207.55999755859375,181.55429077148438,3533500
2020-09-04,210.88999938964844,213.35000610351562,205.32000732421875,210.94000244140625,184.5107879638672,3668900
2020-09-08,209.50999450683594,209.9600067138672,201.27000427246094,202.47999572753906,177.1107635498047,4574700
2020-09-09,204.19000244140625,204.8300018310547,202.02999877929688,202.22000122070312,176.88333129882812,4681400
2020-09-10,203.72999572753906,205.35000610351562,199.5500030517578,200.00999450683594,174.9502410888672,2510300
2020-09-11,200.24000549316406,201.91000366210938,198.9499969482422,200.9199981689453,175.74620056152344,2376400
2020-09-14,203.3000030517578,203.3000030517578,200.6699981689453,201.33999633789062,176.11361694335938,2756900
2020-09-15,202.0,202.58999633789062,197.97999572753906,198.0,173.19207763671875,3717600
2020-09-16,198.49000549316406,203.8000030517578,198.07000732421875,200.67999267578125,175.53628540039062,3571400
2020-09-17,198.2100067138672,199.88999938964844,194.50999450683594,194.8300018310547,170.41928100585938,4274800
2020-09-18,195.00999450683594,196.64999389648438,192.3800048828125,194.86000061035156,170.4455108642578,9066300
2020-09-21,189.89999389648438,194.1699981689453,187.47000122070312,194.0,169.69329833984375,4871300
2020-09-22,194.0,196.13999938964844,188.42999267578125,191.6199951171875,167.6114501953125,3355800
2020-09-23,192.0,192.9199981689453,185.8699951171875,186.1199951171875,162.80056762695312,3116100
2020-09-24,188.97999572753906,197.4600067138672,187.0500030517578,195.11000061035156,170.66421508789062,5114600
2020-09-25,192.9600067138672,195.38999938964844,189.61000061035156,194.9499969482422,170.5242462158203,3106000
2020-09-28,197.77999877929688,201.8699951171875,197.14999389648438,199.07000732421875,174.1280059814453,3280100
2020-09-29,198.16000366210938,198.77000427246094,195.42999267578125,196.7899932861328,172.13369750976562,2400000
2020-09-30,198.67999267578125,203.0800018310547,198.36000061035156,200.97000122070312,175.78994750976562,3075800
2020-10-01,201.52999877929688,203.1300048828125,197.8699951171875,198.5500030517578,173.67318725585938,2288700
2020-10-02,195.33999633789062,200.6999969482422,195.2899932861328,199.89999389648438,174.85398864746094,2541200
2020-10-05,201.92999267578125,202.83999633789062,199.58999633789062,201.8000030517578,176.51600646972656,2551600
2020-10-06,204.25,206.08999633789062,199.89999389648438,201.08999633789062,175.8949432373047,2833100
2020-10-07,203.89999389648438,205.0,201.1699981689453,203.60000610351562,178.0904541015625,2326600
2020-10-08,205.14999389648438,208.16000366210938,204.11000061035156,207.97999572753906,181.92166137695312,2330600
2020-10-09,208.75999450683594,209.80999755859375,206.07000732421875,207.5399932861328,181.53675842285156,3040900
2020-10-12,207.41000366210938,214.88999938964844,207.41000366210938,214.1199951171875,187.29237365722656,3474200
2020-10-13,214.00999450683594,214.11000061035156,209.17999267578125,210.80999755859375,184.3970947265625,3317300
2020-10-14,213.8800048828125,214.4499969482422,210.27000427246094,211.22999572753906,184.76449584960938,7550100
2020-10-15,209.5800018310547,210.72999572753906,206.89999389648438,208.60000610351562,182.46395874023438,4325700
2020-10-16,208.32000732421875,210.0,205.80999755859375,206.2100067138672,180.37344360351562,3244500
2020-10-19,207.38999938964844,207.91000366210938,204.58999633789062,205.69000244140625,179.9185791015625,3235300
2020-10-20,206.6999969482422,211.3800048828125,206.47000122070312,208.02999877929688,181.96539306640625,3335500
2020-10-21,207.38999938964844,207.9499969482422,202.00999450683594,202.91000366210938,177.48687744140625,3083600
2020-10-22,203.1999969482422,206.3699951171875,202.1999969482422,205.39999389648438,179.66493225097656,2136900
2020-10-23,206.75999450683594,208.2100067138672,204.02000427246094,205.0399932861328,179.35003662109375,2110200
2020-10-26,202.49000549316406,202.80999755859375,198.50999450683594,201.13999938964844,175.9386749267578,3249700
2020-10-27,200.0,200.58999633789062,195.41000366210938,195.67999267578125,171.16273498535156,3430400
2020-10-28,191.30999755859375,193.3699951171875,188.94000244140625,189.77000427246094,165.99325561523438,4214600
2020-10-29,189.8000030517578,192.35000610351562,186.89999389648438,189.94000244140625,166.14193725585938,3581200
2020-10-30,189.50999450683594,190.39999389648438,185.52000427246094,189.0399932861328,165.354736328125,3658800
2020-11-02,192.0,192.6999969482422,188.22999572753906,190.1999969482422,166.3693389892578,2459600
2020-11-03,193.94000244140625,199.0,193.22000122070312,197.92999267578125,173.130859375,4545500
2020-11-04,196.25,200.82000732421875,194.89999389648438,197.8699951171875,173.07838439941406,3868500
2020-11-05,199.64999389648438,204.1199951171875,199.05999755859375,202.9600067138672,177.53065490722656,2892800
2020-11-06,204.33999633789062,204.38999938964844,200.4199981689453,201.25999450683594,176.04359436035156,2475100
2020-11-09,214.49000549316406,218.0,209.3699951171875,214.92999267578125,188.00091552734375,6960500
2020-11-10,215.25,218.3800048828125,211.17999267578125,217.47000122070312,190.22264099121094,4166500
2020-11-11,218.63999938964844,219.9199981689453,215.02999877929688,218.0500030517578,190.72994995117188,2680700
2020-11-12,215.22000122070312,216.86000061035156,212.39999389648438,214.50999450683594,187.63348388671875,3005500
2020-11-13,215.85000610351562,220.9600067138672,215.41000366210938,219.0800018310547,191.63088989257812,2832100
2020-11-16,223.52999877929688,224.60000610351562,220.02999877929688,222.3800048828125,194.51747131347656,3004700
2020-11-17,220.02000427246094,224.85000610351562,218.3300018310547,224.64999389648438,196.50302124023438,2722900
2020-11-18,225.0,227.72000122070312,223.50999450683594,224.3000030517578,196.19686889648438,2856200
2020-11-19,224.3000030517578,224.94000244140625,222.11000061035156,224.57000732421875,196.43304443359375,1505200
2020-11-20,223.0,224.80999755859375,222.6300048828125,223.35000610351562,195.36593627929688,1848100
2020-11-23,226.05999755859375,230.0,225.72999572753906,228.8300018310547,200.15931701660156,3371300
2020-11-24,231.10000610351562,238.1199951171875,230.6300048828125,237.5,207.74301147460938,3915200
2020-11-25,235.0,237.4499969482422,232.42999267578125,236.5399932861328,206.90328979492188,2272800
2020-11-27,237.0,237.3000030517578,233.7899932861328,235.39999389648438,205.9061279296875,1050400
2020-11-30,232.0500030517578,235.0,230.36000061035156,230.5800018310547,201.69009399414062,2705400
2020-12-01,231.9600067138672,234.8699951171875,231.35000610351562,232.0800018310547,204.10858154296875,2577600
2020-12-02,232.0800018310547,238.1300048828125,231.5800018310547,237.64999389648438,209.0072784423828,2136300
2020-12-03,237.2899932861328,238.85000610351562,234.63999938964844,235.47000122070312,207.09002685546875,2142600
2020-12-04,237.6999969482422,239.75,236.9499969482422,239.5800018310547,210.7046661376953,2373000
2020-12-07,238.5399932861328,239.85000610351562,235.4499969482422,238.4499969482422,209.71087646484375,1788600
2020-12-08,237.00999450683594,239.19000244140625,236.5800018310547,238.83999633789062,210.0538787841797,1371800
2020-12-09,240.0,245.36000061035156,239.52999877929688,242.82000732421875,213.55421447753906,3552300
2020-12-10,240.0,245.17999267578125,239.50999450683594,244.39999389648438,214.9437255859375,2541700
2020-12-11,240.80999755859375,241.1999969482422,237.10000610351562,239.99000549316406,211.06524658203125,2077300
2020-12-14,243.27999877929688,243.5,237.38999938964844,237.7899932861328,209.1304168701172,1927800
2020-12-15,239.5,243.61000061035156,237.19000244140625,242.42999267578125,213.21116638183594,2348000
2020-12-16,243.55999755859375,243.89999389648438,241.1199951171875,243.77000427246094,214.38970947265625,2400900
2020-12-17,245.0,245.92999267578125,243.0,244.42999267578125,214.97012329101562,2983600
2020-12-18,245.38999938964844,245.38999938964844,240.55999755859375,242.1300048828125,212.94732666015625,4088100
2020-12-21,250.2899932861328,260.8500061035156,248.75999450683594,256.9800109863281,226.00753784179688,7408500
2020-12-22,256.8599853515625,257.70001220703125,249.8000030517578,250.08999633789062,219.9479522705078,3599800
2020-12-23,251.5,260.5799865722656,251.3000030517578,256.45001220703125,225.54144287109375,3376100
2020-12-24,257.0400085449219,257.6199951171875,253.75,256.1600036621094,225.28634643554688,968100
2020-12-28,257.80999755859375,262.6499938964844,257.0,259.5899963378906,228.3029327392578,2793400
2020-12-29,260.260009765625,260.8599853515625,256.5,258.010009765625,226.9134063720703,1430900
2020-12-30,258.80999755859375,260.6499938964844,257.8299865722656,259.45001220703125,228.1798553466797,1566500
2020-12-31,258.79998779296875,263.92999267578125,258.0,263.7099914550781,231.9263916015625,2043100
2021-01-04,267.0,267.5799865722656,260.1600036621094,265.0,233.06092834472656,3572000
2021-01-05,263.8800048828125,273.5,262.57000732421875,270.92999267578125,238.2762451171875,4207100
2021-01-06,276.2900085449219,288.3800048828125,273.1000061035156,285.54998779296875,251.1341552734375,6383500
2021-01-07,287.7699890136719,295.8900146484375,286.67999267578125,291.6499938964844,256.4989318847656,4009700
2021-01-08,292.0,292.2799987792969,285.05999755859375,290.0799865722656,255.1182098388672,2800800
2021-01-11,286.79998779296875,295.0,284.20001220703125,293.8299865722656,258.41619873046875,2649700
2021-01-12,297.1400146484375,303.9800109863281,296.0199890136719,302.2099914550781,265.7862243652344,4814400
2021-01-13,300.0799865722656,303.7200012207031,299.1000061035156,302.94000244140625,266.4282531738281,2413800
2021-01-14,304.04998779296875,309.4100036621094,303.5400085449219,307.8699951171875,270.7640380859375,3192200
2021-01-15,301.19000244140625,304.8599853515625,296.8800048828125,301.010009765625,264.7308654785156,3863700
2021-01-19,305.0,306.6000061035156,293.79998779296875,294.20001220703125,258.7416076660156,6727800
2021-01-20,295.82000732421875,297.45001220703125,287.4800109863281,290.4700012207031,255.4611358642578,4792600
2021-01-21,290.45001220703125,292.739990234375,288.5299987792969,289.3699951171875,254.49366760253906,2516000
2021-01-22,286.69000244140625,290.5899963378906,285.5,289.3900146484375,254.51141357421875,2568800
2021-01-25,285.5299987792969,286.3500061035156,277.5,283.0400085449219,248.9266357421875,4575000
2021-01-26,283.92999267578125,285.7699890136719,280.0799865722656,281.760009765625,247.80088806152344,3296800
2021-01-27,276.0,277.3699951171875,271.32000732421875,273.3299865722656,240.38697814941406,3891800
2021-01-28,274.6099853515625,279.8299865722656,271.3299865722656,275.0199890136719,241.87327575683594,3778700
2021-01-29,274.2699890136719,277.3999938964844,270.6199951171875,271.1700134277344,238.48731994628906,3412000
2021-02-01,272.6600036621094,276.79998779296875,272.0,274.7300109863281,241.6182403564453,2324100
2021-02-02,278.32000732421875,288.25,278.0,286.9700012207031,252.3830108642578,5195500
2021-02-03,286.6099853515625,289.80999755859375,285.17999267578125,288.54998779296875,253.77256774902344,2712800
2021-02-04,290.0,295.8299865722656,289.5199890136719,293.75,258.34588623046875,2994700
2021-02-05,295.0,297.239990234375,292.19000244140625,293.5,258.1259765625,2938100
2021-02-08,295.0,300.8900146484375,294.5,300.1499938964844,263.9745788574219,2826200
2021-02-09,299.6000061035156,302.45001220703125,297.70001220703125,300.4599914550781,264.24713134765625,2071700
2021-02-10,300.0,305.17999267578125,297.75,304.2799987792969,267.6067199707031,3213700
2021-02-11,303.9800109863281,305.010009765625,299.1700134277344,302.32000732421875,265.8829345703125,2159900
2021-02-12,301.989990234375,306.70001220703125,301.7699890136719,306.32000732421875,269.4008483886719,1977300
2021-02-16,310.0,312.9200134277344,309.2200012207031,311.9599914550781,274.36102294921875,2792200
2021-02-17,310.0299987792969,314.9800109863281,308.760009765625,312.739990234375,275.047119140625,2333100
2021-02-18,309.2200012207031,314.5,307.5799865722656,309.8999938964844,272.5494384765625,2093300
2021-02-19,310.2300109863281,316.7799987792969,310.2300109863281,315.6199951171875,277.5799865722656,2749500
2021-02-22,313.0,320.55999755859375,312.2099914550781,316.8699951171875,278.67938232421875,3162300
2021-02-23,317.9800109863281,320.0,310.5799865722656,319.2099914550781,280.73724365234375,2942500
2021-02-24,320.1700134277344,330.9700012207031,320.1000061035156,330.6400146484375,290.7897033691406,3934400
2021-02-25,333.3299865722656,335.80999755859375,326.2900085449219,327.760009765625,288.2568359375,4244000
2021-02-26,325.7699890136719,328.67999267578125,319.0400085449219,319.4800109863281,280.9747619628906,3732200
2021-03-01,325.0,331.0400085449219,323.30999755859375,329.9200134277344,291.29620361328125,2957800
2021-03-02,330.0,336.19000244140625,329.510009765625,330.94000244140625,292.1968078613281,2850300
2021-03-03,333.67999267578125,340.1000061035156,333.25,334.42999267578125,295.2781677246094,3606300
2021-03-04,333.1300048828125,339.760009765625,323.9200134277344,329.2900085449219,290.739990234375,3647600
2021-03-05,335.5799865722656,335.5799865722656,316.4599914550781,327.3699951171875,289.044677734375,3740200
2021-03-08,331.3599853515625,337.5899963378906,329.1000061035156,334.19000244140625,295.0662536621094,2998000
2021-03-09,328.6199951171875,336.3900146484375,325.57000732421875,330.5899963378906,291.8876953125,3324800
2021-03-10,332.07000732421875,342.3999938964844,331.5299987792969,342.0199890136719,301.9797058105469,3153100
2021-03-11,338.6600036621094,345.0,336.4599914550781,342.1000061035156,302.0502624511719,2756600
2021-03-12,345.2200012207031,350.0,343.6400146484375,348.80999755859375,307.9747619628906,2436700
2021-03-15,349.44000244140625,352.4200134277344,342.0,346.04998779296875,305.5378112792969,2276200
2021-03-16,345.2799987792969,346.8999938964844,337.75,341.7099914550781,301.7059020996094,2332600
2021-03-17,344.6199951171875,347.0299987792969,340.3999938964844,344.95001220703125,304.566650390625,2710900
2021-03-18,350.75,356.8500061035156,346.989990234375,348.0,307.2595520019531,3713000
2021-03-19,346.4200134277344,347.239990234375,340.6300048828125,344.20001220703125,303.90447998046875,3513000
2021-03-22,341.05999755859375,342.8800048828125,336.0,339.3299865722656,299.60455322265625,2094500
2021-03-23,337.6199951171875,341.8900146484375,331.3299865722656,331.7699890136719,292.9295959472656,2457500
2021-03-24,333.4200134277344,336.94000244140625,328.44000244140625,328.6499938964844,290.1748352050781,3332200
2021-03-25,327.3500061035156,331.3900146484375,321.9200134277344,330.54998779296875,291.8524475097656,2804700
2021-03-26,334.510009765625,335.45001220703125,322.69000244140625,327.3900146484375,289.06243896484375,3082600
2021-03-29,320.3500061035156,327.760009765625,317.7200012207031,325.7300109863281,287.5968017578125,4533200
2021-03-30,329.4100036621094,335.75,328.8500061035156,332.010009765625,293.14154052734375,2717300
2021-03-31,330.2300109863281,332.6499938964844,325.44000244140625,327.0,288.7180480957031,2624500
2021-04-01,324.29998779296875,329.6600036621094,324.1600036621094,327.6400146484375,289.2831115722656,2659000
2021-04-05,332.8500061035156,332.8500061035156,323.04998779296875,323.5400085449219,285.6630859375,3235000
2021-04-06,324.489990234375,328.5400085449219,324.0,327.05999755859375,288.77099609375,1801700
2021-04-07,327.70001220703125,329.20001220703125,323.3500061035156,326.54998779296875,288.3207092285156,2157300
2021-04-08,324.2900085449219,331.489990234375,322.9700012207031,331.1400146484375,292.3734436035156,2402800
2021-04-09,334.0,334.8999938964844,328.7900085449219,330.80999755859375,292.08197021484375,2347100
2021-04-12,332.6700134277344,334.4800109863281,329.94000244140625,331.8399963378906,292.9913330078125,2318800
2021-04-13,329.510009765625,330.04998779296875,324.17999267578125,327.67999267578125,289.3185119628906,3575900
2021-04-14,328.54998779296875,344.4700012207031,326.1499938964844,335.3500061035156,296.09051513671875,9876800
2021-04-15,338.8999938964844,341.3500061035156,334.5400085449219,338.54998779296875,298.9158630371094,4354800
2021-04-16,340.2900085449219,343.739990234375,338.6199951171875,342.30999755859375,302.2357177734375,4231900
2021-04-19,340.0,344.42999267578125,336.6000061035156,343.0899963378906,302.92431640625,3228200
2021-04-20,339.9700012207031,340.4700012207031,329.3500061035156,331.8800048828125,293.0267028808594,3662300
2021-04-21,330.0,335.4700012207031,327.55999755859375,335.2699890136719,296.0198669433594,2733300
2021-04-22,334.6199951171875,336.9700012207031,330.2900085449219,330.8500061035156,292.1173095703125,2165200
2021-04-23,331.25,340.6700134277344,330.7200012207031,339.3500061035156,299.6221923828125,2163800
2021-04-26,341.94000244140625,345.8999938964844,340.8900146484375,343.5199890136719,303.30401611328125,2171500
2021-04-27,344.0,347.54998779296875,343.6600036621094,346.6300048828125,306.04998779296875,2088600
2021-04-28,348.0,350.1199951171875,346.0899963378906,348.1099853515625,307.3566589355469,2140900
2021-04-29,350.54998779296875,353.8299865722656,347.4800109863281,352.9700012207031,311.6477355957031,2584400
2021-04-30,351.1199951171875,352.82000732421875,347.20001220703125,348.45001220703125,307.65692138671875,2101100
2021-05-03,350.3399963378906,354.05999755859375,349.260009765625,350.1600036621094,309.16668701171875,1871700
2021-05-04,348.8999938964844,351.7799987792969,342.57000732421875,349.8399963378906,308.8841247558594,2831400
2021-05-05,352.0,359.1400146484375,348.54998779296875,357.6199951171875,315.75335693359375,2786800
2021-05-06,359.7699890136719,366.29998779296875,356.5,365.9700012207031,323.1258239746094,3048700
2021-05-07,362.29998779296875,371.6499938964844,360.92999267578125,370.8900146484375,327.4698486328125,3378100
2021-05-10,373.5,376.9800109863281,368.5,368.67999267578125,325.5185546875,3396300
2021-05-11,363.0,368.6300048828125,358.6199951171875,359.9200134277344,317.7840881347656,3734300
2021-05-12,363.07000732421875,368.1300048828125,353.2699890136719,354.3999938964844,312.91033935546875,3309800
2021-05-13,353.25,360.8900146484375,353.25,358.80999755859375,316.8040771484375,2673900
2021-05-14,362.0,369.510009765625,361.70001220703125,368.7699890136719,325.5981140136719,2732300
2021-05-17,367.7799987792969,370.70001220703125,364.5,369.25,326.0218505859375,1826100
2021-05-18,371.3800048828125,373.0799865722656,364.0,364.55999755859375,321.8808898925781,2018600
2021-05-19,360.0,360.0,353.92999267578125,358.3800048828125,316.42437744140625,3696000
2021-05-20,358.9800109863281,361.95001220703125,353.3500061035156,359.7799987792969,317.66046142578125,1919600
2021-05-21,361.489990234375,367.1400146484375,360.510009765625,366.260009765625,323.3818664550781,2657500
2021-05-24,367.32000732421875,369.7200012207031,365.510009765625,368.2900085449219,325.1741943359375,1834300
2021-05-25,369.9100036621094,373.7699890136719,364.0899963378906,364.510009765625,321.8367919921875,2631000
2021-05-26,365.0,368.7900085449219,361.9100036621094,367.3999938964844,324.3883972167969,2121200
2021-05-27,371.3299865722656,373.54998779296875,367.29998779296875,371.3699951171875,327.8936462402344,3897000
2021-05-28,372.0,373.07000732421875,368.260009765625,372.0199890136719,329.57684326171875,2169700
2021-06-01,377.70001220703125,383.3599853515625,376.30999755859375,382.44000244140625,338.8080139160156,3644000
2021-06-02,383.3299865722656,384.6700134277344,379.3699951171875,383.44000244140625,339.6939697265625,2809700
2021-06-03,382.25,391.25,380.1300048828125,388.7200012207031,344.3715515136719,3003900
2021-06-04,389.67999267578125,392.04998779296875,386.32000732421875,391.45001220703125,346.7901611328125,2514100
2021-06-07,393.0,393.260009765625,387.54998779296875,388.1600036621094,343.87548828125,2188700
2021-06-08,385.7900085449219,386.4800109863281,382.2200012207031,384.70001220703125,340.8102722167969,2452600
2021-06-09,383.1600036621094,384.2699890136719,378.8800048828125,382.7799987792969,339.10931396484375,2025900
2021-06-10,389.6400146484375,389.6400146484375,372.3500061035156,373.94000244140625,331.27783203125,3900800
2021-06-11,375.70001220703125,378.75,375.1099853515625,378.04998779296875,334.9189758300781,2117300
2021-06-14,377.42999267578125,378.75,370.70001220703125,372.9200134277344,330.3742370605469,2560500
2021-06-15,373.5,374.8399963378906,367.1600036621094,371.29998779296875,328.93896484375,2302900
2021-06-16,370.989990234375,374.0799865722656,365.25,371.0,328.67327880859375,3264200
2021-06-17,373.5199890136719,373.5199890136719,356.54998779296875,361.5,320.2571105957031,4146300
2021-06-18,356.5199890136719,358.3800048828125,348.1300048828125,348.8299865722656,309.0326232910156,6290100
2021-06-21,352.8900146484375,357.9700012207031,351.0400085449219,357.5400085449219,316.7488708496094,2717300
2021-06-22,357.0,359.8800048828125,352.6400146484375,357.5299987792969,316.7399597167969,1870800
2021-06-23,358.7900085449219,362.4800109863281,357.6600036621094,361.04998779296875,319.8583679199219,1713100
2021-06-24,363.0,370.8800048828125,362.7799987792969,368.75,326.6799621582031,2716600
2021-06-25,368.82000732421875,371.1499938964844,364.5400085449219,368.7699890136719,326.69775390625,2782400
2021-06-28,367.79998779296875,368.8699951171875,363.8599853515625,368.7099914550781,326.64453125,1833400
2021-06-29,374.8599853515625,378.0899963378906,370.75,372.6199951171875,330.1083984375,2365900
2021-06-30,370.8999938964844,380.1099853515625,370.8999938964844,379.5299987792969,336.23004150390625,2238400
2021-07-01,380.70001220703125,381.6400146484375,374.1499938964844,374.989990234375,332.20806884765625,2571000
2021-07-02,376.30999755859375,376.6000061035156,372.4200134277344,374.1600036621094,331.4726867675781,1598900
2021-07-06,373.2300109863281,373.6300048828125,365.4100036621094,369.8599853515625,327.6632080078125,2162900
2021-07-07,367.5,370.0899963378906,362.17999267578125,367.6700134277344,325.72314453125,2012800
2021-07-08,359.69000244140625,362.8900146484375,355.5899963378906,358.94000244140625,317.9892272949219,2940500
2021-07-09,366.0,372.1499938964844,364.95001220703125,371.760009765625,329.3465576171875,2641800
2021-07-12,370.30999755859375,384.0,367.3299865722656,380.5,337.08941650390625,4135900
2021-07-13,381.05999755859375,385.3299865722656,372.010009765625,375.9800109863281,333.0850524902344,6466800
2021-07-14,378.75,381.7699890136719,371.3900146484375,374.3999938964844,331.6853942871094,3295700
2021-07-15,371.239990234375,378.75,370.57000732421875,373.3500061035156,330.755126953125,2183900
2021-07-16,374.92999267578125,374.92999267578125,363.8299865722656,364.79998779296875,323.1805725097656,2583300
2021-07-19,354.0,355.19000244140625,349.0,354.7200012207031,314.2505798339844,4394600
2021-07-20,352.2699890136719,367.30999755859375,351.5400085449219,364.760009765625,323.1451416015625,2937900
2021-07-21,368.0400085449219,374.8999938964844,367.92999267578125,373.5,330.8880310058594,2398800
2021-07-22,372.29998779296875,373.69000244140625,368.45001220703125,372.7099914550781,330.1881103515625,1887100
2021-07-23,374.5899963378906,378.0,371.3800048828125,374.04998779296875,331.3752136230469,1706900
2021-07-26,373.17999267578125,376.67999267578125,373.1099853515625,375.8999938964844,333.0141906738281,1559100
2021-07-27,372.5,375.1400146484375,369.2200012207031,374.8399963378906,332.07513427734375,1791800
2021-07-28,375.80999755859375,377.44000244140625,372.3399963378906,374.2300109863281,331.53472900390625,1668900
2021-07-29,377.0299987792969,379.510009765625,374.80999755859375,377.54998779296875,334.4759521484375,1296600
2021-07-30,376.57000732421875,379.95001220703125,373.05999755859375,374.8800048828125,332.110595703125,1474900
2021-08-02,376.1700134277344,386.92999267578125,375.75,378.19000244140625,335.0429382324219,2383200
2021-08-03,380.25,381.30999755859375,371.7699890136719,380.3599853515625,336.96539306640625,1494600
2021-08-04,378.4800109863281,382.6499938964844,375.760009765625,377.8599853515625,334.7506103515625,1460500
2021-08-05,380.1499938964844,384.30999755859375,379.95001220703125,384.29998779296875,340.4559020996094,1583800
2021-08-06,388.8800048828125,398.8599853515625,388.6400146484375,397.8900146484375,352.4955139160156,3655800
2021-08-09,396.5899963378906,404.6000061035156,393.5799865722656,399.8800048828125,354.25836181640625,3319100
2021-08-10,400.1199951171875,410.6300048828125,399.5,407.9700012207031,361.4254455566406,3152300
2021-08-11,408.79998779296875,414.67999267578125,407.05999755859375,413.8900146484375,366.6700134277344,3000500
2021-08-12,414.3800048828125,418.6199951171875,410.55999755859375,415.0,367.6533508300781,2312800
2021-08-13,416.0,416.8900146484375,408.17999267578125,410.7799987792969,363.91485595703125,1980000
2021-08-16,408.989990234375,408.989990234375,402.1499938964844,408.3500061035156,361.76202392578125,1590700
2021-08-17,403.8399963378906,408.3500061035156,400.20001220703125,404.9700012207031,358.76763916015625,2077400
2021-08-18,402.6000061035156,406.1099853515625,398.5899963378906,398.79998779296875,353.3016357421875,2187800
2021-08-19,394.6000061035156,397.7300109863281,390.9100036621094,393.57000732421875,348.6682434082031,2241500
2021-08-20,391.489990234375,396.45001220703125,391.0,395.8699951171875,350.70587158203125,1612100
2021-08-23,401.8900146484375,404.1000061035156,399.0,401.45001220703125,355.6493225097656,1857600
2021-08-24,403.5899963378906,409.6600036621094,402.70001220703125,408.55999755859375,361.94805908203125,1958400
2021-08-25,409.8999938964844,416.67999267578125,408.94000244140625,413.1199951171875,365.9878845214844,1845300
2021-08-26,415.8800048828125,420.7300109863281,411.1600036621094,412.4100036621094,365.3588562011719,2076500
2021-08-27,412.7799987792969,419.8500061035156,412.5,419.69000244140625,371.808349609375,2174500
2021-08-30,419.95001220703125,420.760009765625,412.7200012207031,413.6000061035156,366.41302490234375,2089400
2021-08-31,412.1099853515625,414.8599853515625,408.760009765625,413.510009765625,368.1134338378906,1958100
2021-09-01,413.1600036621094,416.1099853515625,410.30999755859375,413.6600036621094,368.2469177246094,1680400
2021-09-02,415.1099853515625,417.5799865722656,412.6400146484375,414.5,368.9947814941406,1830400
2021-09-03,414.0,415.1199951171875,410.6000061035156,411.30999755859375,366.1549072265625,1373600
2021-09-07,411.0,414.7300109863281,409.6400146484375,410.32000732421875,365.27362060546875,1557000
2021-09-08,409.2200012207031,410.9800109863281,404.70001220703125,405.0,360.5376281738281,1646200
2021-09-09,404.6700134277344,408.8800048828125,403.510009765625,404.5799865722656,360.16375732421875,2424600
2021-09-10,408.0,409.7900085449219,403.1600036621094,403.4800109863281,359.1845397949219,1956000
2021-09-13,407.4100036621094,409.3699951171875,403.79998779296875,409.260009765625,364.33001708984375,1802800
2021-09-14,410.29998779296875,417.010009765625,402.7799987792969,403.69000244140625,359.3714904785156,3263200
2021-09-15,398.0,403.6099853515625,396.2099914550781,401.95001220703125,357.822509765625,3199800
2021-09-16,404.5199890136719,405.9800109863281,394.8900146484375,396.67999267578125,353.13104248046875,2882900
2021-09-17,396.32000732421875,399.1600036621094,388.8299865722656,391.4599914550781,348.4841613769531,3843700
2021-09-20,377.82000732421875,380.8599853515625,372.5,378.1300048828125,336.6175842285156,3834500
2021-09-21,380.8500061035156,381.5,374.0799865722656,375.8399963378906,334.5789489746094,2377300
2021-09-22,380.79998779296875,389.2900085449219,379.7099914550781,385.4700012207031,343.15167236328125,2991300
2021-09-23,390.3900146484375,393.739990234375,388.17999267578125,391.8599853515625,348.8402404785156,2518000
2021-09-24,390.4700012207031,392.489990234375,388.6000061035156,390.8500061035156,347.9411315917969,1789700
2021-09-27,396.5799865722656,401.0,395.17999267578125,399.80999755859375,355.9173889160156,2788500
2021-09-28,400.45001220703125,404.2099914550781,388.3900146484375,389.5,346.73931884765625,2609000
2021-09-29,390.67999267578125,392.3900146484375,384.29998779296875,384.8900146484375,342.6354675292969,1955000
2021-09-30,388.0,388.0199890136719,376.6199951171875,378.0299987792969,336.52850341796875,2665700
2021-10-01,379.44000244140625,382.7200012207031,375.8500061035156,380.0,338.2822570800781,2382300
2021-10-04,380.2099914550781,386.8699951171875,372.82000732421875,374.1499938964844,333.0745849609375,2895600
2021-10-05,378.1000061035156,388.2200012207031,375.5,385.80999755859375,343.45440673828125,2508100
2021-10-06,382.3800048828125,389.54998779296875,378.6600036621094,388.04998779296875,345.4485168457031,2111800
2021-10-07,392.9100036621094,397.8500061035156,389.760009765625,390.6199951171875,347.73626708984375,2348000
2021-10-08,390.8299865722656,394.30999755859375,388.17999267578125,392.80999755859375,349.6859130859375,1446700
2021-10-11,392.8999938964844,396.95001220703125,385.0199890136719,385.239990234375,342.94696044921875,1787400
2021-10-12,386.2200012207031,388.5899963378906,381.0199890136719,386.5299987792969,344.0953674316406,2088200
2021-10-13,388.0,388.3800048828125,378.6300048828125,386.30999755859375,343.8995056152344,2391600
2021-10-14,392.0,393.6600036621094,382.20001220703125,391.20001220703125,348.2527160644531,3380900
2021-10-15,402.30999755859375,407.2699890136719,396.3399963378906,406.07000732421875,361.4902038574219,6451400
2021-10-18,408.010009765625,415.94000244140625,407.6000061035156,413.69000244140625,368.27362060546875,3832300
2021-10-19,415.17999267578125,415.8500061035156,409.69000244140625,412.1600036621094,366.9115905761719,2568300
2021-10-20,411.0,414.3299865722656,406.20001220703125,407.8900146484375,363.1105041503906,2453400
2021-10-21,406.79998779296875,412.6600036621094,404.6199951171875,407.5899963378906,362.84332275390625,2162100
2021-10-22,409.989990234375,415.3599853515625,409.1000061035156,414.32000732421875,368.83447265625,2411000
2021-10-25,416.2099914550781,419.489990234375,413.2699890136719,414.75,369.21728515625,1824700
2021-10-26,416.3699951171875,419.80999755859375,413.760009765625,417.6099853515625,371.76324462890625,1843300
2021-10-27,416.54998779296875,418.05999755859375,410.54998779296875,410.989990234375,365.87005615234375,2067200
2021-10-28,412.0,414.9200134277344,409.05999755859375,414.82000732421875,369.27960205078125,1444700
2021-10-29,414.0199890136719,415.9599914550781,411.17999267578125,413.3500061035156,367.9709167480469,2061700
2021-11-01,417.07000732421875,418.7300109863281,413.25,416.70001220703125,370.95318603515625,1820800
2021-11-02,415.1000061035156,426.1600036621094,412.7900085449219,423.8500061035156,377.3182373046875,3000800
2021-11-03,423.1199951171875,424.0,412.55999755859375,417.8999938964844,372.021484375,3542400
2021-11-04,414.6499938964844,415.989990234375,403.0299987792969,408.07000732421875,363.2706604003906,3802300
2021-11-05,411.3999938964844,414.45001220703125,406.1000061035156,407.0799865722656,362.3893127441406,2105600
2021-11-08,409.8900146484375,413.6499938964844,407.9599914550781,408.3399963378906,363.5109558105469,1728400
2021-11-09,406.1099853515625,407.5799865722656,400.05999755859375,405.3500061035156,360.84930419921875,2246900
2021-11-10,402.3299865722656,405.54998779296875,397.25,399.1199951171875,355.3031921386719,2243900
2021-11-11,400.1400146484375,403.760009765625,398.510009765625,402.3399963378906,358.169677734375,1252400
2021-11-12,403.0,405.1000061035156,399.20001220703125,404.9100036621094,360.45758056640625,1360100
2021-11-15,406.0,407.3399963378906,403.9100036621094,404.80999755859375,360.3685302734375,1436500
2021-11-16,403.9100036621094,405.8399963378906,399.0,403.0899963378906,358.8373718261719,1311000
2021-11-17,401.8500061035156,402.6499938964844,391.4700012207031,391.54998779296875,348.56427001953125,2927000
2021-11-18,392.29998779296875,393.9200134277344,385.67999267578125,391.3699951171875,348.404052734375,1847400
2021-11-19,382.3800048828125,390.239990234375,381.0400085449219,387.3900146484375,344.8609619140625,2610400
2021-11-22,393.1600036621094,402.489990234375,390.17999267578125,396.1600036621094,352.66815185546875,3058700
2021-11-23,400.25,406.9599914550781,397.510009765625,406.3399963378906,361.7306213378906,2402300
2021-11-24,405.0,407.4800109863281,398.29998779296875,399.19000244140625,355.3655090332031,2186300
2021-11-26,384.4800109863281,391.7099914550781,382.7200012207031,389.3900146484375,346.6413879394531,2687900
2021-11-29,394.0,396.3699951171875,382.45001220703125,386.5400085449219,344.104248046875,2883400
2021-11-30,383.5299987792969,386.8299865722656,377.260009765625,380.989990234375,339.16357421875,4570400
2021-12-01,383.82000732421875,390.1600036621094,376.2099914550781,376.4800109863281,336.9173583984375,2476000
2021-12-02,378.0,389.0899963378906,376.0299987792969,387.5400085449219,346.8151550292969,3343700
2021-12-03,389.8800048828125,389.8800048828125,379.0299987792969,382.7300109863281,342.51055908203125,2807500
2021-12-06,388.6700134277344,393.6000061035156,383.489990234375,389.29998779296875,348.39013671875,1990200
2021-12-07,393.5799865722656,401.75,393.05999755859375,400.1099853515625,358.064208984375,2441000
2021-12-08,401.2300109863281,401.7099914550781,395.1400146484375,397.32000732421875,355.5673828125,1635200
2021-12-09,395.70001220703125,400.19000244140625,393.0,396.489990234375,354.8245544433594,2111500
2021-12-10,398.0,398.8599853515625,388.6600036621094,391.05999755859375,349.96514892578125,1893800
2021-12-13,391.19000244140625,391.19000244140625,382.6600036621094,384.6400146484375,344.2198486328125,2313300
2021-12-14,383.55999755859375,392.5,383.260009765625,388.82000732421875,347.9606018066406,2788500
2021-12-15,389.5,391.3999938964844,380.6000061035156,389.9100036621094,348.9360656738281,2802300
2021-12-16,395.1300048828125,399.8399963378906,391.79998779296875,397.3699951171875,355.6120910644531,3578200
2021-12-17,389.2099914550781,393.6700134277344,380.6300048828125,381.79998779296875,341.67828369140625,7058600
2021-12-20,375.5199890136719,375.6300048828125,366.6499938964844,371.6099853515625,332.5590515136719,3735600
2021-12-21,376.42999267578125,382.0899963378906,374.760009765625,380.32000732421875,340.3537902832031,2942800
2021-12-22,380.4200134277344,384.010009765625,379.2699890136719,382.3299865722656,342.15252685546875,1487900
2021-12-23,383.7900085449219,387.6099853515625,383.57000732421875,385.0400085449219,344.5777587890625,1624000
2021-12-27,386.989990234375,389.1099853515625,385.0,388.0400085449219,347.2625427246094,1430400
2021-12-28,388.92999267578125,391.3299865722656,386.239990234375,387.6099853515625,346.877685546875,1528200
2021-12-29,387.9700012207031,389.4599914550781,384.4200134277344,386.20001220703125,345.6158752441406,1327800
2021-12-30,387.75,389.7799987792969,385.20001220703125,385.5199890136719,345.00732421875,1160100
2021-12-31,385.0,387.0,380.8399963378906,382.54998779296875,342.34942626953125,1601300
2022-01-03,389.0,399.29998779296875,387.3399963378906,395.3299865722656,353.7864990234375,3334300
2022-01-04,402.2300109863281,410.2799987792969,401.17999267578125,407.4800109863281,364.6597595214844,3916400
2022-01-05,409.79998779296875,412.6600036621094,397.8900146484375,398.6300048828125,356.73974609375,3469600
2022-01-06,401.0,401.20001220703125,386.42999267578125,396.92999267578125,355.2184143066406,2960900
2022-01-07,397.6700134277344,400.54998779296875,394.5299987792969,397.510009765625,355.7373962402344,2360700
2022-01-10,401.32000732421875,404.3699951171875,394.2200012207031,399.1700134277344,357.22296142578125,3009400
2022-01-11,400.25,403.3399963378906,396.30999755859375,403.04998779296875,360.6952209472656,1748800
2022-01-12,403.239990234375,404.1199951171875,388.55999755859375,390.30999755859375,349.2939758300781,4158000
2022-01-13,394.04998779296875,396.8699951171875,389.75,390.79998779296875,349.73248291015625,2497800
2022-01-14,382.1300048828125,384.3900146484375,375.0,380.94000244140625,340.90863037109375,4685300
2022-01-18,360.0400085449219,361.57000732421875,347.2300109863281,354.3999938964844,317.1575622558594,13123500
2022-01-19,358.3399963378906,359.7099914550781,346.3900146484375,347.32000732421875,310.8216247558594,7426100
2022-01-20,348.8999938964844,357.17999267578125,346.1400146484375,348.1000061035156,311.5196533203125,4599900
2022-01-21,345.5400085449219,348.989990234375,340.7200012207031,343.9100036621094,307.76995849609375,4904100
2022-01-24,337.32000732421875,344.07000732421875,326.2300109863281,343.3900146484375,307.3046875,6569800
2022-01-25,337.8599853515625,342.92999267578125,330.9100036621094,341.54998779296875,305.65802001953125,3959300
2022-01-26,346.6000061035156,350.4800109863281,338.4100036621094,342.67999267578125,306.66925048828125,3745900
2022-01-27,345.6700134277344,348.7699890136719,337.7200012207031,341.0299987792969,305.19256591796875,2573400
2022-01-28,337.7300109863281,347.1499938964844,333.45001220703125,347.010009765625,310.5442199707031,3714600
2022-01-31,344.6000061035156,355.2099914550781,343.44000244140625,354.67999267578125,317.4082336425781,3312400
2022-02-01,356.1300048828125,364.5400085449219,354.04998779296875,364.05999755859375,325.8025207519531,3303700
2022-02-02,363.5,368.5299987792969,357.8299865722656,363.05999755859375,324.9075927734375,2742400
2022-02-03,362.82000732421875,365.760009765625,358.1600036621094,358.8800048828125,321.16680908203125,2372900
2022-02-04,362.1700134277344,370.95001220703125,361.0199890136719,367.6000061035156,328.9705505371094,3762300
2022-02-07,365.489990234375,371.4700012207031,363.3500061035156,368.1499938964844,329.4627685546875,2635600
2022-02-08,371.0799865722656,372.6499938964844,366.25,370.1000061035156,331.2077941894531,3422300
2022-02-09,373.0,376.2799987792969,370.8999938964844,374.5299987792969,335.1722412109375,2250400
2022-02-10,371.7099914550781,377.3999938964844,368.8299865722656,370.57000732421875,331.6284484863281,2406200
2022-02-11,368.54998779296875,374.8999938964844,360.7699890136719,363.05999755859375,324.9075927734375,3142100
2022-02-14,363.05999755859375,364.2900085449219,357.17999267578125,360.239990234375,322.38385009765625,2585600
2022-02-15,364.0899963378906,365.8900146484375,361.3599853515625,363.94000244140625,325.6950988769531,1846400
2022-02-16,361.3500061035156,363.0199890136719,356.5299987792969,360.04998779296875,322.2139587402344,2165300
2022-02-17,358.7799987792969,360.9599914550781,347.8399963378906,349.05999755859375,312.3788146972656,3102400
2022-02-18,345.57000732421875,350.0,343.3699951171875,346.0400085449219,309.6761474609375,2910900
2022-02-22,342.4599914550781,349.0,341.20001220703125,344.2699890136719,308.09210205078125,2590800
2022-02-23,347.57000732421875,349.260009765625,339.82000732421875,341.19000244140625,305.33587646484375,2217300
2022-02-24,328.57000732421875,341.0,326.95001220703125,340.19000244140625,304.4408874511719,4564000
2022-02-25,340.19000244140625,350.70001220703125,340.19000244140625,350.1199951171875,313.3274230957031,2980500
2022-02-28,340.25,343.8399963378906,337.54998779296875,341.2900085449219,305.4253234863281,4245700
2022-03-01,337.3999938964844,338.1600036621094,327.0199890136719,328.20001220703125,295.4422302246094,5631500
2022-03-02,331.6000061035156,338.0,327.3999938964844,336.3800048828125,302.8058166503906,3469900
2022-03-03,338.8699951171875,341.5,330.1300048828125,333.4200134277344,300.1412353515625,2393700
2022-03-04,327.0,330.6600036621094,324.0,329.6700134277344,296.7654724121094,3293100
2022-03-07,326.82000732421875,327.7900085449219,320.8500061035156,321.8900146484375,289.7619934082031,3689900
2022-03-08,322.5,330.55999755859375,318.54998779296875,321.3699951171875,289.29388427734375,3596400
2022-03-09,331.67999267578125,337.4700012207031,330.0299987792969,333.5899963378906,300.294189453125,3202100
2022-03-10,327.6300048828125,331.8399963378906,324.760009765625,329.8999938964844,296.9725036621094,2232600
2022-03-11,334.3699951171875,336.6099853515625,326.7099914550781,327.0,294.3619384765625,2613500
2022-03-14,329.2099914550781,331.6199951171875,322.8999938964844,324.9800109863281,292.54364013671875,2342200
2022-03-15,327.07000732421875,331.8999938964844,324.8399963378906,329.1600036621094,296.30633544921875,2140700
2022-03-16,335.07000732421875,341.3299865722656,334.260009765625,340.760009765625,306.7486267089844,3468500
2022-03-17,337.3699951171875,343.6000061035156,334.8999938964844,343.2699890136719,309.0080871582031,2403500
2022-03-18,338.8699951171875,346.7699890136719,337.29998779296875,345.3800048828125,310.90740966796875,5861900
2022-03-21,345.260009765625,346.29998779296875,337.1499938964844,339.0,305.16424560546875,3401200
2022-03-22,342.20001220703125,346.239990234375,340.1199951171875,343.010009765625,308.7740173339844,2840200
2022-03-23,340.0,340.8299865722656,335.1300048828125,335.6099853515625,302.11260986328125,2196800
2022-03-24,336.44000244140625,337.5,334.29998779296875,336.2300109863281,302.6707458496094,1944100
2022-03-25,337.42999267578125,341.8299865722656,335.4800109863281,337.489990234375,303.8049621582031,1580800
2022-03-28,338.1499938964844,338.5,331.510009765625,335.29998779296875,301.83349609375,2182600
2022-03-29,342.4700012207031,344.0,336.7300109863281,339.6600036621094,305.75836181640625,2378700
2022-03-30,339.0,339.8599853515625,333.6300048828125,335.5899963378906,302.0945739746094,2650200
2022-03-31,336.1300048828125,336.5,330.1000061035156,330.1000061035156,297.1525573730469,2632000
2022-04-01,333.92999267578125,334.1600036621094,327.57000732421875,330.2200012207031,297.26055908203125,2444800
2022-04-04,330.0,331.8699951171875,325.8599853515625,328.2099914550781,295.4511413574219,2569400
2022-04-05,327.3599853515625,329.739990234375,323.4800109863281,323.9599914550781,291.6253662109375,2573900
2022-04-06,320.0,320.6199951171875,315.75,316.260009765625,284.69403076171875,3151300
2022-04-07,315.0,315.8299865722656,308.20001220703125,314.1499938964844,282.7945251464844,3562600
2022-04-08,313.5799865722656,323.67999267578125,313.0,321.3900146484375,289.3118591308594,3294200
2022-04-11,320.6099853515625,328.8999938964844,319.0299987792969,320.760009765625,288.74481201171875,2747700
2022-04-12,321.67999267578125,327.1199951171875,318.010009765625,319.7799987792969,287.862548828125,2365200
2022-04-13,315.79998779296875,322.6300048828125,314.7200012207031,321.9700012207031,289.8340148925781,3022900
2022-04-14,328.4700012207031,333.0299987792969,319.0299987792969,321.6400146484375,289.5369873046875,5460900
2022-04-18,320.6499938964844,332.6600036621094,320.6499938964844,329.8800048828125,296.9544982910156,3653400
2022-04-19,330.4700012207031,337.20001220703125,330.4700012207031,335.95001220703125,302.41864013671875,2774800
2022-04-20,338.1000061035156,344.8999938964844,337.5,341.05999755859375,307.0186462402344,3040100
2022-04-21,344.3299865722656,347.3500061035156,333.3599853515625,334.29998779296875,300.9333190917969,3097800
2022-04-22,332.30999755859375,332.5,319.4700012207031,319.7699890136719,287.8536071777344,3125200
2022-04-25,316.3800048828125,322.1600036621094,312.739990234375,321.4200134277344,289.33892822265625,3093600
2022-04-26,317.95001220703125,321.6000061035156,312.79998779296875,313.1199951171875,281.8673095703125,2791700
2022-04-27,312.1400146484375,319.239990234375,312.1400146484375,313.2300109863281,281.9664001464844,2469300
2022-04-28,317.1199951171875,319.3599853515625,312.1499938964844,318.4100036621094,286.62939453125,2176000
2022-04-29,317.25,319.0799865722656,304.7099914550781,305.489990234375,274.9988098144531,3129600
2022-05-02,305.80999755859375,311.3699951171875,302.2099914550781,310.4200134277344,279.43682861328125,2968100
2022-05-03,311.5199890136719,319.5199890136719,311.32000732421875,314.6600036621094,283.253662109375,2606200
2022-05-04,315.8299865722656,324.79998779296875,312.1700134277344,324.1099853515625,291.76043701171875,2629400
2022-05-05,320.5,320.67999267578125,308.69000244140625,313.07000732421875,281.822265625,2622100
2022-05-06,312.2799987792969,313.7099914550781,306.05999755859375,312.9599914550781,281.72332763671875,2375600
2022-05-09,308.9200134277344,313.7699890136719,304.9800109863281,308.8900146484375,278.0595703125,3234000
2022-05-10,311.7200012207031,315.1499938964844,300.6499938964844,305.05999755859375,274.6118469238281,2798400
2022-05-11,305.05999755859375,310.9100036621094,301.0,301.54998779296875,271.4521789550781,2320600
2022-05-12,300.0,302.8900146484375,293.8999938964844,299.4100036621094,269.5256652832031,3408300
2022-05-13,303.6300048828125,309.6300048828125,303.57000732421875,306.989990234375,276.34918212890625,2152500
2022-05-16,305.95001220703125,306.4700012207031,300.54998779296875,303.44000244140625,273.15350341796875,1568800
2022-05-17,309.8699951171875,314.32000732421875,308.1300048828125,312.9700012207031,281.7322998046875,2096200
2022-05-18,309.0,312.8599853515625,304.8800048828125,306.7300109863281,276.11517333984375,2033200
2022-05-19,303.82000732421875,309.989990234375,303.3900146484375,308.20001220703125,277.4383850097656,2108800
2022-05-20,311.260009765625,312.5899963378906,299.4100036621094,306.79998779296875,276.1781311035156,2201100
2022-05-23,312.7200012207031,321.8299865722656,311.07000732421875,316.6099853515625,285.00897216796875,2653000
2022-05-24,315.3500061035156,315.79998779296875,306.42999267578125,313.95001220703125,282.6145324707031,1870900
2022-05-25,311.25,317.6000061035156,309.9800109863281,314.8999938964844,283.4696960449219,1929500
2022-05-26,318.29998779296875,325.5,317.9800109863281,323.6300048828125,291.3283996582031,2440400
2022-05-27,326.75,328.6700134277344,323.19000244140625,328.5799865722656,295.7843017578125,2106700
2022-05-31,324.010009765625,329.7200012207031,322.6600036621094,326.8500061035156,296.0287780761719,2722900
2022-06-01,327.0,329.2699890136719,315.8299865722656,321.8500061035156,291.50030517578125,2330200
2022-06-02,320.5899963378906,325.20001220703125,319.2300109863281,324.25,293.6739807128906,1957500
2022-06-03,320.8800048828125,322.5,317.5,318.67999267578125,288.6293029785156,1238900
2022-06-06,323.0,325.2099914550781,319.7900085449219,320.510009765625,290.2866516113281,1099700
2022-06-07,318.2799987792969,321.8399963378906,316.6600036621094,321.510009765625,291.1923828125,2516800
2022-06-08,318.3399963378906,319.54998779296875,312.79998779296875,314.67999267578125,285.0064392089844,1438100
2022-06-09,313.55999755859375,314.1400146484375,304.0199890136719,304.2200012207031,275.5327453613281,2896500
2022-06-10,296.989990234375,298.6499938964844,286.8500061035156,287.0199890136719,259.9547119140625,3866900
2022-06-13,279.0,286.4200134277344,278.32000732421875,283.32000732421875,256.60357666015625,4218100
2022-06-14,284.3299865722656,289.17999267578125,281.29998779296875,282.5400085449219,255.8971710205078,2487700
2022-06-15,287.1600036621094,294.4800109863281,284.1700134277344,290.07000732421875,262.7170715332031,2725800
2022-06-16,282.67999267578125,286.1300048828125,279.1499938964844,284.9800109863281,258.1070556640625,2777300
2022-06-17,282.1300048828125,286.260009765625,278.1499938964844,279.7900085449219,253.40643310546875,5234400
2022-06-21,287.7699890136719,288.07000732421875,282.9800109863281,284.80999755859375,257.9531555175781,2506300
2022-06-22,282.2900085449219,286.010009765625,281.0400085449219,284.5400085449219,257.7085266113281,2463100
2022-06-23,283.760009765625,286.5899963378906,278.92999267578125,286.1700134277344,259.1848449707031,2547000
2022-06-24,291.0,303.1300048828125,290.0,302.75,274.2013854980469,3984300
2022-06-27,303.05999755859375,304.32000732421875,298.8800048828125,300.7799987792969,272.4171447753906,2091700
2022-06-28,305.8999938964844,308.9700012207031,299.17999267578125,299.489990234375,271.2488098144531,2276600
2022-06-29,303.3699951171875,307.44000244140625,299.9100036621094,303.2799987792969,274.6814880371094,2475900
2022-06-30,296.5799865722656,300.3299865722656,292.2300109863281,297.0199890136719,269.0116882324219,2669500
2022-07-01,295.2699890136719,300.3299865722656,291.7200012207031,299.2300109863281,271.0133361816406,1749400
2022-07-05,293.0,297.3500061035156,288.3599853515625,297.20001220703125,269.1746826171875,2480900
2022-07-06,296.2699890136719,297.3399963378906,290.6000061035156,293.760009765625,266.0591735839844,1774500
2022-07-07,297.6600036621094,299.07000732421875,293.6000061035156,298.6000061035156,270.44268798828125,2046500
2022-07-08,300.5,300.8900146484375,295.07000732421875,296.4700012207031,268.5135803222656,1438900
2022-07-11,293.20001220703125,296.5400085449219,291.8800048828125,293.17999267578125,265.5337829589844,1519400
2022-07-12,289.7099914550781,299.0799865722656,289.510009765625,292.5299987792969,264.945068359375,1772600
2022-07-13,290.510009765625,291.19000244140625,285.80999755859375,290.1499938964844,262.7895202636719,1884100
2022-07-14,284.239990234375,284.239990234375,277.8399963378906,281.5899963378906,255.03665161132812,3171900
2022-07-15,286.5,296.42999267578125,285.1499938964844,293.8699951171875,266.1587219238281,3457600
2022-07-18,305.760009765625,311.25,298.7099914550781,301.260009765625,272.8519592285156,6767900
2022-07-19,303.5899963378906,319.1400146484375,303.5,318.04998779296875,288.05859375,5641100
2022-07-20,317.2799987792969,322.1700134277344,316.30999755859375,321.45001220703125,291.1380920410156,3489800
2022-07-21,320.510009765625,327.1600036621094,319.8500061035156,326.5400085449219,295.7480773925781,2518800
2022-07-22,327.1099853515625,329.04998779296875,322.19000244140625,323.92999267578125,293.3841552734375,1830300
2022-07-25,325.9700012207031,327.2900085449219,322.6000061035156,324.1199951171875,293.5562438964844,4024500
2022-07-26,321.7699890136719,324.2900085449219,317.760009765625,318.54998779296875,288.511474609375,2054700
2022-07-27,320.2900085449219,326.3900146484375,318.3800048828125,324.5400085449219,293.93670654296875,2081900
2022-07-28,325.29998779296875,329.9800109863281,321.8900146484375,329.1099853515625,298.0756530761719,1820700
2022-07-29,329.5,335.17999267578125,329.5,333.3900146484375,301.95208740234375,2112200
2022-08-01,331.7300109863281,334.79998779296875,329.010009765625,332.0799865722656,300.7656555175781,1476500
2022-08-02,329.5,331.8299865722656,327.2200012207031,327.8800048828125,296.9617004394531,1862900
2022-08-03,332.07000732421875,335.510009765625,329.6199951171875,333.1700134277344,301.75286865234375,1770600
2022-08-04,333.2799987792969,334.29998779296875,330.6199951171875,331.8699951171875,300.575439453125,1533400
2022-08-05,330.8999938964844,336.9100036621094,329.6700134277344,334.6700134277344,303.1114501953125,1876400
2022-08-08,337.1099853515625,338.8399963378906,334.3399963378906,334.67999267578125,303.1203918457031,1460000
2022-08-09,336.1499938964844,338.1700134277344,334.57000732421875,336.6199951171875,304.8775634765625,1587900
2022-08-10,341.3599853515625,349.70001220703125,341.3500061035156,347.9100036621094,315.10284423828125,2459500
2022-08-11,350.0,356.04998779296875,349.7799987792969,351.67999267578125,318.517333984375,2360800
2022-08-12,353.44000244140625,354.55999755859375,350.1499938964844,353.82000732421875,320.4556884765625,2369000
2022-08-15,351.0,358.6199951171875,349.04998779296875,355.8500061035156,322.2941589355469,2045700
2022-08-16,352.989990234375,356.4700012207031,352.0199890136719,354.9700012207031,321.4971923828125,1740900
2022-08-17,351.8999938964844,355.5899963378906,350.7699890136719,353.739990234375,320.3831787109375,1576300
2022-08-18,352.6600036621094,355.1000061035156,350.8599853515625,354.5199890136719,321.089599609375,1102200
2022-08-19,351.0,351.8599853515625,347.5,349.2699890136719,316.3346252441406,1812300
2022-08-22,342.44000244140625,344.5299987792969,340.760009765625,342.4200134277344,310.130615234375,1723900
2022-08-23,341.95001220703125,344.07000732421875,339.0299987792969,340.17999267578125,308.1017761230469,1538000
2022-08-24,339.0199890136719,344.32000732421875,338.489990234375,341.94000244140625,309.69586181640625,1530800
2022-08-25,344.45001220703125,346.8599853515625,342.1099853515625,346.489990234375,313.8167724609375,1763900
2022-08-26,348.3399963378906,348.739990234375,336.0,336.3999938964844,304.67828369140625,1703900
2022-08-29,333.9200134277344,336.3999938964844,332.010009765625,333.9200134277344,302.43212890625,1835600
2022-08-30,335.0,336.010009765625,331.17999267578125,333.6300048828125,302.16949462890625,1830300
2022-08-31,331.54998779296875,335.1400146484375,329.67999267578125,332.6700134277344,303.5747985839844,2488000
2022-09-01,329.8699951171875,333.69000244140625,324.6199951171875,333.5,304.3321533203125,1575100
2022-09-02,334.67999267578125,340.32000732421875,329.9700012207031,331.4800109863281,302.4889221191406,2215400
2022-09-06,332.32000732421875,333.25,323.4599914550781,326.489990234375,297.9352722167969,1578100
2022-09-07,324.25,332.1600036621094,323.25,330.55999755859375,301.6492919921875,1496600
2022-09-08,330.2900085449219,335.80999755859375,327.3599853515625,335.3800048828125,306.04779052734375,1755600
2022-09-09,337.9800109863281,341.0299987792969,337.0299987792969,340.1000061035156,310.3549499511719,1445600
2022-09-12,341.6600036621094,344.3699951171875,340.0899963378906,342.5799865722656,312.6180725097656,1563200
2022-09-13,336.0799865722656,336.5199890136719,326.8299865722656,328.3900146484375,299.6690979003906,2242100
2022-09-14,328.45001220703125,330.92999267578125,323.5,327.260009765625,298.637939453125,1953300
2022-09-15,328.7300109863281,335.2799987792969,327.5899963378906,331.6199951171875,302.6165771484375,1489400
2022-09-16,326.3800048828125,329.0,319.7900085449219,326.2099914550781,297.67974853515625,2946800
2022-09-19,320.57000732421875,329.2900085449219,320.5400085449219,328.6600036621094,299.91546630859375,1652700
2022-09-20,325.70001220703125,326.79998779296875,320.010009765625,323.260009765625,294.9878234863281,1569900
2022-09-21,324.9200134277344,329.7900085449219,320.6300048828125,320.7099914550781,292.6607971191406,1796700
2022-09-22,322.32000732421875,323.3900146484375,311.20001220703125,312.9200134277344,285.5521240234375,2239900
2022-09-23,307.54998779296875,309.7900085449219,297.4599914550781,301.9700012207031,275.559814453125,2918500
2022-09-26,299.0,302.1000061035156,292.30999755859375,294.6199951171875,268.8526306152344,2308800
2022-09-27,297.5,299.1499938964844,288.6199951171875,291.3800048828125,265.8960266113281,2007400
2022-09-28,294.0,302.4100036621094,292.4599914550781,300.7900085449219,274.48297119140625,2289700
2022-09-29,297.07000732421875,299.3500061035156,291.54998779296875,296.1099853515625,270.2122497558594,1930800
2022-09-30,296.0,301.0899963378906,292.70001220703125,293.04998779296875,267.4199523925781,1970800
2022-10-03,297.1700134277344,301.2300109863281,291.1000061035156,299.1499938964844,272.9864196777344,1938800
2022-10-04,306.79998779296875,315.1600036621094,305.8800048828125,314.8699951171875,287.33160400390625,2399500
2022-10-05,306.5799865722656,310.2099914550781,303.6000061035156,309.0,281.9750061035156,1992800
2022-10-06,307.3900146484375,309.0799865722656,303.4200134277344,304.6700134277344,278.0237121582031,1367400
2022-10-07,304.0,305.1499938964844,299.1499938964844,301.0799865722656,274.7475891113281,1790100
2022-10-10,303.6300048828125,304.7200012207031,298.42999267578125,300.5400085449219,274.2548522949219,1309600
2022-10-11,298.010009765625,302.5199890136719,293.9200134277344,294.2099914550781,268.4784240722656,2392800
2022-10-12,293.989990234375,299.7799987792969,291.7099914550781,295.30999755859375,269.4822692871094,1763800
2022-10-13,290.4200134277344,308.760009765625,287.75,307.07000732421875,280.2137756347656,2724900
2022-10-14,307.4599914550781,311.6199951171875,299.07000732421875,299.989990234375,273.7529602050781,2397600
2022-10-17,304.4100036621094,311.6199951171875,304.1400146484375,306.7099914550781,279.88525390625,3118600
2022-10-18,321.6700134277344,324.4800109863281,312.0,313.8500061035156,286.40087890625,6428600
2022-10-19,312.6099853515625,314.7900085449219,308.05999755859375,311.760009765625,284.4935607910156,2363800
2022-10-20,312.1000061035156,316.04998779296875,309.0,310.80999755859375,283.6266784667969,2382300
2022-10-21,311.0,325.7699890136719,309.489990234375,325.1000061035156,296.66680908203125,3545700
2022-10-24,328.5,331.239990234375,325.8500061035156,328.70001220703125,299.9520263671875,2232600
2022-10-25,327.8599853515625,333.6000061035156,325.9200134277344,332.3999938964844,303.328369140625,1837700
2022-10-26,334.5199890136719,338.6700134277344,334.1400146484375,335.69000244140625,306.3306579589844,2176700
2022-10-27,339.30999755859375,341.92999267578125,336.5299987792969,337.17999267578125,307.6903381347656,1998800
2022-10-28,338.5199890136719,342.5799865722656,336.0,341.82000732421875,311.9245300292969,1677100
2022-10-31,341.07000732421875,346.17999267578125,340.57000732421875,344.510009765625,314.3793029785156,2224000
2022-11-01,345.1300048828125,348.69000244140625,343.7699890136719,348.5799865722656,318.0932312011719,2316600
2022-11-02,347.6199951171875,357.44000244140625,346.739990234375,349.7900085449219,319.1974182128906,3221200
2022-11-03,347.5,350.6700134277344,342.5899963378906,348.8699951171875,318.35797119140625,2515600
2022-11-04,354.0,358.3800048828125,351.2300109863281,357.9100036621094,326.6072692871094,3172700
2022-11-07,360.010009765625,362.9599914550781,358.5199890136719,362.55999755859375,330.8505859375,2526900
2022-11-08,362.29998779296875,367.19000244140625,361.4599914550781,364.0199890136719,332.18292236328125,3501300
2022-11-09,362.95001220703125,367.1499938964844,360.8800048828125,362.0,330.339599609375,3047200
2022-11-10,370.0,380.42999267578125,369.739990234375,378.30999755859375,345.2230529785156,3790400
2022-11-11,380.0,387.0,378.75,385.1700134277344,351.4831237792969,3409100
2022-11-14,384.0,387.29998779296875,380.5,382.3599853515625,348.9189147949219,2609100
2022-11-15,385.9800109863281,389.5799865722656,380.6499938964844,382.8800048828125,349.3934326171875,3192400
2022-11-16,383.2099914550781,385.3999938964844,380.010009765625,382.3299865722656,348.8915100097656,2303700
2022-11-17,377.1499938964844,381.7200012207031,375.010009765625,379.7799987792969,346.5645751953125,2297600
2022-11-18,381.2799987792969,382.8299865722656,377.3900146484375,379.20001220703125,346.0353088378906,2384500
2022-11-21,378.8999938964844,380.7699890136719,375.4200134277344,380.2099914550781,346.9569396972656,1877500
2022-11-22,381.3999938964844,385.8299865722656,381.3999938964844,383.8699951171875,350.2968444824219,2019400
2022-11-23,383.8999938964844,388.20001220703125,383.4100036621094,386.25,352.4686584472656,1865400
2022-11-25,385.760009765625,389.44000244140625,385.17999267578125,388.8599853515625,354.8503723144531,1129300
2022-11-28,385.42999267578125,388.3900146484375,380.8900146484375,382.3599853515625,348.9189147949219,2232200
2022-11-29,381.1300048828125,384.92999267578125,379.260009765625,383.7099914550781,350.15081787109375,1746900
2022-11-30,382.5,386.1499938964844,375.1000061035156,386.1499938964844,354.6883239746094,2964100
2022-12-01,386.5,386.5,380.45001220703125,383.80999755859375,352.53900146484375,1706300
2022-12-02,381.5199890136719,382.5199890136719,378.3999938964844,380.5799865722656,349.5721740722656,1932300
2022-12-05,378.54998779296875,378.8699951171875,369.30999755859375,371.5400085449219,341.2687072753906,2329600
2022-12-06,369.4800109863281,370.3699951171875,360.3299865722656,362.9100036621094,333.341796875,3081900
2022-12-07,362.489990234375,365.29998779296875,358.1499938964844,359.9200134277344,330.5954284667969,2128200
2022-12-08,362.0299987792969,362.5899963378906,356.05999755859375,358.0799865722656,328.9053649902344,1967800
2022-12-09,356.7099914550781,361.6400146484375,356.2099914550781,359.1400146484375,329.8789978027344,1588800
2022-12-12,358.57000732421875,364.010009765625,356.3399963378906,363.17999267578125,333.58978271484375,1750400
2022-12-13,374.6300048828125,378.55999755859375,365.510009765625,368.69000244140625,338.65087890625,3062600
2022-12-14,367.010009765625,368.8299865722656,359.45001220703125,360.3800048828125,331.0179138183594,2519700
2022-12-15,354.4800109863281,356.1099853515625,347.94000244140625,349.8299865722656,321.3275451660156,3163700
2022-12-16,345.0799865722656,347.7799987792969,343.4100036621094,346.3500061035156,318.13104248046875,5008800
2022-12-19,346.2699890136719,348.3999938964844,342.6300048828125,344.6099853515625,316.53289794921875,1646700
2022-12-20,345.989990234375,347.4200134277344,343.489990234375,344.489990234375,316.42254638671875,1623000
2022-12-21,348.260009765625,350.8800048828125,346.8900146484375,350.1600036621094,321.6307067871094,1923100
2022-12-22,347.1600036621094,348.04998779296875,339.8800048828125,345.5799865722656,317.4237976074219,1528900
2022-12-23,344.8399963378906,347.760009765625,343.1099853515625,345.510009765625,317.35955810546875,1062000
2022-12-27,346.510009765625,347.75,341.7900085449219,341.9700012207031,314.1079406738281,1035000
2022-12-28,340.5,342.8500061035156,339.29998779296875,340.8699951171875,313.0975646972656,1117200
2022-12-29,342.44000244140625,344.6400146484375,341.239990234375,343.42999267578125,315.44891357421875,1273600
2022-12-30,341.739990234375,343.69000244140625,339.3999938964844,343.3800048828125,315.40301513671875,1031400
2023-01-03,345.5,348.6000061035156,342.80999755859375,346.2200012207031,318.0116882324219,1589700
2023-01-04,348.0299987792969,350.30999755859375,345.0799865722656,347.70001220703125,319.3711242675781,1881000
2023-01-05,344.25,345.1400146484375,340.1400146484375,343.760009765625,315.7521057128906,1397800
2023-01-06,347.29998779296875,349.0,340.95001220703125,348.0799865722656,319.7200927734375,3097800
2023-01-09,351.8800048828125,356.5,349.5,353.0,324.2392272949219,1989000
2023-01-10,352.6400146484375,357.5,350.5,357.3599853515625,328.2440185546875,1610100
2023-01-11,358.8699951171875,365.5,356.2099914550781,364.4800109863281,334.7839660644531,2127000
2023-01-12,366.239990234375,370.1000061035156,362.57000732421875,369.94000244140625,339.7991027832031,2103100
2023-01-13,363.489990234375,374.3500061035156,362.3599853515625,374.0,343.52825927734375,3310200
2023-01-17,364.79998779296875,366.7900085449219,344.0,349.9200134277344,321.41021728515625,14448300
2023-01-18,348.32000732421875,354.7900085449219,347.79998779296875,349.0899963378906,320.6478576660156,5585200
2023-01-19,346.0299987792969,352.1600036621094,345.5199890136719,350.75,322.1725769042969,3100400
2023-01-20,349.8699951171875,352.25,338.2099914550781,341.8399963378906,313.9884948730469,11247200
2023-01-23,341.6700134277344,349.55999755859375,336.1600036621094,349.1400146484375,320.69378662109375,4915700
2023-01-24,340.0,350.29998779296875,340.0,348.3299865722656,319.9497375488281,2372000
2023-01-25,344.75,349.9599914550781,343.8999938964844,349.6300048828125,321.1438293457031,1985200
2023-01-26,351.7300109863281,355.0,349.5199890136719,354.9700012207031,326.0487365722656,1919200
2023-01-27,351.95001220703125,355.989990234375,351.8299865722656,353.70001220703125,324.88226318359375,2427400
2023-01-30,353.2900085449219,362.3299865722656,352.3999938964844,357.4599914550781,328.33587646484375,3184500
2023-01-31,359.1600036621094,365.9200134277344,356.8599853515625,365.80999755859375,336.0055236816406,2311500
2023-02-01,359.1000061035156,368.94000244140625,358.760009765625,365.7099914550781,335.9136657714844,2889400
2023-02-02,368.0,372.8900146484375,364.54998779296875,369.4700012207031,339.36737060546875,2619600
2023-02-03,365.6199951171875,374.57000732421875,365.44000244140625,369.95001220703125,339.80828857421875,2243100
2023-02-06,369.0,371.260009765625,365.7799987792969,370.79998779296875,340.58892822265625,1816200
2023-02-07,368.1700134277344,376.30999755859375,367.3399963378906,374.3999938964844,343.89569091796875,2205500
2023-02-08,372.9200134277344,378.3500061035156,371.9800109863281,375.1000061035156,344.53863525390625,1893200
2023-02-09,377.0400085449219,379.67999267578125,367.79998779296875,367.989990234375,338.0079345703125,2052500
2023-02-10,367.0,372.2300109863281,364.55999755859375,371.2799987792969,341.0299072265625,1933400
2023-02-13,369.0899963378906,375.05999755859375,368.0,374.0199890136719,343.5466613769531,1570600
2023-02-14,373.94000244140625,377.04998779296875,369.3800048828125,371.7799987792969,341.4891357421875,2155500
2023-02-15,368.739990234375,374.3699951171875,368.25,374.3399963378906,343.8405456542969,1687200
2023-02-16,370.75,374.25,368.79998779296875,370.20001220703125,340.0379638671875,1947800
2023-02-17,368.04998779296875,371.05999755859375,366.8599853515625,368.5,338.4764709472656,1857300
2023-02-21,366.7200012207031,366.7200012207031,360.0899963378906,361.1199951171875,331.6976623535156,2403000
2023-02-22,361.6300048828125,363.0,358.0400085449219,360.8900146484375,331.48638916015625,2203800
2023-02-23,363.20001220703125,367.8800048828125,359.6099853515625,363.5400085449219,333.9204406738281,1931400
2023-02-24,360.1700134277344,365.17999267578125,359.5299987792969,363.8500061035156,334.20526123046875,2428600
2023-02-27,368.2200012207031,370.29998779296875,364.510009765625,365.5299987792969,335.7483825683594,2842400
2023-02-28,366.0,366.010009765625,351.3299865722656,351.6499938964844,322.9992370605469,4945600
2023-03-01,349.3900146484375,352.5400085449219,345.9599914550781,346.2300109863281,320.2979431152344,2717400
2023-03-02,343.989990234375,349.7799987792969,340.489990234375,349.1000061035156,322.9530029296875,3259800
2023-03-03,350.6400146484375,357.7699890136719,349.55999755859375,357.0899963378906,330.3445739746094,2396200
2023-03-06,358.05999755859375,358.8599853515625,353.7300109863281,357.04998779296875,330.3075256347656,1614200
2023-03-07,355.54998779296875,356.20001220703125,345.6300048828125,346.0799865722656,320.1591491699219,2048500
2023-03-08,346.19000244140625,349.69000244140625,345.1700134277344,349.2900085449219,323.1287841796875,1584600
2023-03-09,349.20001220703125,354.2900085449219,341.04998779296875,342.0899963378906,316.468017578125,3177800
2023-03-10,338.8699951171875,339.92999267578125,326.0299987792969,327.6700134277344,303.1280822753906,4559700
2023-03-13,319.6700134277344,326.1099853515625,314.5400085449219,315.510009765625,291.87884521484375,5660700
2023-03-14,324.7699890136719,326.3800048828125,318.95001220703125,322.1499938964844,298.021484375,3785900
2023-03-15,310.7699890136719,312.510009765625,304.4100036621094,312.19000244140625,288.8074645996094,6596700
2023-03-16,309.0,318.32000732421875,304.9200134277344,315.0899963378906,291.4903259277344,4399100
2023-03-17,310.0899963378906,310.3999938964844,301.8699951171875,303.5400085449219,280.80535888671875,6369800
2023-03-20,306.7799987792969,312.20001220703125,306.260009765625,309.5299987792969,286.3466796875,3963700
2023-03-21,317.6199951171875,320.32000732421875,315.3500061035156,317.2799987792969,293.5162658691406,3242400
2023-03-22,317.2799987792969,322.2200012207031,313.489990234375,313.6700134277344,290.1766357421875,2505900
2023-03-23,315.2099914550781,321.3599853515625,312.6400146484375,314.8500061035156,291.2682800292969,2585900
2023-03-24,310.1499938964844,312.75,305.3599853515625,312.57000732421875,289.1590270996094,2456700
2023-03-27,318.6199951171875,320.8999938964844,317.1700134277344,318.5299987792969,294.6726989746094,2300600
2023-03-28,319.0899963378906,320.6099853515625,316.1199951171875,318.44000244140625,294.58935546875,1224300
2023-03-29,322.5,322.7099914550781,318.67999267578125,320.7200012207031,296.6986389160156,1475900
2023-03-30,324.55999755859375,324.8699951171875,319.8800048828125,321.1400146484375,297.0871276855469,1456300
2023-03-31,323.4700012207031,327.3299865722656,322.4200134277344,327.1099853515625,302.6099853515625,2281100
2023-04-03,326.1400146484375,328.9800109863281,323.1499938964844,326.5199890136719,302.064208984375,1808800
2023-04-04,326.82000732421875,326.8699951171875,320.1199951171875,322.6499938964844,298.484130859375,1536800
2023-04-05,319.6199951171875,322.20001220703125,319.3699951171875,321.5299987792969,297.44793701171875,1329300
2023-04-06,320.3800048828125,323.2300109863281,319.9800109863281,322.3999938964844,298.2528076171875,1311000
2023-04-10,322.3999938964844,324.989990234375,321.30999755859375,324.9599914550781,300.62103271484375,1114400
2023-04-11,326.04998779296875,329.20001220703125,323.6700134277344,327.3699951171875,302.8504943847656,1559600
2023-04-12,331.7200012207031,332.07000732421875,327.17999267578125,330.239990234375,305.505615234375,1862400
2023-04-13,330.0799865722656,332.94000244140625,327.0,332.1300048828125,307.2540283203125,1765500
2023-04-14,336.5299987792969,339.6300048828125,334.32000732421875,336.9200134277344,311.685302734375,2275700
2023-04-17,336.0,340.45001220703125,333.67999267578125,339.67999267578125,314.238525390625,3012100
2023-04-18,328.0,336.54998779296875,326.1300048828125,333.9100036621094,308.90069580078125,7549500
2023-04-19,332.9800109863281,336.989990234375,331.6700134277344,336.8900146484375,311.65753173828125,2625400
2023-04-20,334.95001220703125,339.30999755859375,334.32000732421875,338.7099914550781,313.3412170410156,2217900
2023-04-21,339.0,342.3599853515625,336.0,341.6600036621094,316.0702209472656,2278900
2023-04-24,341.989990234375,345.05999755859375,341.5299987792969,343.9599914550781,318.1979675292969,1966300
2023-04-25,341.0,343.4700012207031,338.3299865722656,339.4800109863281,314.0534362792969,2138200
2023-04-26,337.5799865722656,340.6000061035156,334.6400146484375,336.55999755859375,311.3522033691406,2041900
2023-04-27,340.1400146484375,343.3599853515625,338.760009765625,341.6000061035156,316.0147705078125,1768200
2023-04-28,340.04998779296875,344.1000061035156,339.70001220703125,343.44000244140625,317.7169189453125,1714100
2023-05-01,344.04998779296875,347.4599914550781,340.3699951171875,340.57000732421875,315.0619201660156,1375000
2023-05-02,339.010009765625,339.8900146484375,330.0,333.3699951171875,308.4011535644531,2397600
2023-05-03,332.3599853515625,334.8299865722656,328.25,328.6499938964844,304.0346374511719,1825400
2023-05-04,325.95001220703125,326.9800109863281,318.55999755859375,321.260009765625,297.19818115234375,2965100
2023-05-05,325.05999755859375,327.8699951171875,322.4200134277344,327.0199890136719,302.5267028808594,2413400
2023-05-08,329.6400146484375,330.29998779296875,325.6700134277344,326.510009765625,302.0549621582031,1607300
2023-05-09,325.0400085449219,327.17999267578125,323.29998779296875,324.7699890136719,300.4452819824219,1253300
2023-05-10,329.9200134277344,329.9200134277344,319.0799865722656,322.54998779296875,298.3915710449219,1752200
2023-05-11,319.6600036621094,321.94000244140625,318.17999267578125,320.7200012207031,296.6986389160156,1515200
2023-05-12,322.0400085449219,323.2200012207031,317.32000732421875,319.5,295.57000732421875,1099100
2023-05-15,320.4200134277344,323.25,318.05999755859375,322.07000732421875,297.94744873046875,1178200
2023-05-16,322.5,323.07000732421875,320.5,320.80999755859375,296.7818298339844,1618900
2023-05-17,322.6600036621094,330.3900146484375,322.6600036621094,330.17999267578125,305.4500427246094,2098100
2023-05-18,330.0,330.6000061035156,325.6600036621094,329.5799865722656,304.89501953125,1645400
2023-05-19,330.0,331.95001220703125,324.7900085449219,326.1499938964844,301.7218933105469,1546100
2023-05-22,326.1499938964844,327.3399963378906,322.42999267578125,324.9200134277344,300.58404541015625,1498900
2023-05-23,323.6000061035156,327.1400146484375,322.80999755859375,323.57000732421875,299.3351745605469,1550900
2023-05-24,320.3900146484375,321.8999938964844,318.79998779296875,319.80999755859375,295.8567810058594,1439100
2023-05-25,318.9200134277344,325.17999267578125,318.79998779296875,323.8800048828125,299.6219787597656,1618500
2023-05-26,324.7200012207031,332.8699951171875,324.0,332.010009765625,307.1430358886719,2718700
2023-05-30,332.0799865722656,332.5299987792969,327.7300109863281,330.8299865722656,306.0513916015625,1998600
2023-05-31,326.07000732421875,327.25,321.82000732421875,323.8999938964844,301.9220275878906,2938000
2023-06-01,324.510009765625,324.67999267578125,314.0199890136719,316.3999938964844,294.93084716796875,3339700
2023-06-02,318.239990234375,325.2699890136719,317.04998779296875,323.6499938964844,301.6889343261719,3987700
2023-06-05,322.92999267578125,323.489990234375,320.32000732421875,321.80999755859375,299.9737854003906,1462900
2023-06-06,322.42999267578125,328.07000732421875,321.3999938964844,326.79998779296875,304.6252136230469,1495600
2023-06-07,327.6400146484375,337.8399963378906,326.32000732421875,335.75,312.96795654296875,3382700
2023-06-08,335.3599853515625,336.3299865722656,331.3399963378906,335.4700012207031,312.7068786621094,2009500
2023-06-09,335.2099914550781,336.20001220703125,332.5400085449219,336.0199890136719,313.2195739746094,1702100
2023-06-12,338.44000244140625,340.0899963378906,336.3500061035156,339.489990234375,316.4541015625,2290800
2023-06-13,340.20001220703125,345.2799987792969,339.45001220703125,342.5,319.2598571777344,1772400
2023-06-14,344.7799987792969,347.7300109863281,337.2300109863281,338.4200134277344,315.4567565917969,1819400
2023-06-15,337.32000732421875,344.0,335.70001220703125,339.739990234375,316.6871032714844,3322700
2023-06-16,341.3800048828125,341.3999938964844,337.1099853515625,338.30999755859375,315.3542175292969,4544900
2023-06-20,335.32000732421875,335.3800048828125,329.2300109863281,330.7200012207031,308.2791748046875,3208100
2023-06-21,328.45001220703125,330.0,324.9200134277344,325.07000732421875,303.0126037597656,2158700
2023-06-22,323.69000244140625,324.260009765625,319.010009765625,319.5799865722656,297.89508056640625,2409100
2023-06-23,316.55999755859375,317.7099914550781,314.07000732421875,314.7099914550781,293.3555908203125,2612000
2023-06-26,315.1300048828125,316.6400146484375,312.1700134277344,312.3599853515625,291.16497802734375,2481000
2023-06-27,312.4100036621094,315.67999267578125,310.55999755859375,313.45001220703125,292.18109130859375,2156800
2023-06-28,311.7200012207031,314.8999938964844,310.69000244140625,313.6600036621094,292.37677001953125,2423500
2023-06-29,317.8500061035156,325.5,316.25,323.0899963378906,301.16693115234375,3553600
2023-06-30,325.82000732421875,326.0299987792969,322.45001220703125,322.5400085449219,300.6542053222656,2361800
2023-07-03,322.4100036621094,329.3999938964844,322.4100036621094,326.6099853515625,304.4480285644531,1106800
2023-07-05,323.95001220703125,324.6099853515625,319.6300048828125,320.04998779296875,298.33319091796875,2561000
2023-07-06,318.0,318.6400146484375,312.8399963378906,313.0,291.7615661621094,2896900
2023-07-07,313.20001220703125,317.3699951171875,312.70001220703125,315.1700134277344,293.78436279296875,2903100
2023-07-10,316.6700134277344,320.0799865722656,316.0,316.4700012207031,294.9961242675781,1775800
2023-07-11,318.8299865722656,321.0400085449219,314.5799865722656,320.8800048828125,299.1069030761719,2041700
2023-07-12,324.5799865722656,333.3500061035156,324.25,326.3999938964844,304.2523193359375,2741300
2023-07-13,327.3500061035156,329.2799987792969,325.69000244140625,328.67999267578125,306.3775939941406,2787800
2023-07-14,331.989990234375,332.4800109863281,325.0199890136719,326.19000244140625,304.0566101074219,1815200
2023-07-17,325.8900146484375,327.489990234375,324.3599853515625,327.20001220703125,304.998046875,1777400
2023-07-18,327.29998779296875,338.25,327.29998779296875,337.2699890136719,314.3847351074219,3887400
2023-07-19,338.0,345.8800048828125,331.29998779296875,340.54998779296875,317.4421691894531,6037400
2023-07-20,339.1600036621094,351.67999267578125,339.1600036621094,350.8599853515625,327.0525817871094,3915000
2023-07-21,351.7799987792969,355.0799865722656,346.7799987792969,351.9599914550781,328.0779724121094,3217400
2023-07-24,352.8299865722656,361.6199951171875,352.0,358.92999267578125,334.57501220703125,3517500
2023-07-25,357.4200134277344,360.82000732421875,353.9800109863281,354.70001220703125,330.632080078125,2893000
2023-07-26,354.489990234375,360.260009765625,354.2799987792969,357.55999755859375,333.2979736328125,2281600
2023-07-27,358.1300048828125,360.5400085449219,354.1700134277344,354.510009765625,330.4549865722656,2010800
2023-07-28,356.1099853515625,356.5,351.6099853515625,353.2300109863281,329.2618103027344,1827400
2023-07-31,354.8800048828125,357.20001220703125,354.0199890136719,355.8699951171875,331.72265625,1385500
2023-08-01,354.0,357.8699951171875,353.3900146484375,357.7200012207031,333.4471740722656,2024300
2023-08-02,354.989990234375,354.989990234375,348.8699951171875,351.1000061035156,327.2763977050781,2106600
2023-08-03,349.989990234375,355.2099914550781,348.6199951171875,353.1600036621094,329.19659423828125,1840400
2023-08-04,353.3399963378906,358.7300109863281,352.510009765625,353.2200012207031,329.25244140625,1725300
2023-08-07,355.3999938964844,357.6700134277344,353.9200134277344,355.55999755859375,331.4336853027344,1260300
2023-08-08,351.70001220703125,352.0,342.0299987792969,348.260009765625,324.6290283203125,1917300
2023-08-09,346.82000732421875,348.4599914550781,342.489990234375,342.69000244140625,319.43701171875,1326000
2023-08-10,344.07000732421875,347.260009765625,339.79998779296875,340.3999938964844,317.3023986816406,1345900
2023-08-11,339.92999267578125,341.7900085449219,337.54998779296875,340.7300109863281,317.6100158691406,1256800
2023-08-14,337.4100036621094,338.45001220703125,334.8599853515625,337.739990234375,314.8228454589844,1347000
2023-08-15,333.29998779296875,334.0299987792969,330.4800109863281,332.2099914550781,309.6680908203125,1657800
2023-08-16,330.5400085449219,332.9200134277344,328.9700012207031,329.1099853515625,306.77838134765625,3340300
2023-08-17,330.0,333.989990234375,324.0,327.5199890136719,305.29632568359375,3135200
2023-08-18,324.32000732421875,327.6199951171875,323.20001220703125,324.92999267578125,302.882080078125,1730500
2023-08-21,325.3900146484375,326.3900146484375,319.3900146484375,322.05999755859375,300.2068786621094,1983500
2023-08-22,322.4800109863281,322.6400146484375,318.30999755859375,318.7900085449219,297.15875244140625,1810300
2023-08-23,320.6199951171875,322.45001220703125,318.0,322.3299865722656,300.45849609375,1429000
2023-08-24,322.1499938964844,327.489990234375,319.510009765625,319.9599914550781,298.24932861328125,1185600
2023-08-25,320.79998779296875,322.7200012207031,318.19000244140625,320.1499938964844,298.4263610839844,1159600
2023-08-28,321.3399963378906,326.6000061035156,321.3399963378906,325.9700012207031,303.8515319824219,1440100
2023-08-29,325.55999755859375,332.70001220703125,324.67999267578125,332.54998779296875,309.9850769042969,1831700
2023-08-30,330.0,331.9100036621094,327.6499938964844,328.5799865722656,308.8382873535156,1131500
2023-08-31,329.4100036621094,330.489990234375,325.9599914550781,327.7099914550781,308.02056884765625,1271100
2023-09-01,329.6700134277344,331.6199951171875,326.2099914550781,327.3999938964844,307.729248046875,1201400
2023-09-05,327.3399963378906,328.4800109863281,322.6300048828125,323.75,304.298583984375,1846000
2023-09-06,322.30999755859375,324.1400146484375,319.30999755859375,321.1300048828125,301.8359375,2120800
2023-09-07,320.6199951171875,324.2200012207031,320.1300048828125,321.9599914550781,302.6160888671875,1471100
2023-09-08,321.9200134277344,325.9700012207031,321.6600036621094,325.5199890136719,305.9621887207031,2026400
2023-09-11,328.260009765625,330.1499938964844,324.2900085449219,324.6499938964844,305.14447021484375,1283100
2023-09-12,324.010009765625,335.2799987792969,324.0,330.8999938964844,311.0189514160156,2054700
2023-09-13,333.5,337.010009765625,330.82000732421875,334.9800109863281,314.85382080078125,2165000
2023-09-14,339.0,345.1199951171875,336.8500061035156,344.57000732421875,323.8675842285156,2822700
2023-09-15,345.1499938964844,346.19000244140625,341.8599853515625,342.5400085449219,321.95965576171875,3063900
2023-09-18,342.5400085449219,344.260009765625,339.2699890136719,343.32000732421875,322.6927185058594,1356600
2023-09-19,343.4599914550781,344.9700012207031,337.9700012207031,341.8900146484375,321.3486328125,1660200
2023-09-20,342.6099853515625,343.79998779296875,336.2900085449219,336.70001220703125,316.4704895019531,1224400
2023-09-21,334.5,334.69000244140625,330.0799865722656,330.239990234375,310.39862060546875,1685100
2023-09-22,330.1000061035156,331.5400085449219,326.8299865722656,327.8900146484375,308.1898193359375,1669100
2023-09-25,327.07000732421875,329.2900085449219,325.2799987792969,328.8399963378906,309.08270263671875,833300
2023-09-26,325.6099853515625,327.42999267578125,322.4200134277344,323.82000732421875,304.36431884765625,1481800
2023-09-27,324.9800109863281,325.0,318.9800109863281,321.95001220703125,302.6066589355469,1493000
2023-09-28,320.2099914550781,326.8399963378906,320.2099914550781,325.20001220703125,305.66143798828125,1389600
2023-09-29,327.20001220703125,327.9599914550781,322.2699890136719,323.57000732421875,304.12933349609375,1403900
2023-10-02,322.0299987792969,323.5799865722656,317.1000061035156,318.5,299.36395263671875,1303800
2023-10-03,315.2699890136719,315.67999267578125,304.3900146484375,306.1199951171875,287.7277526855469,3118600
2023-10-04,304.8500061035156,309.05999755859375,303.4800109863281,308.6000061035156,290.0588073730469,1872000
2023-10-05,307.3599853515625,310.54998779296875,304.2099914550781,310.5,291.8446044921875,1584600
2023-10-06,308.1099853515625,315.32000732421875,307.1700134277344,312.4800109863281,293.7055969238281,1595100
2023-10-09,308.8999938964844,313.4800109863281,308.3699951171875,312.6099853515625,293.8277893066406,1094400
2023-10-10,314.4700012207031,316.8500061035156,312.2900085449219,314.7699890136719,295.8580322265625,1193800
2023-10-11,315.42999267578125,316.6300048828125,311.6000061035156,313.0199890136719,294.213134765625,1672500
2023-10-12,314.1499938964844,314.25,308.0199890136719,309.8500061035156,291.2336120605469,1727700
2023-10-13,312.0,316.17999267578125,308.1700134277344,309.29998779296875,290.7166748046875,1785200
2023-10-16,313.17999267578125,315.8999938964844,310.25,314.3900146484375,295.5008850097656,2273900
2023-10-17,313.3800048828125,316.17999267578125,305.9100036621094,309.3599853515625,290.77313232421875,4123000
2023-10-18,307.0,307.2200012207031,301.4800109863281,301.9599914550781,283.81768798828125,3460300
2023-10-19,301.9599914550781,305.3399963378906,298.6300048828125,299.19000244140625,281.2141418457031,3211800
2023-10-20,298.5,303.25,298.1000061035156,300.04998779296875,282.0224609375,2329000
2023-10-23,298.2900085449219,303.54998779296875,298.19000244140625,299.2200012207031,281.2423400878906,2959800
2023-10-24,300.0,303.1000061035156,299.0799865722656,299.17999267578125,281.20477294921875,1697100
2023-10-25,298.6000061035156,300.0,295.0299987792969,296.760009765625,278.93011474609375,1809300
2023-10-26,296.9599914550781,300.1400146484375,294.7799987792969,296.989990234375,279.14630126953125,2011200
2023-10-27,297.54998779296875,298.2699890136719,289.3599853515625,289.9100036621094,272.4917297363281,2601700
2023-10-30,293.45001220703125,301.80999755859375,293.2900085449219,300.8299865722656,282.7555847167969,3065200
2023-10-31,301.67999267578125,304.2900085449219,300.70001220703125,303.6099853515625,285.3685302734375,2611000
2023-11-01,303.3299865722656,308.25,302.8399963378906,307.1600036621094,288.7052307128906,2345400
2023-11-02,309.69000244140625,314.5400085449219,308.0,313.760009765625,294.90875244140625,2597000
2023-11-03,318.4599914550781,329.3299865722656,317.92999267578125,327.6199951171875,307.93603515625,3742000
2023-11-06,326.6600036621094,328.8999938964844,322.1000061035156,323.9100036621094,304.4488830566406,2087600
2023-11-07,322.1300048828125,326.3900146484375,321.2900085449219,323.95001220703125,304.4865417480469,1505000
2023-11-08,323.95001220703125,326.6600036621094,323.6700134277344,324.55999755859375,305.05987548828125,1484400
2023-11-09,326.0,326.6499938964844,319.6600036621094,320.7799987792969,301.5069274902344,1787900
2023-11-10,323.32000732421875,326.05999755859375,321.6499938964844,325.510009765625,305.9527893066406,1781400
2023-11-13,324.1600036621094,328.7200012207031,323.5299987792969,326.9100036621094,307.2686767578125,1403300
2023-11-14,333.5299987792969,341.7799987792969,332.4700012207031,338.7200012207031,318.3691101074219,3592700
2023-11-15,339.8999938964844,341.0799865722656,335.3399963378906,337.6000061035156,317.31634521484375,2534500
2023-11-16,337.760009765625,339.75,335.010009765625,336.6700134277344,316.44232177734375,1620400
2023-11-17,339.5,340.45001220703125,338.1199951171875,339.19000244140625,318.8108825683594,1465200
2023-11-20,340.0,341.32000732421875,337.5,339.45001220703125,319.0552673339844,3146000
2023-11-21,338.3599853515625,339.0899963378906,334.54998779296875,334.9700012207031,314.8443908691406,1900900
2023-11-22,336.94000244140625,338.9100036621094,335.3699951171875,338.6400146484375,318.2939453125,1235200
2023-11-24,338.79998779296875,340.2699890136719,337.6400146484375,339.1499938964844,318.77325439453125,460100
2023-11-27,339.19000244140625,340.0199890136719,335.739990234375,337.7099914550781,317.41973876953125,1250500
2023-11-28,337.3800048828125,338.3999938964844,334.8699951171875,337.6499938964844,317.3634338378906,1419000
2023-11-29,337.0,343.5299987792969,336.510009765625,340.260009765625,322.4427490234375,2038100
2023-11-30,341.67999267578125,344.760009765625,340.0899963378906,341.5400085449219,323.6556701660156,1903600
2023-12-01,341.4599914550781,348.8900146484375,340.4200134277344,348.42999267578125,330.1849060058594,3623300
2023-12-04,346.29998779296875,350.489990234375,345.2900085449219,349.3900146484375,331.0946350097656,2178100
2023-12-05,346.6000061035156,346.8299865722656,340.5400085449219,341.75,323.8547058105469,2429700
2023-12-06,343.510009765625,347.0,341.6000061035156,341.9700012207031,324.06317138671875,1869300
2023-12-07,343.7099914550781,344.69000244140625,342.0,344.6199951171875,326.5744323730469,2162400
2023-12-08,344.30999755859375,352.2900085449219,343.7799987792969,350.8299865722656,332.459228515625,2238800
2023-12-11,351.44000244140625,353.0299987792969,349.04998779296875,351.760009765625,333.3406066894531,1636000
2023-12-12,351.4100036621094,354.0,349.5799865722656,352.6099853515625,334.1460266113281,1597600
2023-12-13,352.94000244140625,362.8500061035156,351.6000061035156,362.7300109863281,343.7361145019531,2876500
2023-12-14,366.5,386.20001220703125,365.0,383.4700012207031,363.3901062011719,5376300
2023-12-15,380.19000244140625,385.8999938964844,379.32000732421875,380.510009765625,360.5851135253906,4522300
2023-12-18,381.260009765625,382.760009765625,375.9100036621094,376.3999938964844,356.6902770996094,2740900
2023-12-19,376.010009765625,383.7699890136719,374.54998779296875,382.45001220703125,362.4234924316406,2091800
2023-12-20,380.7300109863281,385.1300048828125,377.25,377.5199890136719,357.7516174316406,1836500
2023-12-21,380.04998779296875,381.489990234375,377.010009765625,380.57000732421875,360.6419372558594,1301600
2023-12-22,382.0,383.489990234375,379.4100036621094,380.6499938964844,360.7177429199219,1538200
2023-12-26,380.6499938964844,382.6099853515625,380.04998779296875,381.6099853515625,361.62744140625,837300
2023-12-27,381.20001220703125,385.75,380.30999755859375,384.4800109863281,364.34722900390625,1367200
2023-12-28,384.5199890136719,387.760009765625,383.6300048828125,386.4100036621094,366.1761169433594,1024700
2023-12-29,385.57000732421875,386.6400146484375,383.57000732421875,385.7699890136719,365.5696105957031,881300
2024-01-02,383.0,389.1400146484375,382.19000244140625,388.29998779296875,367.96722412109375,2263100
2024-01-03,383.8800048828125,385.3999938964844,376.760009765625,381.7900085449219,361.7980651855469,2265300
2024-01-04,383.54998779296875,387.0899963378906,381.95001220703125,382.95001220703125,362.8973083496094,1618300
2024-01-05,381.9200134277344,389.4700012207031,381.0799865722656,386.44000244140625,366.2045593261719,2913900
2024-01-08,385.9700012207031,389.0799865722656,382.0299987792969,388.8599853515625,368.4978332519531,1902600
2024-01-09,384.6000061035156,385.95001220703125,381.7699890136719,383.739990234375,363.64593505859375,1708800
2024-01-10,381.3500061035156,383.04998779296875,378.5299987792969,381.9599914550781,361.95916748046875,1547300
2024-01-11,380.8900146484375,380.9800109863281,374.67999267578125,379.75,359.86492919921875,2209900
2024-01-12,383.3399963378906,385.8500061035156,376.5799865722656,377.75,357.9696044921875,2223800
2024-01-16,378.3599853515625,385.010009765625,374.32000732421875,380.45001220703125,360.52825927734375,3926600
2024-01-17,375.20001220703125,380.20001220703125,374.1300048828125,377.17999267578125,357.4294738769531,2415100
2024-01-18,380.3299865722656,381.6400146484375,374.55999755859375,376.9100036621094,357.173583984375,1771200
2024-01-19,376.7300109863281,383.29998779296875,372.07000732421875,382.20001220703125,362.1866149902344,2603300
2024-01-22,386.3599853515625,392.7300109863281,384.55999755859375,385.9599914550781,365.749755859375,2922700
2024-01-23,379.9800109863281,383.3599853515625,378.6300048828125,380.7699890136719,360.8314514160156,3313300
2024-01-24,381.80999755859375,384.6099853515625,379.17999267578125,379.3999938964844,359.5332336425781,2235800
2024-01-25,382.69000244140625,386.7099914550781,382.010009765625,382.70001220703125,362.6604309082031,2376300
2024-01-26,378.6499938964844,380.8999938964844,376.75,377.7900085449219,358.00750732421875,3464700
2024-01-29,375.8900146484375,380.8399963378906,374.239990234375,380.55999755859375,360.6324768066406,1632300
2024-01-30,384.0,387.9200134277344,381.5899963378906,386.8699951171875,366.612060546875,3897900
2024-01-31,386.0,393.9100036621094,383.70001220703125,384.010009765625,363.9018249511719,3421100
2024-02-01,384.42999267578125,389.5400085449219,378.79998779296875,383.8500061035156,363.75018310546875,2138500
2024-02-02,381.79998779296875,388.739990234375,380.6000061035156,387.8599853515625,367.55023193359375,2180900
2024-02-05,384.6000061035156,385.3299865722656,381.0,383.0199890136719,362.963623046875,2231100
2024-02-06,383.0199890136719,386.82000732421875,383.0,384.989990234375,364.8305358886719,1487800
2024-02-07,385.30999755859375,387.07000732421875,382.5,386.6600036621094,366.4130859375,1963200
2024-02-08,386.0,388.1099853515625,381.3399963378906,385.0400085449219,364.87786865234375,1913700
2024-02-09,384.7699890136719,386.1300048828125,382.5899963378906,384.260009765625,364.13873291015625,2028200
2024-02-12,385.0,396.3500061035156,384.32000732421875,392.6400146484375,372.0799255371094,2797200
2024-02-13,387.5899963378906,389.1600036621094,375.20001220703125,378.75,358.9172058105469,3030800
2024-02-14,380.8800048828125,381.4800109863281,375.7799987792969,378.0400085449219,358.24444580078125,2041300
2024-02-15,379.4200134277344,387.2099914550781,379.1400146484375,385.4200134277344,365.23797607421875,2218900
2024-02-16,383.239990234375,387.5799865722656,380.95001220703125,384.44000244140625,364.309326171875,2376800
2024-02-20,380.95001220703125,385.5799865722656,380.8500061035156,384.5199890136719,364.3850402832031,2358900
2024-02-21,381.8399963378906,388.6600036621094,381.260009765625,388.2699890136719,367.9387512207031,1772500
2024-02-22,389.2300109863281,395.6000061035156,389.0,390.4700012207031,370.0235595703125,2326800
2024-02-23,390.0,396.7900085449219,389.2099914550781,391.04998779296875,370.57318115234375,2247400
2024-02-26,391.04998779296875,396.05999755859375,388.82000732421875,390.2200012207031,369.78662109375,1797800
2024-02-27,392.260009765625,395.8999938964844,389.3299865722656,390.80999755859375,370.3457336425781,1724900
2024-02-28,387.19000244140625,393.260009765625,387.0,393.17999267578125,375.2320251464844,2572900
2024-02-29,395.2200012207031,395.9800109863281,385.6700134277344,389.04998779296875,371.29052734375,3139100
2024-03-01,389.6300048828125,391.0400085449219,385.25,388.1000061035156,370.3839111328125,1697700
2024-03-04,388.80999755859375,396.57000732421875,386.20001220703125,392.25,374.3445129394531,1955100
2024-03-05,390.7200012207031,397.489990234375,390.30999755859375,390.9100036621094,373.0656433105469,2697800
2024-03-06,395.0,395.2900085449219,384.5199890136719,389.57000732421875,371.786865234375,2692400
2024-03-07,391.8999938964844,394.510009765625,387.05999755859375,388.42999267578125,370.6988830566406,2033100
2024-03-08,388.7300109863281,395.6199951171875,386.7099914550781,386.989990234375,369.3245849609375,1657200
2024-03-11,385.6700134277344,386.4100036621094,381.4200134277344,386.1600036621094,368.5325012207031,1654200
2024-03-12,387.6199951171875,389.1300048828125,383.7799987792969,388.17999267578125,370.4602966308594,1703900
2024-03-13,388.9100036621094,395.25,388.17999267578125,392.30999755859375,374.4017028808594,2370600
2024-03-14,394.42999267578125,396.3800048828125,385.45001220703125,388.6099853515625,370.87060546875,3029500
2024-03-15,388.8699951171875,391.1300048828125,386.3999938964844,387.2099914550781,369.5345458984375,3763900
2024-03-18,388.6499938964844,389.0299987792969,383.4100036621094,384.3699951171875,366.82415771484375,2069000
2024-03-19,384.07000732421875,390.7799987792969,383.7099914550781,388.6600036621094,370.9183654785156,1858200
2024-03-20,386.3599853515625,396.5,386.0,396.4700012207031,378.371826171875,2157400
2024-03-21,399.7699890136719,414.0199890136719,399.0899963378906,413.7099914550781,394.82489013671875,4613800
2024-03-22,414.3999938964844,416.760009765625,405.7799987792969,406.82000732421875,388.2494201660156,2190300
2024-03-25,406.8699951171875,410.4599914550781,403.8599853515625,404.94000244140625,386.4552307128906,1683900
2024-03-26,406.0899963378906,409.3299865722656,404.5199890136719,406.17999267578125,387.63861083984375,1407000
2024-03-27,409.6199951171875,415.489990234375,408.3699951171875,415.25,396.2945861816406,2353600
2024-03-28,416.2099914550781,419.20001220703125,414.9800109863281,417.69000244140625,398.6231994628906,2409700
2024-04-01,416.67999267578125,417.95001220703125,412.0,413.510009765625,394.634033203125,1863900
2024-04-02,410.739990234375,413.1700134277344,407.6199951171875,410.1499938964844,391.4273986816406,1976000
2024-04-03,411.0,416.6300048828125,411.0,414.0,395.1016540527344,1549200
2024-04-04,418.0,419.0,405.70001220703125,406.25,387.7054443359375,1704700
2024-04-05,406.55999755859375,409.1400146484375,401.4700012207031,408.07000732421875,389.4423522949219,1694900
2024-04-08,409.1000061035156,412.5299987792969,407.54998779296875,410.5400085449219,391.7995910644531,1181900
2024-04-09,411.510009765625,413.2200012207031,407.04998779296875,410.7099914550781,391.9618225097656,1247200
2024-04-10,404.010009765625,405.45001220703125,397.2900085449219,400.760009765625,382.4660339355469,1903300
2024-04-11,400.4800109863281,401.4700012207031,394.8399963378906,397.4800109863281,379.33575439453125,2176200
2024-04-12,392.8399963378906,394.0899963378906,387.1199951171875,389.489990234375,371.71038818359375,2815800
2024-04-15,407.0,412.8699951171875,398.69000244140625,400.8800048828125,382.5805358886719,6177000
2024-04-16,404.45001220703125,404.9700012207031,395.17999267578125,396.8599853515625,378.7440490722656,3459700
2024-04-17,402.3999938964844,407.1199951171875,401.17999267578125,403.9100036621094,385.4722595214844,4373800
2024-04-18,405.489990234375,407.8599853515625,402.4100036621094,403.1099853515625,384.708740234375,2776300
2024-04-19,404.05999755859375,408.0,403.010009765625,404.0,385.55810546875,2805500
2024-04-22,406.94000244140625,417.9800109863281,404.57000732421875,417.3500061035156,398.2986755371094,4165600
2024-04-23,417.7099914550781,425.3500061035156,416.20001220703125,424.0,404.6451416015625,2662300
2024-04-24,421.5,424.5799865722656,419.6099853515625,423.0400085449219,403.72900390625,1575900
2024-04-25,420.989990234375,423.6099853515625,414.8500061035156,420.04998779296875,400.87542724609375,1970100
2024-04-26,420.2300109863281,428.5299987792969,419.6400146484375,427.57000732421875,408.05224609375,2322700
2024-04-29,427.57000732421875,433.3299865722656,427.20001220703125,430.80999755859375,411.144287109375,2453000
2024-04-30,428.5,431.3900146484375,426.0,426.7099914550781,407.2314758300781,1829900
2024-05-01,426.69000244140625,433.42999267578125,425.19000244140625,426.95001220703125,407.46051025390625,2310100
2024-05-02,431.20001220703125,433.6499938964844,428.1700134277344,432.57000732421875,412.823974609375,2087500
2024-05-03,435.0,442.29998779296875,434.9200134277344,438.17999267578125,418.1778869628906,2406300
2024-05-06,441.75,444.3800048828125,439.67999267578125,443.6700134277344,423.4172668457031,1914300
2024-05-07,445.1700134277344,447.4200134277344,442.8699951171875,443.79998779296875,423.54132080078125,2058200
2024-05-08,442.79998779296875,448.0199890136719,442.04998779296875,446.95001220703125,426.54754638671875,2006700
2024-05-09,446.3399963378906,456.42999267578125,446.3399963378906,455.55999755859375,434.7644958496094,2710200
2024-05-10,456.5199890136719,458.75,454.32000732421875,454.7300109863281,433.9723815917969,1823900
2024-05-13,456.2699890136719,457.20001220703125,453.32000732421875,453.55999755859375,432.8558044433594,1579600
2024-05-14,454.8399963378906,461.7699890136719,454.010009765625,458.4700012207031,437.54168701171875,2412900
2024-05-15,461.5899963378906,466.19000244140625,460.95001220703125,466.0899963378906,444.8138427734375,2217700
2024-05-16,464.3699951171875,468.25,462.2799987792969,464.5199890136719,443.3154296875,2070300
2024-05-17,466.3800048828125,468.6600036621094,464.25,467.7200012207031,446.369384765625,1655900
2024-05-20,468.20001220703125,471.4800109863281,462.6000061035156,462.94000244140625,441.8076171875,2591500
2024-05-21,462.2300109863281,471.30999755859375,462.20001220703125,470.4100036621094,448.9366149902344,2762600
2024-05-22,467.3599853515625,470.3299865722656,459.75,462.3800048828125,441.2731628417969,2729500
2024-05-23,464.2300109863281,464.30999755859375,457.4100036621094,458.1499938964844,437.2362976074219,2254500
2024-05-24,459.8399963378906,465.25,459.1000061035156,461.17999267578125,440.1279602050781,1932200
2024-05-28,459.94000244140625,463.69000244140625,458.9100036621094,459.80999755859375,438.8204650878906,1930800
2024-05-29,454.8399963378906,458.739990234375,451.6499938964844,457.1700134277344,436.301025390625,2315700
2024-05-30,453.0,455.8599853515625,447.6000061035156,450.2300109863281,432.2780456542969,2135000
2024-05-31,449.760009765625,456.7699890136719,448.1199951171875,456.5199890136719,438.3172607421875,2638300
2024-06-03,458.8699951171875,458.8699951171875,450.20001220703125,454.9800109863281,436.83868408203125,1930700
2024-06-04,450.5,457.7099914550781,449.2099914550781,455.29998779296875,437.14593505859375,1835000
2024-06-05,457.54998779296875,463.0199890136719,457.5,461.67999267578125,443.2715148925781,1678900
2024-06-06,461.82000732421875,464.5199890136719,457.010009765625,458.1000061035156,439.83428955078125,1598000
2024-06-07,455.44000244140625,461.1600036621094,454.5,454.9100036621094,436.7714538574219,1736100
2024-06-10,452.3299865722656,455.3599853515625,450.29998779296875,453.54998779296875,435.4656982421875,1698600
2024-06-11,451.0400085449219,451.8599853515625,443.3800048828125,444.2699890136719,426.55572509765625,1938200
2024-06-12,455.6000061035156,457.6400146484375,446.19000244140625,448.70001220703125,430.80908203125,1733000
2024-06-13,446.7300109863281,448.32000732421875,442.1499938964844,446.3500061035156,428.5528259277344,1849100
2024-06-14,441.989990234375,448.2300109863281,439.1499938964844,446.4599914550781,428.65838623046875,1559100
2024-06-17,445.1000061035156,450.7799987792969,443.3900146484375,450.17999267578125,432.23004150390625,1531600
2024-06-18,449.57000732421875,457.69000244140625,448.510009765625,457.42999267578125,439.19091796875,1798400
2024-06-20,458.0,460.4100036621094,455.239990234375,458.04998779296875,439.7862548828125,2080600
2024-06-21,458.67999267578125,458.79998779296875,449.8999938964844,450.17999267578125,432.23004150390625,3780800
2024-06-24,451.25,463.5199890136719,450.0,462.0899963378906,443.6651611328125,1882200
2024-06-25,459.4599914550781,464.0799865722656,456.75,457.3800048828125,439.1429748535156,1555900
2024-06-26,455.4100036621094,457.92999267578125,452.45001220703125,455.8599853515625,437.68353271484375,2131700
2024-06-27,449.7799987792969,449.7799987792969,442.79998779296875,445.9599914550781,428.1783447265625,2835200
2024-06-28,450.1000061035156,457.3399963378906,449.5299987792969,452.32000732421875,434.28466796875,3839700
2024-07-01,454.510009765625,464.0199890136719,454.010009765625,463.6600036621094,445.172607421875,1850500
2024-07-02,461.510009765625,466.2699890136719,459.6000061035156,465.6099853515625,447.0447692871094,1491800
2024-07-03,469.0400085449219,469.8900146484375,465.82000732421875,467.9200134277344,449.2627258300781,993900
2024-07-05,467.4700012207031,467.5799865722656,460.1300048828125,464.75,446.2191467285156,1593800
2024-07-08,467.6499938964844,474.8599853515625,464.0400085449219,464.82000732421875,446.286376953125,2214300
2024-07-09,465.6000061035156,479.29998779296875,461.5799865722656,472.8299865722656,453.9769287109375,4525100
2024-07-10,472.510009765625,479.8599853515625,469.8500061035156,478.8900146484375,459.7953186035156,1946000
2024-07-11,480.0,483.1600036621094,476.2699890136719,479.2300109863281,460.12176513671875,2251400
2024-07-12,480.92999267578125,483.44000244140625,478.1000061035156,479.8800048828125,460.7458801269531,2727800
2024-07-15,480.25,493.0,476.30999755859375,492.2300109863281,472.60345458984375,3568200
2024-07-16,494.0,506.5899963378906,491.989990234375,503.0199890136719,482.9631652832031,3981700
2024-07-17,503.0,509.4800109863281,499.42999267578125,502.17999267578125,482.1566467285156,3908900
2024-07-18,499.5199890136719,503.69000244140625,484.2200012207031,486.2099914550781,466.82342529296875,3320200
2024-07-19,489.1199951171875,492.6000061035156,483.19000244140625,484.92999267578125,465.594482421875,2032700
2024-07-22,484.55999755859375,489.4700012207031,482.3800048828125,487.0400085449219,467.620361328125,1792500
2024-07-23,487.0799865722656,495.80999755859375,486.2799987792969,492.1499938964844,472.5265808105469,2020500
2024-07-24,489.260009765625,495.989990234375,485.82000732421875,486.70001220703125,467.29388427734375,1598600
2024-07-25,486.04998779296875,496.1099853515625,483.2300109863281,491.7099914550781,472.1041259765625,1489700
2024-07-26,495.7200012207031,504.0,495.6499938964844,499.0299987792969,479.1322937011719,2249700
2024-07-29,500.4200134277344,502.0,491.05999755859375,492.7200012207031,473.0738525390625,1599500
2024-07-30,498.30999755859375,509.4700012207031,498.29998779296875,505.6700134277344,485.50750732421875,2642500
2024-07-31,504.8599853515625,517.260009765625,504.8599853515625,509.0299987792969,488.7334899902344,2658900
2024-08-01,510.0,514.02001953125,494.67999267578125,500.1199951171875,480.17877197265625,4006800
2024-08-02,491.1000061035156,494.4599914550781,467.2099914550781,470.6400146484375,451.874267578125,6115500
2024-08-05,447.5899963378906,463.17999267578125,437.3699951171875,459.0199890136719,440.717529296875,4177200
2024-08-06,461.010009765625,475.25,457.42999267578125,470.2200012207031,451.47100830078125,2209300
2024-08-07,479.3900146484375,488.54998779296875,472.57000732421875,473.010009765625,454.1497802734375,2587600
2024-08-08,477.8699951171875,487.7300109863281,477.1600036621094,485.7699890136719,466.4010009765625,1936400
2024-08-09,485.0199890136719,492.0,482.20001220703125,490.260009765625,470.7119445800781,1622700
2024-08-12,490.260009765625,492.8699951171875,483.75,485.5,466.1416931152344,1839300
2024-08-13,490.2900085449219,493.2699890136719,486.4700012207031,491.94000244140625,472.3249816894531,1243700
2024-08-14,492.8999938964844,499.3500061035156,488.3999938964844,498.70001220703125,478.8154296875,1545600
2024-08-15,505.0,506.9100036621094,498.260009765625,499.0199890136719,479.1226501464844,1732300
2024-08-16,497.04998779296875,504.9100036621094,497.0,504.260009765625,484.1537170410156,1587000
2024-08-19,505.0,507.7799987792969,501.8599853515625,504.67999267578125,484.5569763183594,1027900
2024-08-20,503.8699951171875,504.1600036621094,496.5,497.3399963378906,477.5096740722656,2122700
2024-08-21,499.5,500.7799987792969,494.0299987792969,496.4599914550781,476.664794921875,917100
2024-08-22,497.0,499.70001220703125,494.7900085449219,497.75,477.9033203125,943800
2024-08-23,502.75,512.4400024414062,499.8500061035156,509.4200134277344,489.1080017089844,1751800
2024-08-26,512.3400268554688,513.5,505.32000732421875,507.8699951171875,487.6197509765625,1084200
2024-08-27,507.8399963378906,511.4800109863281,506.5899963378906,507.260009765625,487.03411865234375,977900
2024-08-28,506.6000061035156,508.3699951171875,498.4700012207031,503.3299865722656,483.26080322265625,1568100
2024-08-29,506.0,513.239990234375,501.1400146484375,510.1000061035156,489.7608642578125,1566300
2024-08-30,507.8299865722656,511.19000244140625,505.1700134277344,510.25,492.80316162109375,1838900
2024-09-03,507.4700012207031,509.70001220703125,485.3999938964844,487.4599914550781,470.7924499511719,2373600
2024-09-04,486.70001220703125,496.20001220703125,486.70001220703125,490.6400146484375,473.8636779785156,1509400
2024-09-05,493.5799865722656,495.7699890136719,483.07000732421875,487.8800048828125,471.19805908203125,1828300
2024-09-06,486.6000061035156,495.4100036621094,477.05999755859375,479.6099853515625,463.2107849121094,1995600
2024-09-09,485.5299987792969,494.2799987792969,483.3900146484375,488.57000732421875,471.8644714355469,1714200
2024-09-10,489.1300048828125,489.20001220703125,461.57000732421875,467.1300048828125,451.15753173828125,3583100
2024-09-11,463.9800109863281,471.8900146484375,457.4800109863281,471.1700134277344,455.0594482421875,2426500
2024-09-12,471.29998779296875,474.3399963378906,465.3999938964844,474.05999755859375,457.8505554199219,1480500
2024-09-13,475.989990234375,482.1000061035156,475.5,478.989990234375,462.6120300292969,1794500
2024-09-16,481.42999267578125,487.3800048828125,479.489990234375,485.1600036621094,468.571044921875,1500300
2024-09-17,488.0,489.7300109863281,481.79998779296875,485.3900146484375,468.7932434082031,1444900
2024-09-18,485.3999938964844,492.989990234375,481.7699890136719,484.5799865722656,468.0108642578125,1699500
2024-09-19,494.739990234375,506.4100036621094,493.4599914550781,503.8299865722656,486.6026611328125,3060700
2024-09-20,500.19000244140625,502.04998779296875,495.4800109863281,498.42999267578125,481.3873291015625,4452600
2024-09-23,498.2099914550781,501.3999938964844,495.2200012207031,497.4100036621094,480.4022216796875,953200
2024-09-24,497.5899963378906,499.55999755859375,494.1000061035156,498.0199890136719,480.9913024902344,1035400
2024-09-25,498.5,502.0,490.3999938964844,491.1400146484375,474.3465576171875,1763900
2024-09-26,494.0,498.3999938964844,492.4800109863281,496.9200134277344,479.928955078125,1378100
2024-09-27,498.9700012207031,505.3999938964844,495.8599853515625,498.510009765625,481.464599609375,1420100
2024-09-30,494.8900146484375,496.5199890136719,488.8999938964844,495.1099853515625,478.18084716796875,1602500
2024-10-01,494.5799865722656,494.5799865722656,484.6099853515625,490.1700134277344,473.4097900390625,1528600
2024-10-02,491.1700134277344,494.8599853515625,487.95001220703125,491.989990234375,475.16748046875,1445100
2024-10-03,489.92999267578125,490.510009765625,484.20001220703125,486.1000061035156,469.4789123535156,1290600
2024-10-04,495.6400146484375,496.30999755859375,486.0,495.1600036621094,478.22918701171875,1721600
2024-10-07,494.6300048828125,499.010009765625,490.7900085449219,494.6199951171875,477.70758056640625,1173300
2024-10-08,497.0,498.3399963378906,492.7799987792969,496.57000732421875,479.5909118652344,1296700
2024-10-09,498.20001220703125,506.2699890136719,495.25,505.17999267578125,487.90655517578125,1695900
2024-10-10,506.30999755859375,506.79998779296875,499.5899963378906,503.7200012207031,486.4964599609375,1309000
2024-10-11,508.0,517.969970703125,507.79998779296875,516.2999877929688,498.6462707519531,2409700
2024-10-14,517.6500244140625,523.0700073242188,515.510009765625,522.75,504.8757629394531,2174900
2024-10-15,538.7999877929688,540.510009765625,515.510009765625,522.3800048828125,504.5184326171875,4525400
2024-10-16,530.0,536.219970703125,525.97998046875,529.8599853515625,511.7425842285156,2649000
2024-10-17,531.239990234375,535.2899780273438,528.22998046875,529.0,510.9120788574219,2123500
2024-10-18,529.3900146484375,530.77001953125,526.8699951171875,528.5,510.42919921875,1779200
2024-10-21,528.0,529.8499755859375,517.0,517.7999877929688,500.094970703125,1752100
2024-10-22,515.6099853515625,519.6300048828125,512.9400024414062,518.2999877929688,500.5779113769531,1588000
2024-10-23,515.7999877929688,520.0,513.4000244140625,517.2000122070312,499.51556396484375,1263200
2024-10-24,519.0,525.0,518.2000122070312,524.5,506.56585693359375,2058200
2024-10-25,528.0499877929688,528.7999877929688,510.739990234375,512.5999755859375,495.0727844238281,1633200
2024-10-28,515.4000244140625,524.5900268554688,514.97998046875,523.5800170898438,505.67742919921875,1687100
2024-10-29,521.1799926757812,527.239990234375,521.0,524.280029296875,506.3534851074219,1281600
2024-10-30,523.4000244140625,530.7899780273438,523.0700073242188,524.4000244140625,506.4693298339844,1441600
2024-10-31,522.4400024414062,525.0,514.530029296875,517.7899780273438,500.0853271484375,2061700
2024-11-01,520.0,526.6400146484375,517.0399780273438,519.3499755859375,501.5920104980469,1625000
2024-11-04,518.0,518.0499877929688,510.510009765625,511.4700012207031,493.98150634765625,1797800
2024-11-05,513.0,527.4600219726562,512.5999755859375,526.9600219726562,508.9418029785156,2169900
2024-11-06,567.2999877929688,598.6099853515625,566.0999755859375,595.97998046875,575.601806640625,8042800
2024-11-07,590.0,595.0,581.52001953125,582.1699829101562,562.2640380859375,4475600
2024-11-08,586.4199829101562,595.1500244140625,581.2999877929688,589.260009765625,569.111572265625,2714000
2024-11-11,598.9000244140625,607.1500244140625,596.1699829101562,602.3400268554688,581.7444458007812,2510800
2024-11-12,598.0499877929688,602.0900268554688,591.469970703125,592.5900268554688,572.3276977539062,2392900
2024-11-13,594.6300048828125,603.5499877929688,592.6500244140625,594.219970703125,573.9019165039062,1763100
2024-11-14,600.0,601.530029296875,586.239990234375,588.6099853515625,568.4838256835938,1670500
2024-11-15,593.3599853515625,595.1400146484375,587.0900268554688,593.5399780273438,573.2452392578125,2007700
2024-11-18,594.7100219726562,595.0700073242188,584.719970703125,587.989990234375,567.8849487304688,1848900
2024-11-19,579.6599731445312,584.760009765625,575.510009765625,581.3800048828125,561.5010375976562,2217400
2024-11-20,583.8300170898438,587.7999877929688,576.6199951171875,581.9299926757812,562.0322265625,1528600
2024-11-21,586.510009765625,600.7000122070312,584.510009765625,596.1099853515625,575.727294921875,2281900
2024-11-22,596.219970703125,603.9400024414062,594.4400024414062,602.780029296875,582.1693725585938,1733700
2024-11-25,608.7899780273438,611.2999877929688,598.8300170898438,603.030029296875,582.4108276367188,2940800
2024-11-26,600.1300048828125,607.1900024414062,593.0,605.5,584.7962646484375,2846500
2024-11-27,607.6799926757812,612.25,603.280029296875,605.4299926757812,584.7286987304688,1424500
2024-11-29,609.3099975585938,612.72998046875,607.0599975585938,608.5700073242188,587.7614135742188,1170200
2024-12-02,608.0,611.9099731445312,601.2999877929688,601.7100219726562,584.014892578125,1804100
2024-12-03,608.9600219726562,611.4199829101562,600.7999877929688,602.0800170898438,584.3740234375,1718100
2024-12-04,603.0,604.280029296875,596.760009765625,598.7100219726562,581.1031494140625,1617300
2024-12-05,600.530029296875,606.5599975585938,596.3499755859375,596.7999877929688,579.2493286132812,1672800
2024-12-06,597.1599731445312,600.0,594.3699951171875,599.6799926757812,582.0445556640625,1405700
2024-12-09,598.989990234375,603.0,593.719970703125,594.1199951171875,576.64794921875,1633200
2024-12-10,590.0,596.27001953125,583.760009765625,585.030029296875,567.8253784179688,2600800
2024-12-11,590.1199951171875,593.7100219726562,586.9000244140625,592.5599975585938,575.1338500976562,2195300
2024-12-12,592.5900268554688,596.3200073242188,588.6099853515625,591.6099853515625,574.2117919921875,1218400
2024-12-13,594.0,595.0,585.0800170898438,585.47998046875,568.2621459960938,1215000
2024-12-16,588.0,588.27001953125,578.7000122070312,586.3300170898438,569.087158203125,1713300
2024-12-17,580.8400268554688,581.6099853515625,572.2899780273438,574.6799926757812,557.77978515625,2314100
2024-12-18,577.489990234375,579.469970703125,544.489990234375,550.25,534.0681762695312,3271600
2024-12-19,561.4400024414062,567.0,553.5999755859375,553.989990234375,537.6981811523438,2753300
2024-12-20,554.9400024414062,572.9000244140625,553.3800048828125,566.0999755859375,549.4520263671875,4515900
2024-12-23,565.0,571.6400146484375,561.7999877929688,570.780029296875,553.994384765625,1519500
2024-12-24,574.2000122070312,582.7899780273438,571.3599853515625,582.7899780273438,565.6513061523438,913400
2024-12-26,578.1500244140625,582.5900268554688,577.5,581.22998046875,564.1371459960938,1092000
2024-12-27,577.0,581.9600219726562,571.3499755859375,576.1799926757812,559.2357177734375,1486000
2024-12-30,567.27001953125,576.02001953125,565.0999755859375,573.5499877929688,556.6829833984375,1265900
2024-12-31,575.0700073242188,576.9199829101562,570.4000244140625,572.6199951171875,555.7802734375,1055800
2025-01-02,579.3099975585938,584.3099975585938,569.739990234375,574.969970703125,558.0612182617188,2219000
2025-01-03,581.0,582.1400146484375,571.72998046875,580.1300048828125,563.0695190429688,1422600
2025-01-06,584.97998046875,593.6500244140625,579.8200073242188,583.3900146484375,566.2337036132812,2257000
2025-01-07,587.1099853515625,588.280029296875,568.4000244140625,580.1199951171875,563.059814453125,2021900
2025-01-08,581.0399780273438,581.2000122070312,572.6699829101562,580.02001953125,562.9627685546875,1513400
2025-01-10,576.25,576.25,558.010009765625,560.0,543.531494140625,2817900
2025-01-13,557.8800048828125,566.1900024414062,556.760009765625,562.9500122070312,546.3947143554688,1871200
2025-01-14,569.6599731445312,573.5900268554688,565.2000122070312,571.530029296875,554.7223510742188,2221900
2025-01-15,598.0,609.4099731445312,593.0,605.9199829101562,588.10107421875,5119800
2025-01-16,609.989990234375,616.8400268554688,606.0,612.989990234375,594.963134765625,3224500
2025-01-17,617.7999877929688,627.0,613.0,625.9400024414062,607.5322875976562,3425200
2025-01-21,616.8099975585938,635.4299926757812,609.0,634.739990234375,616.073486328125,5076700
2025-01-22,633.4400024414062,635.5999755859375,629.7100219726562,632.72998046875,614.1226196289062,2835700
2025-01-23,634.9199829101562,645.5399780273438,634.489990234375,639.5,620.6935424804688,2582700
2025-01-24,630.0,640.5999755859375,628.9600219726562,636.9000244140625,618.1699829101562,3183500
2025-01-27,625.0,635.7100219726562,624.4600219726562,633.280029296875,614.6565551757812,3351700
2025-01-28,632.2000122070312,639.0800170898438,631.8099975585938,637.7999877929688,619.04345703125,2338000
2025-01-29,637.0,649.0,636.4099731445312,637.3800048828125,618.6358642578125,1918900
2025-01-30,644.489990234375,649.52001953125,641.0,645.7000122070312,626.711181640625,1812800
2025-01-31,650.0,650.0,637.4400024414062,640.4000244140625,621.567138671875,1995100
2025-02-03,626.0,638.47998046875,622.47998046875,632.3699951171875,613.7732543945312,2102600
2025-02-04,632.0,637.6699829101562,629.0900268554688,634.1799926757812,615.530029296875,1743400
2025-02-05,638.0,646.4099731445312,635.530029296875,645.4500122070312,626.4685668945312,1908200
2025-02-06,650.0,658.8499755859375,648.9400024414062,658.219970703125,638.8629760742188,2439200
2025-02-07,659.4000244140625,663.8699951171875,653.1599731445312,655.9000244140625,636.6112060546875,2616700
2025-02-10,659.02001953125,662.489990234375,644.25,650.530029296875,631.399169921875,2351600
2025-02-11,646.780029296875,649.0399780273438,643.5999755859375,647.239990234375,628.2059936523438,2711400
2025-02-12,643.760009765625,650.469970703125,639.1099853515625,649.0,629.9141235351562,2295800
2025-02-13,651.8300170898438,652.0,640.510009765625,648.9500122070312,629.8656616210938,2031800
2025-02-14,650.3200073242188,663.260009765625,650.3200073242188,660.5499877929688,641.1244506835938,2246000
2025-02-18,662.5900268554688,672.1900024414062,661.02001953125,672.1900024414062,652.4221801757812,2350100
2025-02-19,669.0800170898438,671.0399780273438,663.280029296875,668.1500244140625,648.5010375976562,1953600
2025-02-20,668.030029296875,670.280029296875,631.6599731445312,642.260009765625,623.3723754882812,3929000
2025-02-21,644.75,647.5,623.4299926757812,625.5999755859375,607.2022705078125,3000800
2025-02-24,633.510009765625,637.2999877929688,614.7999877929688,626.1400146484375,607.7264404296875,3274100
2025-02-25,628.530029296875,631.3200073242188,606.0,614.9099731445312,596.82666015625,2885900
2025-02-26,616.6699829101562,623.1300048828125,615.2000122070312,617.77001953125,599.6026000976562,2001200
2025-02-27,617.5399780273438,625.22998046875,607.3099975585938,608.0,590.119873046875,2396300
2025-02-28,607.7899780273438,623.6500244140625,604.010009765625,622.2899780273438,606.9845581054688,3337200
2025-03-03,622.4000244140625,628.780029296875,598.3200073242188,605.260009765625,590.37353515625,3152300
2025-03-04,595.97998046875,600.0,567.5700073242188,581.1400146484375,566.8466796875,4061000
2025-03-05,582.0900268554688,597.1199951171875,576.780029296875,593.0700073242188,578.4832763671875,2600600
2025-03-06,580.5900268554688,586.7100219726562,564.6199951171875,567.6699829101562,553.7080078125,4332300
2025-03-07,568.1699829101562,568.1699829101562,544.9099731445312,559.6699829101562,545.9047241210938,4069600
2025-03-10,542.2999877929688,546.469970703125,523.1300048828125,531.6599731445312,518.5836791992188,5272100
2025-03-11,532.469970703125,539.989990234375,524.2000122070312,531.4299926757812,518.359375,4190500
2025-03-12,544.0,545.0,528.5900268554688,535.7100219726562,522.5341186523438,3078100
2025-03-13,535.6699829101562,538.1400146484375,520.0599975585938,524.8099975585938,511.9021911621094,2529100
2025-03-14,533.989990234375,543.5700073242188,526.7000122070312,541.4099731445312,528.0938110351562,2808100
2025-03-17,541.22998046875,557.1599731445312,540.0,551.3400268554688,537.7796630859375,2695600
2025-03-18,550.2899780273438,553.75,546.6500244140625,551.780029296875,538.2088623046875,2641000
2025-03-19,549.0,563.0,544.5999755859375,557.3400268554688,543.632080078125,2769800
2025-03-20,553.0999755859375,568.4400024414062,552.0,562.6799926757812,548.8407592773438,2531300
2025-03-21,555.3300170898438,567.0,551.2100219726562,565.1400146484375,551.2402954101562,3565600
2025-03-24,575.0,582.719970703125,573.0499877929688,580.0999755859375,565.832275390625,1877700
2025-03-25,584.6900024414062,586.8900146484375,578.2100219726562,585.9400024414062,571.5286865234375,1875500
2025-03-26,588.3900146484375,592.6400146484375,571.0,573.9199829101562,559.8042602539062,1944200
2025-03-27,565.0,566.0,552.5499877929688,558.9199829101562,545.1731567382812,2100900
2025-03-28,555.9500122070312,560.5,537.7100219726562,543.1199951171875,529.7619018554688,2773100
2025-03-31,533.8200073242188,547.3900146484375,528.5900268554688,546.2899780273438,532.8538818359375,2455100
2025-04-01,543.25,551.9600219726562,533.239990234375,548.4500122070312,534.9607543945312,1869600
2025-04-02,539.7999877929688,567.3200073242188,539.0800170898438,563.0999755859375,549.2504272460938,2560700
2025-04-03,525.4299926757812,529.989990234375,509.55999755859375,511.2300109863281,498.6561584472656,5193900
2025-04-04,487.0,492.0,460.0,470.80999755859375,459.2303161621094,8105200
2025-04-07,446.8999938964844,489.9800109863281,439.3800048828125,465.510009765625,454.0606994628906,6353800
2025-04-08,488.25,491.9200134277344,452.8299865722656,462.2200012207031,450.8515625,4240900
2025-04-09,451.3599853515625,522.0,447.1099853515625,516.8699951171875,504.1574401855469,7024100
2025-04-10,503.1000061035156,503.1000061035156,474.0,489.79998779296875,477.7532043457031,5374500
2025-04-11,487.0,498.5199890136719,478.5799865722656,494.44000244140625,482.2791442871094,3770200
2025-04-14,510.0,512.0,497.1499938964844,503.9800109863281,491.58447265625,4392600
2025-04-15,507.4100036621094,518.6500244140625,507.0,507.8900146484375,495.3983459472656,2501200
2025-04-16,501.7200012207031,509.45001220703125,492.69000244140625,499.04998779296875,486.7757263183594,2765600
2025-04-17,503.239990234375,514.8300170898438,499.1199951171875,509.489990234375,496.9589538574219,2593500
2025-04-21,505.3999938964844,509.2699890136719,494.67999267578125,501.3599853515625,489.0289001464844,2859300
2025-04-22,510.2300109863281,521.0,508.92999267578125,519.989990234375,507.20068359375,2514600
2025-04-23,533.6300048828125,551.7899780273438,528.260009765625,529.3099975585938,516.2914428710938,3048100
2025-04-24,527.0999755859375,546.8400268554688,523.4199829101562,545.3699951171875,531.9564819335938,2223600
2025-04-25,544.5999755859375,549.0900268554688,541.219970703125,544.8599853515625,531.4590454101562,1612700
2025-04-28,544.8599853515625,554.5,542.469970703125,546.4000244140625,532.961181640625,1459700
2025-04-29,543.7899780273438,550.8800048828125,541.2999877929688,548.9199829101562,535.419189453125,1695600
2025-04-30,535.760009765625,549.52001953125,531.4500122070312,547.5499877929688,534.0828247070312,2438300
2025-05-01,548.0999755859375,558.3499755859375,545.5,553.8300170898438,540.2084350585938,2583000
2025-05-02,561.5800170898438,569.780029296875,559.7000122070312,566.0999755859375,552.1765747070312,2883000
2025-05-05,558.3599853515625,566.5599975585938,557.5,559.5599975585938,545.7974243164062,2197200
2025-05-06,549.5999755859375,557.4400024414062,547.0599975585938,549.3599853515625,535.8483276367188,2902500
2025-05-07,550.2100219726562,555.3800048828125,547.739990234375,551.9199829101562,538.3453369140625,1954900
2025-05-08,558.8200073242188,572.1599731445312,558.2100219726562,565.7000122070312,551.7864990234375,1994600
2025-05-09,570.25,572.0999755859375,565.780029296875,567.0999755859375,553.1520385742188,1522500
2025-05-12,596.260009765625,603.3699951171875,588.0800170898438,591.3400268554688,576.7958374023438,3527700
2025-05-13,593.2999877929688,607.7100219726562,593.0599975585938,603.8099975585938,588.9591064453125,2765800
2025-05-14,603.7999877929688,615.0,602.5,611.5999755859375,596.5574951171875,2874400
2025-05-15,609.72998046875,619.2100219726562,609.72998046875,615.9000244140625,600.7517700195312,2428100
2025-05-16,616.9500122070312,620.7899780273438,613.5599975585938,619.030029296875,603.8048706054688,2021800
2025-05-19,609.1900024414062,619.3800048828125,598.3400268554688,612.2999877929688,597.2403564453125,2842100
2025-05-20,607.75,611.5499877929688,603.010009765625,606.52001953125,591.6025390625,1601600
2025-05-21,601.7999877929688,609.8699951171875,592.0,593.4600219726562,578.8637084960938,2635900
2025-05-22,592.5499877929688,602.2000122070312,592.510009765625,598.22998046875,583.5164184570312,1939600
2025-05-23,585.0,601.9600219726562,582.5,598.5399780273438,583.8187866210938,1530600
2025-05-27,605.9000244140625,617.6699829101562,604.9500122070312,615.72998046875,600.5859375,2364700
2025-05-28,617.280029296875,618.6300048828125,607.3099975585938,608.4400024414062,593.4752807617188,2001900
2025-05-29,608.52001953125,610.0,598.2999877929688,604.8599853515625,589.9832763671875,1736100
2025-05-30,600.0,603.5999755859375,593.8300170898438,600.4500122070312,588.6011352539062,2129500
2025-06-02,598.5999755859375,599.1699829101562,592.1699829101562,598.719970703125,586.9052124023438,1221200
2025-06-03,600.0,606.3200073242188,593.72998046875,603.8300170898438,591.9143676757812,1730300
2025-06-04,605.47998046875,606.3300170898438,598.719970703125,599.2100219726562,587.3856201171875,1294900
2025-06-05,600.0,609.719970703125,592.9000244140625,605.8800048828125,593.9239501953125,2086700
2025-06-06,613.0,621.3800048828125,610.0,614.0,601.8837280273438,1675900
2025-06-09,614.75,619.0999755859375,611.010009765625,613.52001953125,601.4132690429688,1610700
2025-06-10,613.0,616.5499877929688,609.3099975585938,614.8699951171875,602.7365112304688,1376400
2025-06-11,617.1799926757812,629.8400268554688,614.5900268554688,624.1699829101562,611.8530883789062,2063600
2025-06-12,621.0,626.010009765625,615.7999877929688,625.1099853515625,612.7745361328125,1634700
2025-06-13,616.0499877929688,620.1199951171875,609.5900268554688,613.5399780273438,601.4327392578125,1674800
2025-06-16,619.0,632.27001953125,618.0,627.8499755859375,615.46044921875,1870400
2025-06-17,624.7000122070312,631.6699829101562,623.0,624.6400146484375,612.3137817382812,1479300
2025-06-18,624.510009765625,639.8800048828125,623.6500244140625,635.239990234375,622.7045288085938,2423100
2025-06-20,638.8300170898438,642.6400146484375,636.6900024414062,640.7999877929688,628.1549072265625,4115400
2025-06-23,639.260009765625,647.4199829101562,630.010009765625,646.8800048828125,634.1149291992188,2020800
2025-06-24,654.4500122070312,663.77001953125,653.239990234375,662.1099853515625,649.0443725585938,2307800
2025-06-25,664.5999755859375,670.1199951171875,660.7899780273438,669.8699951171875,656.6512451171875,1566400
2025-06-26,670.6199951171875,689.3300170898438,670.510009765625,687.1599731445312,673.60009765625,2849500
2025-06-27,691.0,694.2000122070312,685.3900146484375,690.8099975585938,677.1780395507812,3650500
2025-06-30,714.27001953125,714.2999877929688,702.9500122070312,707.75,693.78369140625,3976400
2025-07-01,708.0,713.010009765625,700.6099853515625,706.4600219726562,692.519287109375,3301000
2025-07-02,708.7999877929688,718.72998046875,705.0800170898438,715.8900146484375,701.7631225585938,2906500
2025-07-03,715.9099731445312,726.0,713.4000244140625,723.6799926757812,709.3994140625,1502000
2025-07-07,721.7000122070312,723.969970703125,706.3400268554688,710.9299926757812,696.9010009765625,2863700
2025-07-08,710.719970703125,711.1900024414062,693.77001953125,697.280029296875,683.5203857421875,3100700
2025-07-09,704.3400268554688,704.3400268554688,694.7100219726562,696.5599975585938,682.8146362304688,1763400
2025-07-10,696.739990234375,710.3800048828125,696.4500122070312,709.1199951171875,695.126708984375,1733500
2025-07-11,703.5900268554688,706.0,700.22998046875,704.9500122070312,691.0390625,1681800
2025-07-14,704.739990234375,713.4299926757812,702.1300048828125,713.2999877929688,699.2241821289062,1909300
2025-07-15,713.2999877929688,714.6900024414062,700.0399780273438,702.510009765625,688.6471557617188,1981200
2025-07-16,708.5,709.780029296875,691.2999877929688,708.8200073242188,694.8326416015625,3323200
2025-07-17,706.280029296875,717.4500122070312,704.280029296875,705.8400268554688,691.9114379882812,2046100
2025-07-18,707.0599975585938,710.2899780273438,698.3900146484375,708.260009765625,694.2837524414062,1925200
2025-07-21,709.1400146484375,712.760009765625,704.3499755859375,706.0,692.0682373046875,2006500
2025-07-22,703.6599731445312,706.489990234375,691.8800048828125,700.4099731445312,686.588623046875,1978900
2025-07-23,702.0,719.010009765625,701.5,717.52001953125,703.3609619140625,2395700
2025-07-24,718.9299926757812,725.77001953125,714.72998046875,719.1799926757812,704.9881591796875,1974700
2025-07-25,720.760009765625,729.8900146484375,718.3499755859375,728.97998046875,714.5947875976562,1851400
2025-07-28,728.0,732.52001953125,722.1699829101562,723.6500244140625,709.3699340820312,1464800
2025-07-29,726.8499755859375,734.1300048828125,722.4199829101562,731.97998046875,717.53564453125,2136000
2025-07-30,731.1400146484375,737.8800048828125,723.1799926757812,730.75,716.3298950195312,1816200
2025-07-31,726.5900268554688,734.0399780273438,720.4400024414062,723.5900268554688,709.311279296875,2358100
2025-08-01,710.510009765625,714.52001953125,694.0499877929688,709.5700073242188,695.5678100585938,2999100
2025-08-04,715.2000122070312,726.7899780273438,715.2000122070312,726.030029296875,711.7030639648438,1753700
2025-08-05,728.0,729.4000244140625,714.5499877929688,720.9099731445312,706.6839599609375,1977300
2025-08-06,724.5,728.2999877929688,722.0,724.739990234375,710.4384155273438,1477100
2025-08-07,730.6199951171875,732.9400024414062,717.6099853515625,719.739990234375,705.5371704101562,1400400
2025-08-08,725.8599853515625,728.0,718.6500244140625,721.27001953125,707.0370483398438,1275400
2025-08-11,722.2000122070312,723.8400268554688,715.739990234375,719.239990234375,705.0469970703125,1273500
2025-08-12,725.280029296875,748.1400146484375,724.3499755859375,743.3800048828125,728.710693359375,2418100
2025-08-13,745.780029296875,748.9099731445312,732.6199951171875,744.6900024414062,729.9948120117188,1862600
2025-08-14,742.719970703125,748.1599731445312,737.0,747.2000122070312,732.4552612304688,1371200
2025-08-15,749.0,749.0499877929688,729.1799926757812,730.719970703125,716.3004760742188,1645900
2025-08-18,729.5,731.6099853515625,723.8699951171875,730.9600219726562,716.5358276367188,1157800
2025-08-19,729.1599731445312,730.0,717.72998046875,721.3800048828125,707.144775390625,1856400
2025-08-20,721.2000122070312,722.25,705.5499877929688,720.6799926757812,706.4586181640625,1872700
2025-08-21,716.5399780273438,719.219970703125,712.969970703125,715.9500122070312,701.8219604492188,1162000
2025-08-22,720.1400146484375,744.8400268554688,718.5800170898438,741.8900146484375,727.2500610351562,1948600
2025-08-25,741.8900146484375,746.5,738.3300170898438,738.7899780273438,724.2112426757812,1381200
2025-08-26,737.7100219726562,749.1599731445312,733.8599853515625,748.9500122070312,734.1707153320312,1511600
2025-08-27,745.969970703125,753.0,745.02001953125,749.6699829101562,734.87646484375,1534800
2025-08-28,750.989990234375,753.3300170898438,746.989990234375,751.219970703125,736.3959350585938,1411200
2025-08-29,746.7100219726562,748.9199829101562,738.9000244140625,745.25,734.4545288085938,1467000
2025-09-02,736.3900146484375,736.3900146484375,721.1599731445312,730.8499755859375,720.2630615234375,2296400
2025-09-03,728.5599975585938,732.02001953125,722.2999877929688,730.5599975585938,719.977294921875,1485600
2025-09-04,733.75,748.9099731445312,731.1699829101562,748.9000244140625,738.0516357421875,1778200
2025-09-05,752.1900024414062,757.3499755859375,727.1500244140625,738.2100219726562,727.5164794921875,1822800
2025-09-08,739.4199829101562,743.5399780273438,733.5700073242188,741.8499755859375,731.1036987304688,1400100
2025-09-09,740.1300048828125,765.6199951171875,738.5399780273438,763.9199829101562,752.8539428710938,2611300
2025-09-10,761.8599853515625,774.469970703125,761.6300048828125,769.5800170898438,758.4320068359375,1996200
2025-09-11,772.0,793.1699829101562,771.3499755859375,784.72998046875,773.3624877929688,2075700
2025-09-12,783.5,787.030029296875,776.260009765625,780.0599975585938,768.7601928710938,1099400
2025-09-15,782.9500122070312,792.3800048828125,781.4400024414062,786.760009765625,775.3631591796875,1292000
2025-09-16,789.530029296875,790.010009765625,779.6900024414062,785.530029296875,774.1510009765625,1529500
2025-09-17,788.8599853515625,798.5700073242188,785.22998046875,794.219970703125,782.715087890625,1945300
2025-09-18,795.5700073242188,807.280029296875,792.4000244140625,804.3099975585938,792.658935546875,1501600
2025-09-19,804.0900268554688,809.6599731445312,797.3699951171875,805.0,793.3389282226562,3789800
2025-09-22,801.1400146484375,806.030029296875,797.5399780273438,805.5599975585938,793.890869140625,1151000
2025-09-23,807.0999755859375,825.25,802.0,806.3200073242188,794.6398315429688,1758800
2025-09-24,809.5499877929688,812.8400268554688,792.3400268554688,792.4299926757812,780.9510498046875,1402500
2025-09-25,786.0,798.1799926757812,782.010009765625,794.760009765625,783.247314453125,1413100
2025-09-26,797.1599731445312,809.5,795.1300048828125,802.510009765625,790.885009765625,1376200
2025-09-29,807.7999877929688,808.8400268554688,797.989990234375,804.1199951171875,792.4716796875,1059000
2025-09-30,805.5,809.6199951171875,786.4500122070312,796.3499755859375,784.814208984375,2463900
2025-10-01,793.6199951171875,796.280029296875,783.22998046875,785.510009765625,774.1312866210938,1788900
2025-10-02,788.8800048828125,791.0,772.4400024414062,779.3800048828125,768.090087890625,1553700
2025-10-03,783.0,794.9199829101562,777.8599853515625,789.97998046875,778.5364990234375,1470500
2025-10-06,795.0,802.5,780.0499877929688,796.780029296875,785.238037109375,1632600
2025-10-07,798.0,805.3200073242188,781.3900146484375,789.6500244140625,778.2113647460938,1547200
2025-10-08,791.75,795.0,774.3400268554688,776.510009765625,765.2615966796875,1939300
2025-10-09,778.8499755859375,782.9099731445312,771.3499755859375,779.9600219726562,768.6616821289062,1575000
2025-10-10,783.1199951171875,791.6599731445312,764.0,764.3599853515625,753.2876586914062,2457900
2025-10-13,777.8800048828125,791.0499877929688,777.8800048828125,786.780029296875,775.3828735351562,2766000
2025-10-14,764.4500122070312,786.5700073242188,742.4600219726562,770.760009765625,759.594970703125,4710800
2025-10-15,778.6199951171875,782.489990234375,762.6599731445312,767.9299926757812,756.805908203125,3217400
2025-10-16,770.6599731445312,781.4400024414062,752.4099731445312,758.0900268554688,747.1084594726562,3160900
2025-10-17,758.1500244140625,758.9400024414062,740.010009765625,750.77001953125,739.89453125,2884700
2025-10-20,757.0,766.4199829101562,752.8800048828125,763.3200073242188,752.2626953125,1925400
2025-10-21,759.0,765.2999877929688,758.27001953125,758.97998046875,747.9855346679688,1782200
2025-10-22,760.6099853515625,760.6099853515625,743.1099853515625,744.5999755859375,733.8138427734375,2141400
2025-10-23,749.3400268554688,755.0,744.6599731445312,750.780029296875,739.9044189453125,1615400
2025-10-24,759.8499755859375,784.6099853515625,756.0,783.8800048828125,772.5248413085938,2505600
2025-10-27,789.0,796.7100219726562,787.010009765625,789.989990234375,778.5463256835938,1645300
2025-10-28,792.0499877929688,798.3599853515625,787.3499755859375,792.0900268554688,780.615966796875,1242000
2025-10-29,788.0,800.489990234375,778.8200073242188,783.0599975585938,771.7167358398438,2251500
2025-10-30,783.5599975585938,807.1400146484375,780.5999755859375,790.1599731445312,778.7139282226562,1829500
2025-10-31,784.97998046875,791.719970703125,783.0,789.3699951171875,777.9353637695312,1328100
2025-11-03,789.5700073242188,796.0,781.4400024414062,785.52001953125,774.14111328125,1569100
2025-11-04,777.0,806.0,773.0,790.8300170898438,779.3742065429688,2046000
2025-11-05,790.4400024414062,797.3599853515625,775.5800170898438,793.0900268554688,781.6014404296875,1832700
2025-11-06,794.0,798.2000122070312,777.0,787.5800170898438,776.1712646484375,1572500
2025-11-07,783.0,787.0599975585938,762.7999877929688,786.3400268554688,774.9493408203125,2098400
2025-11-10,796.0800170898438,806.3599853515625,788.7999877929688,797.2000122070312,785.6519165039062,1698200
2025-11-11,798.47998046875,812.0,795.6099853515625,810.3099975585938,798.572021484375,1521500
2025-11-12,814.1300048828125,840.0,814.1300048828125,838.969970703125,826.8168334960938,2954100
2025-11-13,833.0599975585938,841.280029296875,805.02001953125,805.5,793.8317260742188,2557400
2025-11-14,795.5499877929688,800.6099853515625,778.0,790.9099731445312,779.4530639648438,2552000
2025-11-17,790.0,796.72998046875,770.5,775.5599975585938,764.3253784179688,1850600
2025-11-18,772.0599975585938,787.7000122070312,766.5399780273438,776.2999877929688,765.0546264648438,1673500
2025-11-19,776.2999877929688,787.8699951171875,775.0,785.989990234375,774.6043701171875,1521100
2025-11-20,795.25,816.0,772.1900024414062,773.7000122070312,762.4923095703125,2599000
2025-11-21,776.8300170898438,780.3699951171875,754.0,774.030029296875,762.8175659179688,2284700
2025-11-24,778.6400146484375,793.989990234375,775.3599853515625,790.7100219726562,779.2559814453125,2319500
2025-11-25,797.0,805.260009765625,777.989990234375,802.3200073242188,790.69775390625,2252900
2025-11-26,805.8400268554688,819.5800170898438,805.0,816.010009765625,804.1895141601562,1862500
2025-11-28,820.0,830.5700073242188,818.9500122070312,826.0399780273438,814.0741577148438,868300
2025-12-01,818.5900268554688,824.72998046875,809.6099853515625,810.8599853515625,799.1140747070312,2133200
2025-12-02,811.1199951171875,819.7000122070312,808.2999877929688,815.2100219726562,807.3839111328125,2254200
2025-12-03,812.9500122070312,837.9099731445312,812.9500122070312,836.5700073242188,828.538818359375,2347900
2025-12-04,835.5399780273438,843.989990234375,834.5,837.8300170898438,829.7868041992188,1670800
2025-12-05,837.260009765625,856.2000122070312,836.52001953125,854.5599975585938,846.3561401367188,2277500
2025-12-08,861.0999755859375,870.5599975585938,856.2999877929688,866.6900024414062,858.3696899414062,2238100
2025-12-09,866.0,883.719970703125,864.3099975585938,876.5800170898438,868.164794921875,2274800
2025-12-10,871.3499755859375,897.2000122070312,869.27001953125,889.239990234375,880.7032470703125,2394300
2025-12-11,889.97998046875,919.0999755859375,888.0,911.030029296875,902.2840576171875,2683000
2025-12-12,913.75,914.989990234375,886.989990234375,887.9600219726562,879.435546875,2715200
2025-12-15,892.0,904.469970703125,889.5900268554688,889.5900268554688,881.0499267578125,1976600
2025-12-16,890.22998046875,896.239990234375,874.3200073242188,879.1500244140625,870.7100830078125,2161600
2025-12-17,886.3300170898438,895.969970703125,868.4400024414062,872.3300170898438,863.9556274414062,2213300
2025-12-18,880.5,892.7899780273438,874.7000122070312,876.2999877929688,867.887451171875,2066300
2025-12-19,883.1699829101562,899.75,881.9500122070312,893.47998046875,884.9024658203125,4808300
2025-12-22,896.52001953125,905.47998046875,894.8400268554688,899.0,890.3695068359375,1442300
2025-12-23,900.3499755859375,905.9199829101562,893.7000122070312,901.7100219726562,893.0535888671875,1210200
2025-12-24,901.1599731445312,911.8800048828125,898.7000122070312,910.780029296875,902.0364379882812,771800
2025-12-26,911.0,913.3200073242188,905.3099975585938,907.0399780273438,898.332275390625,995300
2025-12-29,906.4500122070312,906.47998046875,891.5599975585938,892.1799926757812,883.614990234375,1578000
2025-12-30,894.739990234375,895.02001953125,881.1799926757812,884.4199829101562,875.929443359375,1833300
