date,open,high,low,close,adj_close,volume
2020-01-02,206.75,209.7899932861328,206.27000427246094,209.77999877929688,208.14657592773438,12077100
2020-01-03,207.2100067138672,210.39999389648438,206.9499969482422,208.6699981689453,207.04519653320312,11188400
2020-01-06,206.6999969482422,212.77999877929688,206.52000427246094,212.60000610351562,210.9446258544922,17058900
2020-01-07,212.82000732421875,214.5800018310547,211.75,213.05999755859375,211.4010467529297,14912400
2020-01-08,213.0,216.24000549316406,212.61000061035156,215.22000122070312,213.5442352294922,13475000
2020-01-09,217.5399932861328,218.3800048828125,216.27999877929688,218.3000030517578,216.60023498535156,12642800
2020-01-10,219.1999969482422,219.8800048828125,217.4199981689453,218.05999755859375,216.3621063232422,12119400
2020-01-13,219.60000610351562,221.97000122070312,219.2100067138672,221.91000366210938,220.18212890625,14463400
2020-01-14,221.61000061035156,222.3800048828125,218.6300048828125,219.05999755859375,217.3542938232422,13288900
2020-01-15,220.61000061035156,221.67999267578125,220.13999938964844,221.14999389648438,219.42803955078125,10036500
2020-01-16,222.57000732421875,222.6300048828125,220.38999938964844,221.77000427246094,220.043212890625,10015300
2020-01-17,222.02999877929688,222.2899932861328,220.52999877929688,222.13999938964844,220.4103240966797,15905900
2020-01-21,222.16000366210938,222.3699951171875,219.1199951171875,221.44000244140625,219.71580505371094,14275800
2020-01-22,222.30999755859375,222.75,221.27999877929688,221.32000732421875,219.5967254638672,12212800
2020-01-23,220.75,221.49000549316406,219.27000427246094,219.75999450683594,218.04884338378906,11195000
2020-01-24,220.8000030517578,221.77999877929688,216.11000061035156,217.94000244140625,216.2430419921875,11905800
2020-01-27,213.10000610351562,216.05999755859375,212.5,214.8699951171875,213.1969451904297,13810700
2020-01-28,216.13999938964844,218.74000549316406,213.52000427246094,217.7899932861328,216.09417724609375,13413800
2020-01-29,221.44000244140625,224.1999969482422,218.4499969482422,223.22999572753906,221.49185180664062,33181300
2020-01-30,206.52999877929688,211.42999267578125,204.75,209.52999877929688,207.8985137939453,48775500
2020-01-31,208.42999267578125,208.69000244140625,201.05999755859375,201.91000366210938,200.33787536621094,31359900
2020-02-03,203.44000244140625,205.13999938964844,202.5,204.19000244140625,202.60009765625,15495600
2020-02-04,206.6199951171875,210.60000610351562,205.1999969482422,209.8300018310547,208.19619750976562,19628900
2020-02-05,212.50999450683594,212.72999572753906,208.7100067138672,210.11000061035156,208.4739990234375,12538200
2020-02-06,210.47000122070312,211.19000244140625,209.33999633789062,210.85000610351562,209.208251953125,10567500
2020-02-07,210.3000030517578,212.82000732421875,209.92999267578125,212.3300018310547,210.67669677734375,12242500
2020-02-10,211.52000427246094,213.8000030517578,210.66000366210938,213.05999755859375,211.4010467529297,11856400
2020-02-11,210.19000244140625,210.86000061035156,206.50999450683594,207.19000244140625,205.57675170898438,25030800
2020-02-12,207.85000610351562,211.22000122070312,207.39999389648438,210.75999450683594,209.11895751953125,13813700
2020-02-13,209.52000427246094,214.3300018310547,209.17999267578125,213.13999938964844,211.48040771484375,15396600
2020-02-14,214.0,214.92999267578125,212.64999389648438,214.17999267578125,212.51231384277344,10741700
2020-02-18,213.5500030517578,217.97999572753906,213.39999389648438,217.8000030517578,216.10415649414062,15609200
2020-02-19,217.99000549316406,218.32000732421875,216.11000061035156,217.49000549316406,215.7965545654297,12135100
2020-02-20,216.52000427246094,218.77000427246094,212.9499969482422,214.5800018310547,212.90921020507812,13109200
2020-02-21,213.47999572753906,214.24000549316406,208.8300018310547,210.17999267578125,208.54345703125,14092300
2020-02-24,201.8000030517578,203.64999389648438,198.1699981689453,200.72000122070312,199.15713500976562,23080100
2020-02-25,202.25,203.5,195.9499969482422,196.77000427246094,195.23788452148438,21433500
2020-02-26,197.19000244140625,201.2100067138672,195.49000549316406,197.1999969482422,195.66453552246094,16524500
2020-02-27,191.82000732421875,195.8800048828125,189.5,189.75,188.27252197265625,21682600
2020-02-28,182.6999969482422,192.74000549316406,181.82000732421875,192.47000122070312,190.9713592529297,32568900
2020-03-02,194.02999877929688,196.57000732421875,188.85000610351562,196.44000244140625,194.9104461669922,24949000
2020-03-03,196.22000122070312,197.24000549316406,183.97000122070312,185.88999938964844,184.44261169433594,27984100
2020-03-04,189.1699981689453,191.8300018310547,186.38999938964844,191.75999450683594,190.26687622070312,23062500
2020-03-05,186.77999877929688,188.99000549316406,183.88999938964844,185.1699981689453,183.7281951904297,19333400
2020-03-06,178.3300018310547,183.77999877929688,176.25999450683594,181.08999633789062,179.67994689941406,24559600
2020-03-09,169.60000610351562,175.0,165.19000244140625,169.5,168.18020629882812,29949000
2020-03-10,174.6699981689453,178.2899932861328,169.5,178.19000244140625,176.80255126953125,24517800
2020-03-11,174.00999450683594,175.8800048828125,167.66000366210938,170.24000549316406,168.91444396972656,20373900
2020-03-12,159.5399932861328,166.60000610351562,154.33999633789062,154.47000122070312,153.26722717285156,43266300
2020-03-13,163.52999877929688,170.7899932861328,157.60000610351562,170.27999877929688,168.95411682128906,35028600
2020-03-16,152.32000732421875,159.1300048828125,143.10000610351562,146.00999450683594,144.87313842773438,39120400
2020-03-17,150.74000549316406,153.94000244140625,140.0,149.4199981689453,148.2565460205078,34255600
2020-03-18,139.75,148.17999267578125,137.10000610351562,146.9600067138672,145.81573486328125,37553100
2020-03-19,146.6199951171875,159.92999267578125,144.8000030517578,153.1300048828125,151.93768310546875,39862300
2020-03-20,156.02000427246094,159.27000427246094,148.0,149.72999572753906,148.5641326904297,32568400
2020-03-23,149.66000366210938,152.30999755859375,142.25,148.10000610351562,146.94686889648438,29830800
2020-03-24,155.2100067138672,161.30999755859375,152.57000732421875,160.97999572753906,159.72654724121094,30440400
2020-03-25,158.9199981689453,162.99000549316406,153.05999755859375,156.2100067138672,154.99371337890625,35184300
2020-03-26,158.25,164.0,157.02000427246094,163.33999633789062,162.0681610107422,26556800
2020-03-27,158.1999969482422,160.08999633789062,154.75,156.7899932861328,155.56918334960938,24879900
2020-03-30,159.17999267578125,166.75,158.05999755859375,165.9499969482422,164.65786743164062,22515200
2020-03-31,165.47999572753906,170.92999267578125,164.1999969482422,166.8000030517578,165.501220703125,23676300
2020-04-01,161.6199951171875,164.14999389648438,158.0399932861328,159.60000610351562,158.35728454589844,19507600
2020-04-02,159.10000610351562,161.35000610351562,155.9199981689453,158.19000244140625,156.9582977294922,20886300
2020-04-03,157.14999389648438,157.91000366210938,150.8300018310547,154.17999267578125,152.9794921875,25983300
2020-04-06,160.14999389648438,166.1999969482422,158.50999450683594,165.5500030517578,164.26097106933594,28453600
2020-04-07,171.7899932861328,173.38999938964844,166.00999450683594,168.8300018310547,167.51544189453125,31411900
2020-04-08,171.25,175.0,167.74000549316406,174.27999877929688,172.9229736328125,21664200
2020-04-09,175.89999389648438,177.0800018310547,171.57000732421875,175.19000244140625,173.82589721679688,23534300
2020-04-13,173.6699981689453,175.0,169.4499969482422,174.7899932861328,173.4290008544922,19355400
2020-04-14,178.97999572753906,181.22999572753906,176.6199951171875,178.1699981689453,176.78268432617188,21011800
2020-04-15,175.19000244140625,178.19000244140625,172.82000732421875,176.97000122070312,175.59207153320312,17423000
2020-04-16,177.9499969482422,178.0500030517578,172.50999450683594,176.25,174.87767028808594,23593200
2020-04-17,179.1999969482422,180.27999877929688,176.66000366210938,179.24000549316406,177.84437561035156,20974800
2020-04-20,177.41000366210938,180.5,176.77000427246094,178.24000549316406,176.8521728515625,16110700
2020-04-21,175.25,175.3800048828125,168.33999633789062,170.8000030517578,169.4700927734375,24850500
2020-04-22,178.4499969482422,184.77999877929688,178.13999938964844,182.27999877929688,180.86068725585938,33242000
2020-04-23,184.0800018310547,187.0500030517578,183.14999389648438,185.1300048828125,183.68850708007812,21426600
2020-04-24,183.22999572753906,190.41000366210938,180.8300018310547,190.07000732421875,188.59005737304688,28792000
2020-04-27,192.66000366210938,193.75,187.41000366210938,187.5,186.04005432128906,29197800
2020-04-28,188.66000366210938,189.1999969482422,182.55999755859375,182.91000366210938,181.48580932617188,21731000
2020-04-29,190.92999267578125,196.91000366210938,190.0,194.19000244140625,192.67794799804688,45954500
2020-04-30,206.9199981689453,209.69000244140625,201.57000732421875,204.7100067138672,203.11602783203125,46230100
2020-05-01,201.60000610351562,207.27999877929688,199.0500030517578,202.27000427246094,200.69508361816406,30415600
2020-05-04,200.1999969482422,205.91000366210938,198.75999450683594,205.25999450683594,203.66177368164062,19250700
2020-05-05,207.02000427246094,210.3800048828125,206.5,207.07000732421875,205.45767211914062,21071200
2020-05-06,208.1199951171875,211.60000610351562,206.66000366210938,208.47000122070312,206.84678649902344,21857000
2020-05-07,211.16000366210938,211.60000610351562,209.0399932861328,211.25999450683594,209.6150665283203,15152000
2020-05-08,212.24000549316406,213.2100067138672,210.85000610351562,212.35000610351562,210.69656372070312,12506000
2020-05-11,210.88999938964844,215.0,210.3699951171875,213.17999267578125,211.52008056640625,12911900
2020-05-12,213.2899932861328,215.27999877929688,210.0,210.10000610351562,208.46409606933594,14704600
2020-05-13,209.42999267578125,210.77999877929688,202.11000061035156,205.10000610351562,203.50303649902344,20684600
2020-05-14,202.55999755859375,206.92999267578125,200.69000244140625,206.80999755859375,205.19969177246094,17178900
2020-05-15,205.27000427246094,211.33999633789062,204.1199951171875,210.8800048828125,209.2379913330078,19383200
2020-05-18,212.14999389648438,214.63999938964844,210.94000244140625,213.19000244140625,211.530029296875,20151900
2020-05-19,213.27000427246094,220.49000549316406,212.8300018310547,216.8800048828125,215.1912841796875,31843200
2020-05-20,223.5,231.33999633789062,223.19000244140625,229.97000122070312,228.17938232421875,50162900
2020-05-21,234.72000122070312,237.1999969482422,231.1999969482422,231.38999938964844,229.58831787109375,47782600
2020-05-22,231.50999450683594,235.99000549316406,228.74000549316406,234.91000366210938,233.08091735839844,33925600
2020-05-26,239.77000427246094,240.89999389648438,231.6699981689453,232.1999969482422,230.39199829101562,33178300
2020-05-27,229.07000732421875,230.55999755859375,221.1300048828125,229.13999938964844,227.35581970214844,34697600
2020-05-28,224.3000030517578,231.6300048828125,224.0,225.4600067138672,223.70449829101562,29377200
2020-05-29,225.1999969482422,227.49000549316406,222.8800048828125,225.08999633789062,223.33738708496094,23241500
2020-06-01,224.58999633789062,232.44000244140625,223.5,231.91000366210938,230.10426330566406,18223800
2020-06-02,230.94000244140625,233.0,226.55999755859375,232.72000122070312,230.907958984375,20919000
2020-06-03,232.11000061035156,232.64999389648438,228.52999877929688,230.16000366210938,228.36788940429688,15380300
2020-06-04,229.55999755859375,231.6300048828125,224.61000061035156,226.2899932861328,224.52801513671875,17041500
2020-06-05,226.7100067138672,231.35000610351562,225.30999755859375,230.77000427246094,228.97312927246094,16750400
2020-06-08,229.02999877929688,231.5500030517578,227.41000366210938,231.39999389648438,229.59823608398438,15466500
2020-06-09,231.52000427246094,239.77000427246094,230.41000366210938,238.6699981689453,236.8115997314453,27462900
2020-06-10,240.9600067138672,241.2100067138672,235.27999877929688,236.72999572753906,234.88673400878906,20720700
2020-06-11,229.94000244140625,232.88999938964844,223.5500030517578,224.42999267578125,222.6824951171875,26708200
2020-06-12,229.89999389648438,231.66000366210938,224.5,228.5800018310547,226.80020141601562,22091400
2020-06-15,225.08999633789062,233.77000427246094,224.8000030517578,232.5,230.68966674804688,15340300
2020-06-16,237.13999938964844,238.4600067138672,233.0,235.64999389648438,233.81515502929688,15236700
2020-06-17,235.0,237.58999633789062,231.72999572753906,235.52999877929688,233.69607543945312,19578100
2020-06-18,234.99000549316406,236.13999938964844,232.14999389648438,235.94000244140625,234.1028594970703,15782500
2020-06-19,237.7899932861328,240.8300018310547,235.5500030517578,238.7899932861328,236.93069458007812,30081300
2020-06-22,238.55999755859375,240.6999969482422,236.91000366210938,239.22000122070312,237.35733032226562,18917800
2020-06-23,241.27999877929688,245.19000244140625,239.86000061035156,242.24000549316406,240.3538360595703,24017900
2020-06-24,241.1999969482422,243.22000122070312,232.67999267578125,234.02000427246094,232.19784545898438,20834900
2020-06-25,234.6199951171875,237.3000030517578,232.74000549316406,235.67999267578125,233.84487915039062,18704300
2020-06-26,232.63999938964844,233.08999633789062,215.39999389648438,216.0800018310547,214.39752197265625,76343900
2020-06-29,209.75,220.75,207.11000061035156,220.63999938964844,218.9219970703125,58514300
2020-06-30,220.58999633789062,227.5,218.47000122070312,227.07000732421875,225.30197143554688,33927100
2020-07-01,228.5,239.0,227.55999755859375,237.5500030517578,235.70034790039062,43399700
2020-07-02,239.0,240.0,232.61000061035156,233.4199981689453,231.6024932861328,30633600
2020-07-06,233.75999450683594,240.39999389648438,232.27000427246094,240.27999877929688,238.40907287597656,26206200
2020-07-07,239.41000366210938,247.64999389648438,238.82000732421875,240.86000061035156,238.98455810546875,27887800
2020-07-08,238.11000061035156,246.99000549316406,236.58999633789062,243.5800018310547,241.6833953857422,29791300
2020-07-09,245.0,246.52999877929688,239.24000549316406,244.5,242.5962371826172,22174900
2020-07-10,243.69000244140625,245.49000549316406,239.32000732421875,245.07000732421875,243.16180419921875,22982700
2020-07-13,247.00999450683594,250.14999389648438,238.4199981689453,239.0,237.13905334472656,24674900
2020-07-14,236.75999450683594,240.3300018310547,232.02999877929688,239.72999572753906,237.86337280273438,23378100
2020-07-15,241.5500030517578,244.82000732421875,238.0500030517578,240.27999877929688,238.40907287597656,19133600
2020-07-16,238.0,241.75999450683594,236.3300018310547,240.92999267578125,239.05401611328125,18880700
2020-07-17,241.0,244.16000366210938,237.86000061035156,242.02999877929688,240.1454620361328,18152400
2020-07-20,240.05999755859375,246.0500030517578,235.63999938964844,245.4199981689453,243.50904846191406,20872200
2020-07-21,246.22000122070312,246.91000366210938,240.0800018310547,241.75,239.86764526367188,19364200
2020-07-22,240.25999450683594,241.89999389648438,238.1199951171875,239.8699951171875,238.00230407714844,15427900
2020-07-23,239.6300048828125,242.4199981689453,231.75,232.60000610351562,230.78887939453125,21771800
2020-07-24,230.19000244140625,233.49000549316406,226.89999389648438,230.7100067138672,228.91358947753906,18325800
2020-07-27,231.4600067138672,234.9499969482422,230.8300018310547,233.5,231.68191528320312,13163100
2020-07-28,234.6300048828125,234.9600067138672,229.8300018310547,230.1199951171875,228.32818603515625,14170100
2020-07-29,231.13999938964844,233.6999969482422,230.30999755859375,233.2899932861328,231.4735107421875,13588300
2020-07-30,230.22000122070312,234.88999938964844,229.0,234.5,232.67410278320312,20615300
2020-07-31,255.82000732421875,255.85000610351562,249.0,253.6699981689453,251.69485473632812,53005100
2020-08-03,252.64999389648438,255.39999389648438,250.3300018310547,251.9600067138672,249.9981689453125,23124900
2020-08-04,251.55999755859375,252.8000030517578,247.42999267578125,249.8300018310547,247.88475036621094,17183500
2020-08-05,250.19000244140625,252.27000427246094,247.77000427246094,249.1199951171875,247.1802520751953,13050100
2020-08-06,249.0399932861328,266.6000061035156,248.6699981689453,265.2799987792969,263.21441650390625,45241600
2020-08-07,264.0799865722656,278.8900146484375,263.42999267578125,268.44000244140625,266.349853515625,72766400
2020-08-10,268.0400085449219,273.8599853515625,259.69000244140625,263.0,260.9521789550781,30248800
2020-08-11,260.19000244140625,265.9200134277344,255.1300048828125,256.1300048828125,254.1356658935547,28238300
2020-08-12,258.9700012207031,263.8999938964844,258.1099853515625,259.8900146484375,257.8664245605469,21415700
2020-08-13,261.54998779296875,265.1600036621094,259.57000732421875,261.29998779296875,259.2654113769531,17374000
2020-08-14,262.30999755859375,262.6499938964844,258.67999267578125,261.239990234375,259.20587158203125,14792700
2020-08-17,262.5,264.1000061035156,259.3999938964844,261.1600036621094,259.12652587890625,13351100
2020-08-18,260.95001220703125,265.1499938964844,259.260009765625,262.3399963378906,260.2973327636719,18690400
2020-08-19,261.3900146484375,267.9100036621094,261.3500061035156,262.5899963378906,260.5453796386719,23291500
2020-08-20,261.5,269.6300048828125,261.4599914550781,269.010009765625,266.9153747558594,20299700
2020-08-21,268.69000244140625,270.489990234375,266.4200134277344,267.010009765625,264.9309997558594,15538600
2020-08-24,271.07000732421875,277.25,268.7699890136719,271.3900146484375,269.27685546875,23685600
2020-08-25,272.4100036621094,283.0899963378906,270.260009765625,280.82000732421875,278.6334228515625,42127200
2020-08-26,284.0,304.6700134277344,284.0,303.9100036621094,301.54364013671875,69015200
2020-08-27,300.1600036621094,301.2300109863281,292.0199890136719,293.2200012207031,290.9368896484375,30301300
2020-08-28,295.0,297.2300109863281,290.9800109863281,293.6600036621094,291.37347412109375,17157400
2020-08-31,293.95001220703125,296.8800048828125,291.54998779296875,293.20001220703125,290.91705322265625,17345100
2020-09-01,294.7099914550781,301.489990234375,292.7099914550781,295.44000244140625,293.13958740234375,17295900
2020-09-02,298.8800048828125,303.6000061035156,293.04998779296875,302.5,300.1446228027344,24341400
2020-09-03,295.989990234375,297.6000061035156,283.6300048828125,291.1199951171875,288.85321044921875,32294100
2020-09-04,287.25,289.0,271.1400146484375,282.7300109863281,280.528564453125,30333700
2020-09-08,271.2799987792969,279.29998779296875,269.4200134277344,271.1600036621094,269.0486755371094,24864000
2020-09-09,275.7699890136719,278.4800109863281,271.3500061035156,273.7200012207031,271.58868408203125,22918800
2020-09-10,275.510009765625,279.1600036621094,267.0299987792969,268.0899963378906,266.0025329589844,24814700
2020-09-11,270.05999755859375,271.3900146484375,262.6400146484375,266.6099853515625,264.5340881347656,18913900
2020-09-14,270.95001220703125,276.6400146484375,265.70001220703125,266.1499938964844,264.0776672363281,24093800
2020-09-15,270.6700134277344,274.5199890136719,269.29998779296875,272.4200134277344,270.2988586425781,18478500
2020-09-16,267.2900085449219,272.44000244140625,261.7900085449219,263.5199890136719,261.4681396484375,29183400
2020-09-17,258.2799987792969,261.5,250.19000244140625,254.82000732421875,252.8358917236328,31281400
2020-09-18,258.3999938964844,259.20001220703125,250.0500030517578,252.52999877929688,250.56370544433594,28130800
2020-09-21,247.5399932861328,249.9499969482422,244.1300048828125,248.14999389648438,246.21780395507812,24709400
2020-09-22,253.30999755859375,255.32000732421875,248.22000122070312,254.75,252.76641845703125,30293100
2020-09-23,255.25999450683594,257.989990234375,248.14999389648438,249.02000427246094,247.08103942871094,19641300
2020-09-24,246.5,252.24000549316406,245.6199951171875,249.52999877929688,247.58706665039062,20006800
2020-09-25,249.39999389648438,255.75,246.61000061035156,254.82000732421875,252.8358917236328,18351300
2020-09-28,259.3999938964844,259.6000061035156,254.82000732421875,256.82000732421875,254.8203125,18826300
2020-09-29,257.80999755859375,263.3299865722656,256.8999938964844,261.7900085449219,259.7516174316406,20200200
2020-09-30,261.9800109863281,266.0799865722656,260.1000061035156,261.8999938964844,259.8607177734375,20142500
2020-10-01,265.3500061035156,268.3299865722656,264.79998779296875,266.6300048828125,264.5539245605469,20009800
2020-10-02,261.2099914550781,265.1499938964844,259.17999267578125,259.94000244140625,257.916015625,16367600
2020-10-05,262.20001220703125,264.8699951171875,260.8399963378906,264.6499938964844,262.58935546875,12822300
2020-10-06,261.7799987792969,265.69000244140625,258.239990234375,258.6600036621094,256.64599609375,18696900
2020-10-07,259.2099914550781,260.17999267578125,254.82000732421875,258.1199951171875,256.11016845703125,23133400
2020-10-08,259.75,264.6199951171875,259.1499938964844,263.760009765625,261.7062683105469,16312800
2020-10-09,264.5199890136719,264.75,262.1700134277344,264.45001220703125,262.3908996582031,14107800
2020-10-12,270.20001220703125,280.17999267578125,267.8699951171875,275.75,273.6029052734375,31019300
2020-10-13,277.5799865722656,279.1000061035156,273.3900146484375,276.1400146484375,273.9898986816406,18063300
2020-10-14,277.6199951171875,278.75,271.5,271.82000732421875,269.7034912109375,15577800
2020-10-15,267.6000061035156,269.0400085449219,263.6700134277344,266.7200012207031,264.6432189941406,15416100
2020-10-16,267.3800048828125,271.3699951171875,265.29998779296875,265.92999267578125,263.8593444824219,16622700
2020-10-19,265.5299987792969,268.54998779296875,259.8800048828125,261.3999938964844,259.36468505859375,13587000
2020-10-20,263.05999755859375,269.70001220703125,262.8800048828125,267.55999755859375,265.4766845703125,18763200
2020-10-21,279.55999755859375,283.04998779296875,276.3699951171875,278.7300109863281,276.55975341796875,28998600
2020-10-22,279.8699951171875,282.45001220703125,275.0400085449219,278.1199951171875,275.9544677734375,16720000
2020-10-23,278.79998779296875,285.239990234375,276.82000732421875,284.7900085449219,282.572509765625,17535200
2020-10-26,283.1600036621094,285.2300109863281,274.260009765625,277.1099853515625,274.9523010253906,21322900
2020-10-27,278.760009765625,284.510009765625,276.30999755859375,283.2900085449219,281.084228515625,16287200
2020-10-28,278.7900085449219,278.7900085449219,267.260009765625,267.6700134277344,265.5858154296875,23121800
2020-10-29,276.54998779296875,283.6000061035156,273.7799987792969,280.8299865722656,278.6432800292969,32368100
2020-10-30,274.5,276.70001220703125,259.1000061035156,263.1099853515625,261.0613098144531,47247800
2020-11-02,264.6000061035156,270.4700012207031,257.3399963378906,261.3599853515625,259.3249816894531,27165700
2020-11-03,263.1600036621094,270.04998779296875,260.8800048828125,265.29998779296875,263.2342224121094,17961900
2020-11-04,281.0,288.94000244140625,278.6199951171875,287.3800048828125,285.142333984375,35364400
2020-11-05,291.8999938964844,297.3800048828125,288.95001220703125,294.67999267578125,292.385498046875,23823600
2020-11-06,293.95001220703125,294.6000061035156,288.05999755859375,293.4100036621094,291.12542724609375,13891000
2020-11-09,289.8699951171875,292.5799865722656,278.5299987792969,278.7699890136719,276.5993957519531,25117700
2020-11-10,273.1000061035156,274.0,264.0,272.42999267578125,270.3087463378906,29067700
2020-11-11,273.4700012207031,278.3999938964844,272.4800109863281,276.4800109863281,274.3272399902344,14957000
2020-11-12,277.17999267578125,279.75,274.42999267578125,275.0799865722656,272.9381408691406,12899500
2020-11-13,277.7200012207031,277.760009765625,273.1000061035156,276.95001220703125,274.7935485839844,10391200
2020-11-16,275.04998779296875,279.4100036621094,274.6300048828125,278.9599914550781,276.78790283203125,12970400
2020-11-17,277.67999267578125,277.67999267578125,273.2900085449219,275.0,272.8587951660156,15040300
2020-11-18,274.5199890136719,277.3900146484375,271.8399963378906,271.9700012207031,269.85235595703125,12152900
2020-11-19,271.0199890136719,273.4700012207031,269.19000244140625,272.94000244140625,270.8148193359375,12963700
2020-11-20,272.55999755859375,273.0,269.4100036621094,269.70001220703125,267.60003662109375,18114700
2020-11-23,270.8900146484375,270.95001220703125,264.5299987792969,268.42999267578125,266.3398742675781,20990800
2020-11-24,268.489990234375,277.82000732421875,267.8699951171875,276.9200134277344,274.7638244628906,16930400
2020-11-25,278.1400146484375,280.17999267578125,272.6499938964844,275.5899963378906,273.4441223144531,12467000
2020-11-27,277.3900146484375,279.1300048828125,274.82000732421875,277.80999755859375,275.6468505859375,7808400
2020-11-30,276.0299987792969,277.70001220703125,271.010009765625,276.9700012207031,274.81341552734375,16693300
2020-12-01,279.1600036621094,289.29998779296875,278.9599914550781,286.54998779296875,284.3188171386719,20738900
2020-12-02,285.3599853515625,291.7799987792969,280.8299865722656,287.5199890136719,285.2812194824219,17361600
2020-12-03,286.25,286.6499938964844,281.07000732421875,281.8500061035156,279.6554260253906,12921700
2020-12-04,280.29998779296875,283.4599914550781,279.29998779296875,279.70001220703125,277.5221252441406,10880300
2020-12-07,279.19000244140625,288.489990234375,278.20001220703125,285.5799865722656,283.3563232421875,13007700
2020-12-08,286.010009765625,286.42999267578125,281.54998779296875,283.3999938964844,281.1933288574219,10747700
2020-12-09,283.6600036621094,287.6300048828125,271.75,277.9200134277344,275.7560119628906,25189700
2020-12-10,275.5400085449219,278.7300109863281,271.8599853515625,277.1199951171875,274.9622802734375,20065100
2020-12-11,274.5299987792969,276.4800109863281,270.25,273.54998779296875,271.4200134277344,14391400
2020-12-14,273.3699951171875,277.2200012207031,271.55999755859375,274.19000244140625,272.0550537109375,16376900
2020-12-15,274.8299865722656,276.0799865722656,267.4700012207031,275.54998779296875,273.4043884277344,23979500
2020-12-16,274.760009765625,277.8599853515625,272.510009765625,275.6700134277344,273.5235595703125,15885000
2020-12-17,277.07000732421875,280.44000244140625,273.6099853515625,274.4800109863281,272.34283447265625,16377800
2020-12-18,275.7699890136719,278.0,271.1400146484375,276.3999938964844,274.24786376953125,26693200
2020-12-21,272.9800109863281,274.6700134277344,267.7900085449219,272.7900085449219,270.6659240722656,16553700
2020-12-22,271.5,271.5,264.6300048828125,267.0899963378906,265.0103454589844,17312900
2020-12-23,266.8900146484375,272.1700134277344,266.2300109863281,268.1099853515625,266.02239990234375,14329000
2020-12-24,268.8800048828125,270.3999938964844,266.20001220703125,267.3999938964844,265.3179016113281,6702000
2020-12-28,268.739990234375,277.29998779296875,265.6600036621094,277.0,274.8431701660156,23299700
2020-12-29,276.95001220703125,280.510009765625,276.2799987792969,276.7799987792969,274.6249084472656,16383000
2020-12-30,277.95001220703125,278.0799865722656,271.7099914550781,271.8699951171875,269.7531433105469,11803800
2020-12-31,272.0,277.0899963378906,269.80999755859375,273.1600036621094,271.0330810546875,12900400
2021-01-04,274.7799987792969,275.0,265.20001220703125,268.94000244140625,266.845947265625,15106100
2021-01-05,268.2900085449219,272.3999938964844,268.2099914550781,270.9700012207031,268.8601379394531,9871600
2021-01-06,262.0,267.75,260.010009765625,263.30999755859375,261.2597351074219,24354100
2021-01-07,265.8999938964844,271.6099853515625,264.7799987792969,268.739990234375,266.6474304199219,15789800
2021-01-08,268.30999755859375,268.95001220703125,263.17999267578125,267.57000732421875,265.4866027832031,18528300
2021-01-11,260.4800109863281,263.4700012207031,255.89999389648438,256.8399963378906,254.84014892578125,30412300
2021-01-12,256.6300048828125,259.7200012207031,250.3000030517578,251.08999633789062,249.13491821289062,26383500
2021-01-13,251.5500030517578,253.9499969482422,249.1999969482422,251.63999938964844,249.68064880371094,19528900
2021-01-14,253.39999389648438,255.02999877929688,244.61000061035156,245.63999938964844,243.72735595703125,29739400
2021-01-15,247.89999389648438,253.86000061035156,247.16000366210938,251.36000061035156,249.40281677246094,24942900
2021-01-19,256.8999938964844,262.20001220703125,252.72000122070312,261.1000061035156,259.06695556640625,28028500
2021-01-20,268.92999267578125,270.32000732421875,263.6000061035156,267.4800109863281,265.3973083496094,25199900
2021-01-21,269.260009765625,273.6000061035156,267.489990234375,272.8699951171875,270.74530029296875,20838700
2021-01-22,272.010009765625,278.4700012207031,272.0,274.5,272.3626403808594,21954000
2021-01-25,278.1400146484375,280.1000061035156,271.510009765625,278.010009765625,275.8453674316406,19087000
2021-01-26,278.1400146484375,285.3900146484375,277.80999755859375,282.04998779296875,279.8538513183594,19373600
2021-01-27,282.5299987792969,283.45001220703125,268.1199951171875,272.1400146484375,270.02105712890625,35346200
2021-01-28,277.17999267578125,286.7900085449219,264.70001220703125,265.0,262.9366149902344,37758800
2021-01-29,265.29998779296875,266.55999755859375,254.85000610351562,258.3299865722656,256.31854248046875,30389500
2021-02-01,259.5199890136719,264.1700134277344,254.91000366210938,262.010009765625,259.9698791503906,22914300
2021-02-02,264.0,268.8500061035156,263.2699890136719,267.0799865722656,265.0003967285156,17320800
2021-02-03,265.6199951171875,269.20001220703125,263.8399963378906,266.6499938964844,264.5737609863281,14223400
2021-02-04,267.010009765625,268.1600036621094,264.0,266.489990234375,264.41497802734375,16060000
2021-02-05,266.79998779296875,269.1700134277344,265.6700134277344,268.1000061035156,266.0124816894531,12454400
2021-02-08,268.75,269.8599853515625,265.0,266.5799865722656,264.50433349609375,13755200
2021-02-09,266.44000244140625,273.3900146484375,265.75,269.45001220703125,267.3519592285156,14613400
2021-02-10,272.45001220703125,273.79998779296875,267.7200012207031,271.8699951171875,269.7531433105469,14687200
2021-02-11,271.8900146484375,273.5799865722656,268.489990234375,270.3900146484375,268.28466796875,12828600
2021-02-12,270.5199890136719,271.17999267578125,268.3399963378906,270.5,268.393798828125,9097600
2021-02-16,270.79998779296875,276.6000061035156,270.04998779296875,273.9700012207031,271.8367919921875,15417200
2021-02-17,271.239990234375,273.9700012207031,269.5799865722656,273.57000732421875,271.4399108886719,12763200
2021-02-18,269.57000732421875,271.95001220703125,266.0299987792969,269.3900146484375,267.29241943359375,15249100
2021-02-19,269.8599853515625,270.2699890136719,260.1499938964844,261.55999755859375,259.5234069824219,25622600
2021-02-22,257.95001220703125,263.07000732421875,257.5299987792969,260.3299865722656,258.302978515625,17434900
2021-02-23,259.5,267.4599914550781,254.9600067138672,265.8599853515625,263.7899169921875,21924600
2021-02-24,262.3299865722656,266.3800048828125,258.3900146484375,264.30999755859375,262.251953125,15736100
2021-02-25,262.29998779296875,266.94000244140625,254.0399932861328,254.69000244140625,252.70689392089844,19053100
2021-02-26,256.4700012207031,265.54998779296875,256.4700012207031,257.6199951171875,255.6140594482422,26619500
2021-03-01,260.82000732421875,266.6499938964844,257.8999938964844,264.9100036621094,262.8473205566406,22157300
2021-03-02,265.7799987792969,266.7099914550781,258.6499938964844,259.0,256.98333740234375,15191700
2021-03-03,260.2900085449219,260.989990234375,255.10000610351562,255.41000366210938,253.4213104248047,15513500
2021-03-04,256.4700012207031,266.489990234375,253.5,257.6400146484375,255.63392639160156,31626500
2021-03-05,260.6700134277344,265.45001220703125,255.61000061035156,264.2799987792969,262.2221984863281,26820100
2021-03-08,265.54998779296875,265.5799865722656,255.0500030517578,255.30999755859375,253.3220672607422,18391800
2021-03-09,261.17999267578125,268.5299987792969,259.80999755859375,265.739990234375,263.6708679199219,22039700
2021-03-10,268.6400146484375,268.9700012207031,262.8699951171875,264.8999938964844,262.8373718261719,14210300
2021-03-11,268.1099853515625,277.8999938964844,267.82000732421875,273.8800048828125,271.7474670410156,21834000
2021-03-12,269.1400146484375,269.739990234375,264.0199890136719,268.3999938964844,266.3101501464844,20600200
2021-03-15,269.0799865722656,275.9599914550781,268.5,273.75,271.6184997558594,16844800
2021-03-16,276.0799865722656,282.1400146484375,274.79998779296875,279.2799987792969,277.1053771972656,22437700
2021-03-17,275.7099914550781,286.2300109863281,275.4100036621094,284.010009765625,281.798583984375,21315000
2021-03-18,279.8699951171875,285.19000244140625,278.2799987792969,278.6199951171875,276.4505920410156,18728300
2021-03-19,281.2200012207031,292.79998779296875,281.20001220703125,290.1099853515625,287.8510437011719,38930500
2021-03-22,290.45001220703125,299.7099914550781,286.75,293.5400085449219,291.25439453125,28273100
2021-03-23,293.1499938964844,298.0,289.80999755859375,290.6300048828125,288.3670349121094,23000900
2021-03-24,291.0,291.7200012207031,281.1600036621094,282.1400146484375,279.9431457519531,18675000
2021-03-25,280.9800109863281,288.05999755859375,277.75,278.739990234375,276.5696105957031,24505600
2021-03-26,278.29998779296875,284.5,277.7699890136719,283.0199890136719,280.8162841796875,17629200
2021-03-29,285.7699890136719,293.17999267578125,284.70001220703125,290.82000732421875,288.5555114746094,21718800
2021-03-30,289.8299865722656,292.4700012207031,286.70001220703125,288.0,285.7575378417969,17474500
2021-03-31,289.989990234375,296.5,288.6099853515625,294.5299987792969,292.2367248535156,19498200
2021-04-01,298.3999938964844,302.3999938964844,296.6000061035156,298.6600036621094,296.33447265625,17616000
2021-04-05,300.8900146484375,310.7699890136719,300.67999267578125,308.9100036621094,306.5047302246094,28237000
2021-04-06,308.8399963378906,311.3500061035156,305.25,306.260009765625,303.8753662109375,17335200
2021-04-07,306.3399963378906,314.25,305.5,313.0899963378906,310.65216064453125,22855200
2021-04-08,314.8500061035156,315.8800048828125,310.04998779296875,313.0199890136719,310.5827331542969,20894100
2021-04-09,311.3999938964844,314.739990234375,310.3299865722656,312.4599914550781,310.0270690917969,15988600
2021-04-12,311.04998779296875,312.1499938964844,307.92999267578125,311.5400085449219,309.1142272949219,10881900
2021-04-13,312.2099914550781,314.42999267578125,309.32000732421875,309.760009765625,307.3481140136719,14036900
2021-04-14,307.29998779296875,308.0299987792969,301.95001220703125,302.82000732421875,300.4621276855469,17421400
2021-04-15,306.3399963378906,310.1400146484375,304.1000061035156,307.82000732421875,305.4231872558594,14558300
2021-04-16,308.1700134277344,308.95001220703125,304.6099853515625,306.17999267578125,303.79595947265625,13059200
2021-04-19,305.010009765625,307.70001220703125,300.55999755859375,302.239990234375,299.8866271972656,14553500
2021-04-20,301.989990234375,305.1000061035156,297.2099914550781,302.6499938964844,300.2934265136719,16796400
2021-04-21,301.95001220703125,301.9800109863281,297.3900146484375,301.4700012207031,299.1226501464844,14863500
2021-04-22,301.3299865722656,302.9200134277344,296.0400085449219,296.5199890136719,294.211181640625,16375400
2021-04-23,298.760009765625,302.5899963378906,297.1499938964844,301.1300048828125,298.7852783203125,17536800
2021-04-26,303.3399963378906,305.79998779296875,301.55999755859375,303.0400085449219,300.6803894042969,16172600
2021-04-27,304.2799987792969,305.3399963378906,301.1099853515625,303.57000732421875,301.2062683105469,15309300
2021-04-28,307.3599853515625,310.9200134277344,305.3699951171875,307.1000061035156,304.7088623046875,33907200
2021-04-29,330.1199951171875,331.80999755859375,321.6099853515625,329.510009765625,326.9443054199219,56526800
2021-04-30,326.1400146484375,329.82000732421875,324.5,325.0799865722656,322.54876708984375,26332400
2021-05-03,326.1700134277344,328.54998779296875,321.8399963378906,322.5799865722656,320.0682373046875,18719500
2021-05-04,320.0199890136719,322.19000244140625,313.1199951171875,318.3599853515625,315.88116455078125,24032600
2021-05-05,318.19000244140625,321.05999755859375,314.489990234375,315.0199890136719,312.567138671875,15577600
2021-05-06,314.5199890136719,320.239990234375,313.2699890136719,320.0199890136719,317.5282287597656,19012200
2021-05-07,322.3800048828125,322.94000244140625,318.75,319.0799865722656,316.5955505371094,15916700
2021-05-10,314.3500061035156,314.5799865722656,304.8299865722656,305.9700012207031,303.5876159667969,24239200
2021-05-11,300.75,306.8399963378906,299.69000244140625,306.5299987792969,304.1432189941406,18920100
2021-05-12,301.1300048828125,304.9599914550781,298.19000244140625,302.54998779296875,300.1941833496094,24645500
2021-05-13,306.0799865722656,308.8599853515625,302.7699890136719,305.260009765625,302.88311767578125,18079200
2021-05-14,309.5400085449219,316.8500061035156,309.0799865722656,315.94000244140625,313.4799499511719,19245700
2021-05-17,313.54998779296875,315.67999267578125,311.5799865722656,315.4599914550781,313.00372314453125,15401300
2021-05-18,315.5899963378906,316.5,309.80999755859375,309.9599914550781,307.5465393066406,14522400
2021-05-19,304.19000244140625,314.6600036621094,303.57000732421875,313.5899963378906,311.1482849121094,19106200
2021-05-20,313.5799865722656,319.25,313.1600036621094,318.6099853515625,316.1291198730469,17320200
2021-05-21,319.2900085449219,319.92999267578125,315.80999755859375,316.2300109863281,313.76776123046875,13600900
2021-05-24,318.2099914550781,325.95001220703125,318.0299987792969,324.6300048828125,322.1023254394531,16445400
2021-05-25,327.0799865722656,329.17999267578125,324.79998779296875,327.7900085449219,325.2377014160156,16437000
2021-05-26,328.3500061035156,329.8299865722656,325.82000732421875,327.6600036621094,325.10870361328125,9686900
2021-05-27,328.0,333.7799987792969,326.760009765625,332.75,330.1590881347656,20477700
2021-05-28,331.0,332.8699951171875,328.3299865722656,328.7300109863281,326.1703796386719,12037400
2021-06-01,330.1499938964844,331.4200134277344,326.6400146484375,329.1300048828125,326.5672912597656,11765900
2021-06-02,330.3800048828125,331.8699951171875,327.1199951171875,329.1499938964844,326.5870666503906,11654300
2021-06-03,325.7799987792969,327.3800048828125,323.4800109863281,326.0400085449219,323.5013122558594,12610800
2021-06-04,325.8999938964844,332.4599914550781,325.17999267578125,330.3500061035156,327.77783203125,13289400
2021-06-07,329.4800109863281,337.69000244140625,328.92999267578125,336.5799865722656,333.959228515625,20136700
2021-06-08,336.70001220703125,338.29998779296875,332.239990234375,333.67999267578125,331.0818176269531,14580500
2021-06-09,335.739990234375,336.79998779296875,330.0,330.25,327.67852783203125,13727900
2021-06-10,330.7900085449219,333.94000244140625,328.54998779296875,332.4599914550781,329.87127685546875,13240200
2021-06-11,332.5799865722656,332.8299865722656,328.92999267578125,331.260009765625,328.68072509765625,13587900
2021-06-14,331.8999938964844,336.82000732421875,329.80999755859375,336.7699890136719,334.1477966308594,12250800
2021-06-15,336.989990234375,339.9200134277344,335.0299987792969,336.75,334.12786865234375,15795200
2021-06-16,336.70001220703125,337.54998779296875,328.7200012207031,331.0799865722656,328.5020446777344,17232200
2021-06-17,330.489990234375,337.9800109863281,330.1499938964844,336.510009765625,333.88983154296875,17794100
2021-06-18,334.5299987792969,336.1499938964844,329.0,329.6600036621094,327.0931396484375,23039500
2021-06-21,331.0899963378906,332.9200134277344,327.6499938964844,332.2900085449219,329.70269775390625,11337500
2021-06-22,332.69000244140625,339.9200134277344,332.6000061035156,339.0299987792969,336.39019775390625,15345300
2021-06-23,339.3500061035156,343.4200134277344,338.20001220703125,340.5899963378906,337.9380187988281,14817800
2021-06-24,341.8500061035156,344.8999938964844,341.7900085449219,343.17999267578125,340.50787353515625,12329100
2021-06-25,342.5899963378906,344.1199951171875,339.67999267578125,341.3699951171875,338.71197509765625,14594400
2021-06-28,342.4599914550781,358.1400146484375,341.7699890136719,355.6400146484375,352.8708801269531,29156100
2021-06-29,356.2699890136719,356.739990234375,349.04998779296875,351.8900146484375,349.15008544921875,21417300
2021-06-30,352.1700134277344,352.9200134277344,347.1700134277344,347.7099914550781,345.00262451171875,15107500
2021-07-01,346.82000732421875,354.6700134277344,346.5,354.3900146484375,351.6305847167969,17137000
2021-07-02,355.1000061035156,356.44000244140625,352.6199951171875,354.70001220703125,351.9381408691406,11521300
2021-07-06,356.5,358.7900085449219,349.17999267578125,352.7799987792969,350.0331115722656,13488500
2021-07-07,355.260009765625,356.489990234375,350.0,350.489990234375,347.7609558105469,14218900
2021-07-08,345.7300109863281,348.3299865722656,342.55999755859375,345.6499938964844,342.95867919921875,14406500
2021-07-09,345.32000732421875,350.7099914550781,345.2699890136719,350.4200134277344,347.6914978027344,13018700
2021-07-12,351.2300109863281,354.19000244140625,349.6400146484375,353.1600036621094,350.4101257324219,10018600
2021-07-13,351.5,358.489990234375,348.79998779296875,352.0899963378906,349.34844970703125,11456000
2021-07-14,354.55999755859375,355.20001220703125,346.7300109863281,347.6300048828125,344.9232482910156,13894200
2021-07-15,349.2300109863281,349.2300109863281,340.2200012207031,344.4599914550781,341.77789306640625,14781600
2021-07-16,344.9100036621094,345.989990234375,340.1400146484375,341.1600036621094,338.5036315917969,11026100
2021-07-19,337.57000732421875,339.7900085449219,334.5400085449219,336.95001220703125,334.3263854980469,14372300
2021-07-20,338.79998779296875,343.45001220703125,334.5,341.6600036621094,338.9996643066406,11024300
2021-07-21,341.5,346.5199890136719,341.25,346.2300109863281,343.53411865234375,9279700
2021-07-22,346.67999267578125,351.5400085449219,345.2099914550781,351.19000244140625,348.4554748535156,12385400
2021-07-23,360.9100036621094,375.3299865722656,357.19000244140625,369.7900085449219,366.9106750488281,33694300
2021-07-26,369.5799865722656,374.44000244140625,368.2200012207031,372.4599914550781,369.5599060058594,14925200
2021-07-27,371.9100036621094,373.1499938964844,364.54998779296875,367.80999755859375,364.9460754394531,15705400
2021-07-28,374.55999755859375,377.54998779296875,366.92999267578125,373.2799987792969,370.37353515625,29676900
2021-07-29,361.0,365.5199890136719,356.739990234375,358.32000732421875,355.5299987792969,33413200
2021-07-30,354.0,360.7300109863281,352.94000244140625,356.29998779296875,353.52569580078125,15976200
2021-08-02,358.1000061035156,359.3999938964844,350.739990234375,351.95001220703125,349.2095947265625,13180400
2021-08-03,352.7300109863281,353.7699890136719,347.70001220703125,351.239990234375,348.5050964355469,12406100
2021-08-04,352.4200134277344,360.4800109863281,351.510009765625,358.9200134277344,356.1253356933594,14180600
2021-08-05,359.6400146484375,363.8999938964844,356.8999938964844,362.9700012207031,360.1437683105469,10247200
2021-08-06,361.3999938964844,365.1499938964844,361.3999938964844,363.510009765625,360.67962646484375,8925000
2021-08-09,363.760009765625,365.7799987792969,360.75,361.6099853515625,358.79437255859375,7798900
2021-08-10,361.8299865722656,364.1000061035156,359.0400085449219,361.1300048828125,358.3180847167969,7469900
2021-08-11,362.1000061035156,362.3599853515625,357.80999755859375,359.9599914550781,357.1572265625,8400300
2021-08-12,358.45001220703125,363.0,357.1099853515625,362.6499938964844,359.8262634277344,7170700
2021-08-13,362.9700012207031,364.6600036621094,361.4800109863281,363.17999267578125,360.35211181640625,7195700
2021-08-16,362.5199890136719,366.95001220703125,357.3800048828125,366.55999755859375,363.7057800292969,11222100
2021-08-17,362.9800109863281,364.6700134277344,355.07000732421875,358.45001220703125,355.65899658203125,12328700
2021-08-18,356.25,359.8599853515625,355.1499938964844,355.45001220703125,352.682373046875,10042400
2021-08-19,351.3500061035156,357.57000732421875,351.0,355.1199951171875,352.3548889160156,12004500
2021-08-20,354.6000061035156,359.989990234375,353.30999755859375,359.3699951171875,356.57177734375,8697700
2021-08-23,359.44000244140625,365.69000244140625,359.1000061035156,363.3500061035156,360.52081298828125,10942000
2021-08-24,363.6600036621094,367.9599914550781,361.8399963378906,365.510009765625,362.6640625,9235100
2021-08-25,365.6000061035156,370.8599853515625,365.3999938964844,368.3900146484375,365.52154541015625,9684500
2021-08-26,368.3800048828125,369.44000244140625,364.1300048828125,364.3800048828125,361.5428161621094,7888700
2021-08-27,365.1000061035156,373.739990234375,364.0799865722656,372.6300048828125,369.7285461425781,11219100
2021-08-30,372.55999755859375,381.489990234375,370.5199890136719,380.6600036621094,377.696044921875,13547300
2021-08-31,379.95001220703125,382.760009765625,378.79998779296875,379.3800048828125,376.426025390625,12345400
2021-09-01,379.5899963378906,384.3299865722656,378.80999755859375,382.04998779296875,379.0751953125,11567200
2021-09-02,381.5,381.75,374.05999755859375,375.2799987792969,372.3579406738281,14832900
2021-09-03,374.75,377.1600036621094,373.1099853515625,376.260009765625,373.3302917480469,7509600
2021-09-07,375.8800048828125,382.9599914550781,373.1499938964844,382.17999267578125,379.2041931152344,10793800
2021-09-08,380.1600036621094,380.8699951171875,374.7900085449219,377.57000732421875,374.6300964355469,11067200
2021-09-09,377.6400146484375,379.8299865722656,376.57000732421875,378.0,375.0567626953125,9098900
2021-09-10,381.3599853515625,383.7900085449219,378.260009765625,378.69000244140625,375.74139404296875,11549600
2021-09-13,381.67999267578125,381.75,374.3500061035156,376.510009765625,373.5783386230469,13026300
2021-09-14,377.3999938964844,378.5899963378906,375.1099853515625,376.5299987792969,373.59820556640625,8711600
2021-09-15,377.0,377.55999755859375,367.6700134277344,373.9200134277344,371.0085144042969,17940300
2021-09-16,372.7900085449219,373.55999755859375,369.7099914550781,373.05999755859375,370.1552429199219,11934200
2021-09-17,371.4100036621094,371.4100036621094,361.5899963378906,364.7200012207031,361.88018798828125,26299000
2021-09-20,359.29998779296875,361.0299987792969,349.79998779296875,355.70001220703125,352.930419921875,19822800
2021-09-21,358.5,360.0400085449219,355.19000244140625,357.4800109863281,354.696533203125,11751900
2021-09-22,347.2300109863281,349.8399963378906,340.69000244140625,343.2099914550781,340.5376281738281,43692900
2021-09-23,345.3599853515625,349.6700134277344,343.0,345.9599914550781,343.2662048339844,21806300
2021-09-24,343.239990234375,354.3500061035156,342.3699951171875,352.9599914550781,350.21173095703125,18801900
2021-09-27,349.80999755859375,355.1499938964844,347.0799865722656,353.5799865722656,350.8268737792969,15205800
2021-09-28,347.9700012207031,349.6000061035156,338.9200134277344,340.6499938964844,337.99755859375,21710300
2021-09-29,343.1499938964844,345.2300109863281,338.8800048828125,339.6099853515625,336.9656677246094,14452200
2021-09-30,340.45001220703125,342.79998779296875,338.1499938964844,339.3900146484375,336.7474060058594,16547100
2021-10-01,341.6099853515625,345.0199890136719,338.6400146484375,343.010009765625,340.33917236328125,14905300
2021-10-04,335.5299987792969,335.94000244140625,322.70001220703125,326.2300109863281,323.6898498535156,42885000
2021-10-05,328.5799865722656,335.17999267578125,326.1600036621094,332.9599914550781,330.367431640625,35377900
2021-10-06,329.739990234375,334.3800048828125,325.79998779296875,333.6400146484375,331.0421447753906,26443000
2021-10-07,337.0,338.8399963378906,328.9800109863281,329.2200012207031,326.65655517578125,28307500
2021-10-08,331.510009765625,333.3999938964844,328.7099914550781,330.04998779296875,327.48004150390625,15946100
2021-10-11,327.6300048828125,330.4599914550781,325.30999755859375,325.45001220703125,322.91595458984375,14708200
2021-10-12,323.0299987792969,324.3800048828125,317.3699951171875,323.7699890136719,321.2489929199219,31658700
2021-10-13,326.9700012207031,327.0,322.6600036621094,324.5400085449219,322.01300048828125,14761500
2021-10-14,328.3599853515625,330.5199890136719,327.1000061035156,328.5299987792969,325.9719543457031,14302200
2021-10-15,328.67999267578125,329.07000732421875,322.510009765625,324.760009765625,322.23126220703125,21596400
2021-10-18,328.95001220703125,335.8900146484375,327.5,335.3399963378906,332.7288818359375,21585000
2021-10-19,339.6499938964844,342.4599914550781,337.2799987792969,339.989990234375,337.3426818847656,18786300
2021-10-20,343.45001220703125,343.9800109863281,339.45001220703125,340.7799987792969,338.1265869140625,13639500
2021-10-21,340.2799987792969,342.30999755859375,337.79998779296875,341.8800048828125,339.2179870605469,16354400
2021-10-22,326.3500061035156,329.6300048828125,321.1099853515625,324.6099853515625,322.08245849609375,35224500
2021-10-25,320.29998779296875,329.55999755859375,319.7200012207031,328.69000244140625,326.1307067871094,38409000
2021-10-26,328.260009765625,330.2099914550781,309.6000061035156,315.80999755859375,313.3509826660156,65654000
2021-10-27,314.19000244140625,319.25,312.05999755859375,312.2200012207031,309.7889404296875,29971800
2021-10-28,312.989990234375,325.5199890136719,308.1099853515625,316.9200134277344,314.4523620605469,50806800
2021-10-29,320.19000244140625,326.0,319.6000061035156,323.57000732421875,321.05059814453125,37059400
2021-11-01,326.0400085449219,333.45001220703125,326.0,329.9800109863281,327.41064453125,31518900
2021-11-02,331.3800048828125,334.7900085449219,323.79998779296875,328.0799865722656,325.525390625,28353000
2021-11-03,327.489990234375,332.1499938964844,323.20001220703125,331.6199951171875,329.03790283203125,20786500
2021-11-04,334.010009765625,337.2699890136719,332.6499938964844,335.8500061035156,333.2349548339844,22495300
2021-11-05,340.30999755859375,346.7900085449219,339.6400146484375,341.1300048828125,338.4737854003906,26872800
2021-11-08,344.4200134277344,344.7900085449219,338.3399963378906,338.6199951171875,335.9833984375,18342500
2021-11-09,340.0,341.30999755859375,334.4700012207031,335.3699951171875,332.7586975097656,17556700
2021-11-10,332.489990234375,333.19000244140625,325.510009765625,327.6400146484375,325.08892822265625,21872600
2021-11-11,329.82000732421875,332.4599914550781,327.0,327.739990234375,325.1880187988281,12376600
2021-11-12,330.17999267578125,341.8599853515625,329.7799987792969,340.8900146484375,338.2357482910156,25414300
2021-11-15,344.3399963378906,353.6499938964844,343.20001220703125,347.55999755859375,344.8537292480469,25076600
2021-11-16,343.8299865722656,346.6499938964844,340.8699951171875,342.9599914550781,340.2895812988281,18181100
2021-11-17,344.239990234375,347.29998779296875,340.1000061035156,340.7699890136719,338.11663818359375,13602800
2021-11-18,339.7200012207031,342.4599914550781,335.29998779296875,338.69000244140625,336.0527648925781,17487200
2021-11-19,342.20001220703125,352.1000061035156,339.8999938964844,345.29998779296875,342.61138916015625,26488500
2021-11-22,349.04998779296875,353.8299865722656,340.510009765625,341.010009765625,338.3548278808594,27116800
2021-11-23,338.92999267578125,341.3999938964844,333.5,337.25,334.6239929199219,17225000
2021-11-24,336.0,341.7799987792969,332.80999755859375,341.05999755859375,338.40435791015625,13566200
2021-11-26,335.79998779296875,337.75,331.8999938964844,333.1199951171875,330.5262145996094,14750700
2021-11-29,336.8900146484375,340.6700134277344,335.30999755859375,338.0299987792969,335.39801025390625,16650900
2021-11-30,335.0,335.80999755859375,323.42999267578125,324.4599914550781,321.93359375,25390000
2021-12-01,330.2900085449219,330.5,310.2900085449219,310.6000061035156,308.1815490722656,30329600
2021-12-02,311.3999938964844,314.6000061035156,307.20001220703125,310.3900146484375,307.9731750488281,24396200
2021-12-03,313.7300109863281,313.75,299.5,306.8399963378906,304.4508056640625,27471000
2021-12-06,308.1300048828125,320.1000061035156,306.3399963378906,317.8699951171875,315.3949279785156,21758300
2021-12-07,321.57000732421875,326.5400085449219,321.0,322.80999755859375,320.29644775390625,18794000
2021-12-08,325.0,332.75,323.07000732421875,330.55999755859375,327.9861145019531,19937700
2021-12-09,329.5400085449219,336.1300048828125,328.0,329.82000732421875,327.25189208984375,16879200
2021-12-10,332.55999755859375,335.0299987792969,326.3699951171875,329.75,327.18243408203125,14528000
2021-12-13,330.95001220703125,341.0899963378906,329.5899963378906,334.489990234375,331.8855285644531,22948700
2021-12-14,328.04998779296875,335.70001220703125,327.6499938964844,333.739990234375,331.1413879394531,20461000
2021-12-15,332.489990234375,342.1099853515625,323.9800109863281,341.6600036621094,338.9996643066406,24681300
2021-12-16,338.9800109863281,344.4599914550781,333.739990234375,334.8999938964844,332.2923278808594,22635000
2021-12-17,332.79998779296875,337.1099853515625,330.75,333.7900085449219,331.19097900390625,40012600
2021-12-20,329.7799987792969,329.8999938964844,322.5299987792969,325.45001220703125,322.91595458984375,17901800
2021-12-21,326.4100036621094,336.0,323.75,334.20001220703125,331.5978088378906,16116800
2021-12-22,333.79998779296875,334.510009765625,328.260009765625,330.45001220703125,327.8770446777344,16764600
2021-12-23,330.1000061035156,336.6700134277344,328.3599853515625,335.239990234375,332.6297302246094,13987700
2021-12-27,338.8500061035156,347.8699951171875,338.010009765625,346.17999267578125,343.4844970703125,17795000
2021-12-28,346.6300048828125,352.7099914550781,345.20001220703125,346.2200012207031,343.5242004394531,16637600
2021-12-29,346.9100036621094,349.69000244140625,341.6400146484375,342.94000244140625,340.2697448730469,10747000
2021-12-30,344.0,347.2300109863281,343.2200012207031,344.3599853515625,341.6786804199219,10593300
2021-12-31,343.0199890136719,343.44000244140625,336.2699890136719,336.3500061035156,333.7310485839844,12870500
2022-01-03,338.29998779296875,341.0799865722656,337.19000244140625,338.5400085449219,335.9039611816406,14537900
2022-01-04,339.95001220703125,343.0899963378906,331.8699951171875,336.5299987792969,333.9096374511719,15998000
2022-01-05,333.0199890136719,335.760009765625,323.8399963378906,324.1700134277344,321.6458435058594,20564500
2022-01-06,322.82000732421875,339.1700134277344,322.7200012207031,332.4599914550781,329.87127685546875,27962800
2022-01-07,332.739990234375,337.0,328.8800048828125,331.7900085449219,329.20660400390625,14722000
2022-01-10,325.30999755859375,328.3399963378906,315.42999267578125,328.07000732421875,325.51556396484375,24942400
2022-01-11,326.7799987792969,334.6300048828125,325.2799987792969,334.3699951171875,331.7665100097656,16226800
2022-01-12,335.17999267578125,336.3699951171875,330.0299987792969,333.260009765625,330.66510009765625,14104900
2022-01-13,334.9800109863281,335.6300048828125,325.760009765625,326.4800109863281,323.9378967285156,14797100
2022-01-14,321.7900085449219,332.7300109863281,321.2099914550781,331.8999938964844,329.31573486328125,16868500
2022-01-18,323.2900085449219,324.2099914550781,317.6400146484375,318.1499938964844,315.6727600097656,22645600
2022-01-19,319.5799865722656,327.1000061035156,319.3299865722656,319.5899963378906,317.1015319824219,20814700
2022-01-20,323.8999938964844,327.82000732421875,315.9800109863281,316.55999755859375,314.0951843261719,16925000
2022-01-21,314.80999755859375,318.30999755859375,303.0400085449219,303.1700134277344,300.8094177246094,28710700
2022-01-24,297.8399963378906,309.5299987792969,289.010009765625,308.7099914550781,306.3062438964844,38878100
2022-01-25,299.95001220703125,306.2300109863281,297.5799865722656,300.1499938964844,297.81292724609375,25108500
2022-01-26,307.010009765625,307.510009765625,290.8500061035156,294.6300048828125,292.3359069824219,28348800
2022-01-27,297.75,301.7099914550781,294.260009765625,294.6400146484375,292.3458557128906,21629900
2022-01-28,295.6199951171875,301.8999938964844,293.0299987792969,301.7099914550781,299.36077880859375,21871600
2022-01-31,300.67999267578125,313.7900085449219,299.32000732421875,313.260009765625,310.82086181640625,21579500
2022-02-01,314.55999755859375,319.6600036621094,312.1199951171875,319.0,316.5161437988281,18023800
2022-02-02,327.82000732421875,328.0,316.8699951171875,323.0,320.4850158691406,58458300
2022-02-03,244.64999389648438,248.0,235.75,237.75999450683594,235.90870666503906,188119900
2022-02-04,234.97000122070312,242.61000061035156,230.11000061035156,237.08999633789062,235.2439422607422,89342200
2022-02-07,237.6999969482422,238.3000030517578,224.00999450683594,224.91000366210938,223.1587677001953,88613800
2022-02-08,220.85000610351562,225.77000427246094,216.14999389648438,220.17999267578125,218.465576171875,94729700
2022-02-09,224.1999969482422,233.3699951171875,222.2100067138672,232.0,230.19357299804688,86563300
2022-02-10,228.27000427246094,235.0,226.6999969482422,228.07000732421875,226.294189453125,49310400
2022-02-11,228.4600067138672,230.4199981689453,218.77000427246094,219.5500030517578,217.8404998779297,46156900
2022-02-14,219.30999755859375,221.0,214.77999877929688,217.6999969482422,216.00491333007812,38184000
2022-02-15,220.47000122070312,221.14999389648438,215.05999755859375,221.0,219.27919006347656,42685500
2022-02-16,212.41000366210938,217.4600067138672,212.36000061035156,216.5399932861328,214.8539276123047,45817500
2022-02-17,214.02000427246094,217.5,207.16000366210938,207.7100067138672,206.09271240234375,38747500
2022-02-18,209.38999938964844,210.75,205.17999267578125,206.16000366210938,204.5547637939453,37128400
2022-02-22,202.33999633789062,207.47999572753906,200.05999755859375,202.0800018310547,200.5065460205078,39852400
2022-02-23,204.16000366210938,206.94000244140625,198.0500030517578,198.4499969482422,196.90478515625,44481400
2022-02-24,191.05999755859375,208.35000610351562,190.22000122070312,207.60000610351562,205.98355102539062,49957200
2022-02-25,204.94000244140625,211.32000732421875,203.17999267578125,210.47999572753906,208.84109497070312,37627600
2022-02-28,207.67999267578125,213.14999389648438,206.8300018310547,211.02999877929688,209.38685607910156,34239800
2022-03-01,209.8699951171875,211.75,202.22000122070312,203.49000549316406,201.90553283691406,27094900
2022-03-02,204.77999877929688,209.14999389648438,202.02000427246094,208.11000061035156,206.48959350585938,29452100
2022-03-03,209.02000427246094,209.0800018310547,201.4199981689453,202.97000122070312,201.38961791992188,27263500
2022-03-04,202.3699951171875,205.88999938964844,198.7899932861328,200.05999755859375,198.5022735595703,32130900
2022-03-07,200.7899932861328,200.88999938964844,187.27999877929688,187.47000122070312,186.01028442382812,38560600
2022-03-08,187.85000610351562,196.6999969482422,186.11000061035156,190.2899932861328,188.80831909179688,37508100
2022-03-09,195.74000549316406,199.10000610351562,193.9199981689453,198.5,196.9544219970703,31894700
2022-03-10,194.83999633789062,196.27999877929688,191.07000732421875,195.2100067138672,193.69004821777344,24853000
2022-03-11,192.63999938964844,193.55999755859375,186.6699981689453,187.61000061035156,186.14920043945312,34694500
2022-03-14,187.02999877929688,192.2899932861328,185.82000732421875,186.6300048828125,185.1768341064453,31010500
2022-03-15,190.8000030517578,192.27999877929688,185.91000366210938,192.02999877929688,190.5347900390625,31721700
2022-03-16,194.6999969482422,203.72999572753906,194.52000427246094,203.6300048828125,202.04446411132812,40640300
2022-03-17,201.6999969482422,208.0399932861328,201.11000061035156,207.83999633789062,206.22166442871094,29499700
2022-03-18,206.6999969482422,216.8000030517578,206.0,216.49000549316406,214.80433654785156,52128000
2022-03-21,214.5,214.7100067138672,207.6300048828125,211.49000549316406,209.84326171875,30142300
2022-03-22,211.3699951171875,219.4600067138672,210.17999267578125,216.64999389648438,214.9630584716797,31998800
2022-03-23,213.3300018310547,216.8000030517578,212.16000366210938,213.4600067138672,211.7979278564453,23717300
2022-03-24,215.0,220.6699981689453,214.7899932861328,219.57000732421875,217.8603515625,31502300
2022-03-25,220.50999450683594,225.5,218.88999938964844,221.82000732421875,220.09283447265625,40039000
2022-03-28,222.1300048828125,224.0399932861328,219.5399932861328,223.58999633789062,221.8490447998047,26224100
2022-03-29,226.07000732421875,230.88999938964844,225.2899932861328,229.86000061035156,228.07022094726562,31417900
2022-03-30,228.91000366210938,231.14999389648438,226.7100067138672,227.85000610351562,226.0758819580078,25588000
2022-03-31,228.4499969482422,228.49000549316406,222.25999450683594,222.36000061035156,220.6286163330078,24192300
2022-04-01,224.5500030517578,227.27999877929688,222.6999969482422,224.85000610351562,223.09921264648438,19544800
2022-04-04,225.97999572753906,234.35000610351562,225.86000061035156,233.88999938964844,232.06883239746094,28054800
2022-04-05,234.0800018310547,236.86000061035156,231.02000427246094,231.83999633789062,230.03482055664062,29727200
2022-04-06,226.91000366210938,228.99000549316406,221.41000366210938,223.3000030517578,221.56130981445312,28995100
2022-04-07,223.92999267578125,225.52000427246094,218.55999755859375,222.9499969482422,221.21401977539062,21037200
2022-04-08,222.3800048828125,225.1300048828125,220.02999877929688,222.3300018310547,220.59886169433594,18375700
2022-04-11,218.4199981689453,220.61000061035156,215.22000122070312,216.4600067138672,214.77456665039062,20516600
2022-04-12,220.24000549316406,222.02999877929688,213.1300048828125,214.13999938964844,212.47262573242188,20128800
2022-04-13,211.82000732421875,216.61000061035156,211.3300018310547,214.99000549316406,213.31600952148438,19231800
2022-04-14,214.88999938964844,214.99000549316406,210.0,210.17999267578125,208.54345703125,18379500
2022-04-18,210.0,213.3800048828125,208.3000030517578,210.77000427246094,209.1288604736328,16580800
2022-04-19,210.52000427246094,218.42999267578125,209.0,217.30999755859375,215.617919921875,20089900
2022-04-20,213.61000061035156,214.16000366210938,198.9199981689453,200.4199981689453,198.85946655273438,43036500
2022-04-21,201.60000610351562,202.97000122070312,185.5800018310547,188.07000732421875,186.60562133789062,49954100
2022-04-22,190.3699951171875,192.72000122070312,183.27000427246094,184.11000061035156,182.6764373779297,36426800
2022-04-25,182.72999572753906,187.17999267578125,181.66000366210938,186.99000549316406,185.53399658203125,29281100
2022-04-26,186.6300048828125,187.19000244140625,179.5,180.9499969482422,179.5410614013672,31747400
2022-04-27,174.42999267578125,181.2100067138672,169.0,174.9499969482422,173.58778381347656,71062900
2022-04-28,202.9199981689453,208.52999877929688,192.89999389648438,205.72999572753906,204.12808227539062,100890600
2022-04-29,204.4600067138672,212.47999572753906,199.89999389648438,200.47000122070312,198.9090576171875,49193400
2022-05-02,201.1699981689453,211.8800048828125,200.99000549316406,211.1300048828125,209.48606872558594,49915300
2022-05-03,210.4499969482422,214.89999389648438,208.08999633789062,212.02999877929688,210.3790740966797,41556300
2022-05-04,210.64999389648438,224.3000030517578,206.9600067138672,223.41000366210938,221.67047119140625,41375900
2022-05-05,218.74000549316406,220.1699981689453,206.16000366210938,208.27999877929688,206.6582489013672,41129200
2022-05-06,207.33999633789062,209.3800048828125,201.02000427246094,203.77000427246094,202.18336486816406,34747200
2022-05-09,199.83999633789062,202.57000732421875,195.5800018310547,196.2100067138672,194.68223571777344,36303200
2022-05-10,199.50999450683594,202.9600067138672,194.19000244140625,197.64999389648438,196.11099243164062,34452500
2022-05-11,196.3300018310547,200.6699981689453,188.27000427246094,188.74000549316406,187.2703857421875,31153400
2022-05-12,187.05999755859375,198.0500030517578,184.77999877929688,191.24000549316406,189.75094604492188,38262200
2022-05-13,192.5800018310547,199.88999938964844,191.27999877929688,198.6199951171875,197.0734405517578,24549800
2022-05-16,197.0500030517578,205.3699951171875,195.92999267578125,200.0399932861328,198.48240661621094,27112600
2022-05-17,202.1199951171875,205.4600067138672,198.36000061035156,202.6199951171875,201.0423126220703,24872700
2022-05-18,200.0,201.0,191.6300048828125,192.24000549316406,190.74314880371094,23960000
2022-05-19,191.1999969482422,195.2899932861328,189.60000610351562,191.2899932861328,189.800537109375,24446900
2022-05-20,194.97000122070312,197.91000366210938,187.8699951171875,193.5399932861328,192.0330352783203,31465600
2022-05-23,195.19000244140625,196.99000549316406,191.24000549316406,196.22999572753906,194.7020721435547,25059200
2022-05-24,180.5500030517578,183.67999267578125,176.11000061035156,181.27999877929688,179.86849975585938,50406300
2022-05-25,180.39999389648438,185.4499969482422,179.32000732421875,183.8300018310547,182.39862060546875,28030200
2022-05-26,182.8800048828125,192.8300018310547,182.25999450683594,191.6300048828125,190.13787841796875,23056500
2022-05-27,191.36000061035156,195.3300018310547,189.8000030517578,195.1300048828125,193.6106719970703,22562700
2022-05-31,194.88999938964844,197.60000610351562,192.00999450683594,193.63999938964844,192.1322479248047,26131100
2022-06-01,196.50999450683594,199.52999877929688,185.0,188.63999938964844,187.1711883544922,36623500
2022-06-02,188.4499969482422,200.94000244140625,187.72999572753906,198.86000061035156,197.3115997314453,31951600
2022-06-03,195.97999572753906,196.61000061035156,189.77999877929688,190.77999877929688,189.2945098876953,19465000
2022-06-06,193.99000549316406,196.9199981689453,188.39999389648438,194.25,192.73748779296875,30574200
2022-06-07,191.92999267578125,196.52999877929688,191.49000549316406,195.64999389648438,194.1265869140625,18828700
2022-06-08,194.6699981689453,202.02999877929688,194.41000366210938,196.63999938964844,195.10888671875,22267200
2022-06-09,194.27999877929688,199.4499969482422,183.67999267578125,184.0,182.5673065185547,23501600
2022-06-10,183.0399932861328,183.10000610351562,175.02000427246094,175.57000732421875,174.2029571533203,27450800
2022-06-13,170.58999633789062,172.5800018310547,164.02999877929688,164.25999450683594,162.98101806640625,31749300
2022-06-14,166.02999877929688,166.75,161.36000061035156,163.72999572753906,162.45513916015625,27244300
2022-06-15,167.1999969482422,172.16000366210938,163.97999572753906,169.35000610351562,168.03138732910156,30008300
2022-06-16,163.72000122070312,165.0800018310547,159.61000061035156,160.8699951171875,159.6173858642578,26944100
2022-06-17,161.67999267578125,165.89999389648438,159.89999389648438,163.74000549316406,162.46505737304688,31374200
2022-06-21,165.92999267578125,167.75999450683594,155.97000122070312,157.0500030517578,155.8271484375,50724900
2022-06-22,158.3800048828125,160.7899932861328,155.44000244140625,155.85000610351562,154.63648986816406,47267800
2022-06-23,156.27000427246094,159.75,154.25,158.75,157.51393127441406,40499200
2022-06-24,161.72999572753906,170.25,161.3000030517578,170.16000366210938,168.8350830078125,68736000
2022-06-27,171.32000732421875,171.75,168.00999450683594,169.49000549316406,168.1702880859375,29174600
2022-06-28,169.89999389648438,171.3000030517578,160.61000061035156,160.67999267578125,159.42889404296875,27744500
2022-06-29,163.57000732421875,166.3300018310547,160.32000732421875,163.94000244140625,162.6634979248047,28595200
2022-06-30,162.14999389648438,165.22999572753906,158.49000549316406,161.25,159.9944305419922,35250600
2022-07-01,160.30999755859375,160.6199951171875,155.0,160.02999877929688,158.783935546875,31423900
2022-07-05,158.13999938964844,168.25,157.02000427246094,168.19000244140625,166.88038635253906,28618600
2022-07-06,168.1999969482422,171.58999633789062,165.4600067138672,169.77000427246094,168.4481201171875,23085900
2022-07-07,169.4499969482422,172.72000122070312,167.77999877929688,172.19000244140625,170.84925842285156,24083400
2022-07-08,169.97999572753906,172.39999389648438,168.14999389648438,170.8800048828125,169.54949951171875,19249200
2022-07-11,167.07000732421875,167.49000549316406,161.91000366210938,162.8800048828125,161.61175537109375,21885600
2022-07-12,164.8000030517578,165.91000366210938,162.10000610351562,163.27000427246094,161.9987335205078,16639700
2022-07-13,160.16000366210938,164.97999572753906,159.61000061035156,163.49000549316406,162.21701049804688,16555100
2022-07-14,161.22000122070312,162.58999633789062,157.27999877929688,158.0500030517578,156.8193817138672,23765200
2022-07-15,160.5399932861328,164.97999572753906,159.82000732421875,164.6999969482422,163.4176025390625,23342800
2022-07-18,166.75,171.69000244140625,165.63999938964844,167.22999572753906,165.92788696289062,23574300
2022-07-19,170.3699951171875,176.49000549316406,169.50999450683594,175.77999877929688,174.4113006591797,25933700
2022-07-20,177.49000549316406,183.60000610351562,176.6999969482422,183.08999633789062,181.6643829345703,24784300
2022-07-21,180.6300048828125,183.85000610351562,178.8699951171875,183.1699981689453,181.7437744140625,27195800
2022-07-22,173.07000732421875,175.60000610351562,168.41000366210938,169.27000427246094,167.9519805908203,42583900
2022-07-25,169.0,170.57000732421875,164.80999755859375,166.64999389648438,165.35240173339844,26166300
2022-07-26,165.94000244140625,166.0,157.9499969482422,159.14999389648438,157.91079711914062,28468400
2022-07-27,162.58999633789062,170.8699951171875,162.02000427246094,169.5800018310547,168.2595977783203,43846600
2022-07-28,161.05999755859375,161.50999450683594,154.85000610351562,160.72000122070312,159.4685821533203,73214300
2022-07-29,157.69000244140625,160.13999938964844,155.1699981689453,159.10000610351562,157.86117553710938,42065400
2022-08-01,157.25,165.19000244140625,155.22999572753906,159.92999267578125,158.68472290039062,40596700
2022-08-02,158.30999755859375,162.24000549316406,158.00999450683594,160.19000244140625,158.9427032470703,27374500
2022-08-03,162.69000244140625,169.5399932861328,161.57000732421875,168.8000030517578,167.4856719970703,31721900
2022-08-04,168.3000030517578,172.14999389648438,166.8000030517578,170.57000732421875,169.2418670654297,23938200
2022-08-05,166.99000549316406,171.61000061035156,165.8000030517578,167.11000061035156,165.80882263183594,25832700
2022-08-08,168.0,177.50999450683594,167.1300048828125,170.25,168.92437744140625,27299100
2022-08-09,168.9499969482422,169.52999877929688,166.60000610351562,168.52999877929688,167.21774291992188,18655100
2022-08-10,175.99000549316406,180.47999572753906,173.9499969482422,178.33999633789062,176.95138549804688,30262100
2022-08-11,179.7100067138672,183.10000610351562,176.3699951171875,177.49000549316406,176.10801696777344,24079100
2022-08-12,180.80999755859375,181.4600067138672,178.91000366210938,180.5,179.09454345703125,21274000
2022-08-15,178.9600067138672,181.44000244140625,178.1999969482422,180.88999938964844,179.48153686523438,15878700
2022-08-16,179.44000244140625,180.99000549316406,177.0399932861328,179.47000122070312,178.0725860595703,21156700
2022-08-17,176.75999450683594,178.13999938964844,174.1699981689453,174.85000610351562,173.48854064941406,20118100
2022-08-18,174.33999633789062,175.75999450683594,171.86000061035156,174.66000366210938,173.30003356933594,18844500
2022-08-19,170.1999969482422,172.32000732421875,167.0500030517578,167.9600067138672,166.65220642089844,26240800
2022-08-22,165.49000549316406,165.49000549316406,162.25999450683594,163.0500030517578,161.78045654296875,19499700
2022-08-23,162.47999572753906,165.0500030517578,160.6999969482422,161.11000061035156,159.85552978515625,18111800
2022-08-24,160.60000610351562,165.4600067138672,159.77000427246094,163.25999450683594,161.98876953125,20891500
2022-08-25,165.17999267578125,168.8800048828125,164.02000427246094,168.77999877929688,167.46580505371094,15550500
2022-08-26,168.47999572753906,170.9199981689453,161.6699981689453,161.77999877929688,160.5203094482422,24023600
2022-08-29,160.66000366210938,163.0500030517578,159.00999450683594,159.1699981689453,157.93063354492188,20052700
2022-08-30,160.35000610351562,161.66000366210938,155.91000366210938,157.16000366210938,155.93630981445312,19567900
2022-08-31,167.07000732421875,167.83999633789062,162.13999938964844,162.92999267578125,161.66136169433594,40953000
2022-09-01,163.5800018310547,167.36000061035156,160.35000610351562,165.36000061035156,164.0724639892578,30145700
2022-09-02,167.4499969482422,167.92999267578125,159.22000122070312,160.32000732421875,159.07171630859375,22634200
2022-09-06,160.10000610351562,161.69000244140625,157.69000244140625,158.5399932861328,157.3055419921875,19339800
2022-09-07,157.75999450683594,160.9600067138672,156.80999755859375,160.38999938964844,159.14114379882812,16831200
2022-09-08,158.7100067138672,162.22999572753906,157.74000549316406,162.05999755859375,160.79812622070312,22530800
2022-09-09,163.25,169.5399932861328,163.02000427246094,169.14999389648438,167.8329315185547,22086800
2022-09-12,167.38999938964844,171.38999938964844,167.27999877929688,168.9600067138672,167.64439392089844,23220400
2022-09-13,161.5399932861328,161.6300048828125,152.6699981689453,153.1300048828125,151.93768310546875,44444100
2022-09-14,153.3300018310547,153.5399932861328,149.0500030517578,151.47000122070312,150.2906036376953,43064200
2022-09-15,149.8000030517578,154.1999969482422,148.6999969482422,149.5500030517578,148.38555908203125,34606300
2022-09-16,148.0500030517578,148.5800018310547,144.2899932861328,146.2899932861328,145.1509246826172,40122800
2022-09-19,145.24000549316406,148.5800018310547,145.10000610351562,148.02000427246094,146.86746215820312,22169500
2022-09-20,145.77999877929688,148.83999633789062,145.22000122070312,146.08999633789062,144.9524688720703,23217400
2022-09-21,146.38999938964844,149.60000610351562,142.0,142.1199951171875,141.01339721679688,38338600
2022-09-22,141.5500030517578,144.5800018310547,140.8699951171875,142.82000732421875,141.70794677734375,34418500
2022-09-23,141.4199981689453,142.6199951171875,138.88999938964844,140.41000366210938,139.31671142578125,31710700
2022-09-26,140.1199951171875,142.24000549316406,136.19000244140625,136.3699951171875,135.3081817626953,30497000
2022-09-27,137.9199981689453,139.4199981689453,134.1199951171875,134.39999389648438,133.353515625,30826500
2022-09-28,134.6199951171875,142.02999877929688,134.27000427246094,141.61000061035156,140.5073699951172,32658500
2022-09-29,139.36000061035156,139.83999633789062,135.1999969482422,136.41000366210938,135.3478546142578,38985400
2022-09-30,136.0500030517578,140.99000549316406,135.5,135.67999267578125,134.62351989746094,33166400
2022-10-03,137.13999938964844,139.6199951171875,136.10000610351562,138.61000061035156,137.53074645996094,27723100
2022-10-04,140.49000549316406,142.38999938964844,139.33999633789062,140.27999877929688,139.18772888183594,34670700
2022-10-05,138.24000549316406,140.2100067138672,134.77999877929688,138.97999572753906,137.8978271484375,27979300
2022-10-06,137.72000122070312,141.4499969482422,136.60000610351562,139.07000732421875,137.9871826171875,36231100
2022-10-07,136.75999450683594,138.2899932861328,132.44000244140625,133.4499969482422,132.41091918945312,33214800
2022-10-10,133.5500030517578,136.11000061035156,131.8699951171875,133.7899932861328,132.74827575683594,24024000
2022-10-11,131.6199951171875,132.66000366210938,126.98999786376953,128.5399932861328,127.53913879394531,38481400
2022-10-12,128.32000732421875,129.6699981689453,126.25,127.5,126.50723266601562,34605200
2022-10-13,123.52999877929688,131.13999938964844,122.52999877929688,130.2899932861328,129.27548217773438,34325700
2022-10-14,131.0,131.7899932861328,126.5199966430664,126.76000213623047,125.77299499511719,23559400
2022-10-17,130.3000030517578,134.7899932861328,130.17999267578125,134.0399932861328,132.99630737304688,29612200
2022-10-18,137.08999633789062,137.83999633789062,131.39999389648438,132.8000030517578,131.76597595214844,25445000
2022-10-19,132.88999938964844,137.0,132.22000122070312,133.22999572753906,132.19261169433594,30691000
2022-10-20,132.92999267578125,136.77000427246094,131.30999755859375,131.52999877929688,130.50584411621094,26356300
2022-10-21,126.30999755859375,130.1199951171875,125.44000244140625,130.00999450683594,128.99769592285156,46348600
2022-10-24,127.25,133.47999572753906,124.56999969482422,129.72000122070312,128.70994567871094,63563400
2022-10-25,130.8800048828125,138.35000610351562,130.58999633789062,137.50999450683594,136.4392852783203,38433200
2022-10-26,131.67999267578125,135.5500030517578,128.52999877929688,129.82000732421875,128.80918884277344,82791500
2022-10-27,97.9800033569336,102.5,96.37999725341797,97.94000244140625,97.17739868164062,232316600
2022-10-28,99.58000183105469,100.8499984741211,97.51000213623047,99.19999694824219,98.4275894165039,95928300
2022-10-31,98.22000122070312,99.31999969482422,92.5999984741211,93.16000366210938,92.43463134765625,121361400
2022-11-01,94.33000183105469,97.48999786376953,93.55000305175781,95.19999694824219,94.45873260498047,110189600
2022-11-02,94.20999908447266,95.19999694824219,90.4800033569336,90.54000091552734,89.83502960205078,71821100
2022-11-03,90.08000183105469,90.45999908447266,88.41000366210938,88.91000366210938,88.21772003173828,60664000
2022-11-04,90.3499984741211,91.38999938964844,88.08999633789062,90.79000091552734,90.08308410644531,55638100
2022-11-07,94.77999877929688,96.87999725341797,93.0999984741211,96.72000122070312,95.96690368652344,81987300
2022-11-08,95.91999816894531,97.80000305175781,94.79000091552734,96.47000122070312,95.7188491821289,52088300
2022-11-09,101.72000122070312,104.9000015258789,100.73999786376953,101.47000122070312,100.67990112304688,107677300
2022-11-10,107.12000274658203,112.75,104.61000061035156,111.87000274658203,110.99893951416016,80671000
2022-11-11,109.2300033569336,114.9000015258789,108.80999755859375,113.0199966430664,112.13998413085938,59961700
2022-11-14,110.98999786376953,116.2699966430664,110.80000305175781,114.22000122070312,113.33065032958984,53395000
2022-11-15,116.06999969482422,118.73999786376953,114.41000366210938,117.08000183105469,116.16837310791016,50670500
2022-11-16,114.5,116.08000183105469,112.66000366210938,113.2300033569336,112.34834289550781,33287800
2022-11-17,110.41000366210938,112.33000183105469,109.80000305175781,111.44999694824219,110.58220672607422,35093800
2022-11-18,113.80000305175781,114.31999969482422,110.62000274658203,112.05000305175781,111.17753601074219,33357700
2022-11-21,111.5199966430664,112.37000274658203,109.19000244140625,109.86000061035156,109.00458526611328,24351100
2022-11-22,109.86000061035156,111.62000274658203,108.31999969482422,111.44000244140625,110.57228088378906,29029000
2022-11-23,111.72000122070312,112.66999816894531,110.7300033569336,112.23999786376953,111.36605834960938,21343100
2022-11-25,111.30000305175781,112.7300033569336,111.0199966430664,111.41000366210938,110.54252624511719,12007600
2022-11-28,110.77999877929688,112.04000091552734,108.37999725341797,108.77999877929688,107.93299102783203,23309400
2022-11-29,109.54000091552734,110.94000244140625,108.54000091552734,109.45999908447266,108.60770416259766,23899200
2022-11-30,109.51000213623047,118.16000366210938,109.37999725341797,118.0999984741211,117.18041229248047,43348600
2022-12-01,119.19999694824219,121.19999694824219,118.4000015258789,120.44000244140625,119.50221252441406,36551400
2022-12-02,117.83000183105469,124.04000091552734,117.61000061035156,123.48999786376953,122.52845001220703,39950500
2022-12-05,121.75,124.66999816894531,121.3499984741211,122.43000030517578,121.4767074584961,35474900
2022-12-06,119.91000366210938,120.55000305175781,113.73999786376953,114.12000274658203,113.23143005371094,43689200
2022-12-07,113.76000213623047,115.87999725341797,112.87999725341797,113.93000030517578,113.04289245605469,29461100
2022-12-08,116.38999938964844,117.33999633789062,114.58999633789062,115.33000183105469,114.43199920654297,30619400
2022-12-09,115.30000305175781,117.54000091552734,113.87000274658203,115.9000015258789,114.99756622314453,26033400
2022-12-12,115.18000030517578,115.72000122070312,113.13999938964844,114.70999908447266,113.81681823730469,24747100
2022-12-13,122.12999725341797,123.30000305175781,118.63999938964844,120.1500015258789,119.21446990966797,44701100
2022-12-14,119.38999938964844,124.13999938964844,119.38999938964844,121.58999633789062,120.64324951171875,36922000
2022-12-15,118.33000183105469,118.62999725341797,114.01000213623047,116.1500015258789,115.24561309814453,34531000
2022-12-16,120.2300033569336,123.30999755859375,118.81999969482422,119.43000030517578,118.50006866455078,67064000
2022-12-19,116.83000183105469,117.80000305175781,114.33000183105469,114.4800033569336,113.58860778808594,29769900
2022-12-20,113.26000213623047,117.33000183105469,112.45999908447266,117.08999633789062,116.17829895019531,28742500
2022-12-21,116.69999694824219,120.33999633789062,115.62000274658203,119.76000213623047,118.82749938964844,20392800
2022-12-22,117.19999694824219,118.62000274658203,114.37999725341797,117.12000274658203,116.20806121826172,23618100
2022-12-23,116.02999877929688,118.18000030517578,115.54000091552734,118.04000091552734,117.12090301513672,17796600
2022-12-27,117.93000030517578,118.5999984741211,116.05000305175781,116.87999725341797,115.96993255615234,21392300
2022-12-28,116.25,118.1500015258789,115.51000213623047,115.62000274658203,114.71974182128906,19612500
2022-12-29,116.4000015258789,121.02999877929688,115.7699966430664,120.26000213623047,119.3236083984375,22366200
2022-12-30,118.16000366210938,120.41999816894531,117.73999786376953,120.33999633789062,119.4029769897461,19583800
2023-01-03,122.81999969482422,126.37000274658203,122.27999877929688,124.73999786376953,123.76872253417969,35528500
2023-01-04,127.37999725341797,129.0500030517578,125.8499984741211,127.37000274658203,126.37825012207031,32397100
2023-01-05,126.12999725341797,128.52000427246094,124.54000091552734,126.94000244140625,125.95160675048828,25447100
2023-01-06,128.97000122070312,130.3300018310547,126.04000091552734,130.02000427246094,129.00762939453125,27584500
2023-01-09,131.16000366210938,132.9499969482422,129.27999877929688,129.47000122070312,128.4619140625,26649100
2023-01-10,127.2699966430664,133.44000244140625,127.1500015258789,132.99000549316406,131.95449829101562,28684400
2023-01-11,130.9600067138672,133.85000610351562,130.33999633789062,132.88999938964844,131.85528564453125,25423000
2023-01-12,133.44000244140625,137.67999267578125,131.75999450683594,136.7100067138672,135.6455535888672,30757700
2023-01-13,134.97000122070312,137.38999938964844,134.83999633789062,136.97999572753906,135.91342163085938,22423800
2023-01-17,136.17999267578125,136.75,134.25,135.36000061035156,134.3060302734375,21147600
2023-01-18,135.80999755859375,137.25,132.8000030517578,133.02000427246094,131.9842529296875,20215500
2023-01-19,132.49000549316406,137.4499969482422,132.13999938964844,136.14999389648438,135.0898895263672,28625200
2023-01-20,135.88999938964844,139.94000244140625,134.61000061035156,139.3699951171875,138.28480529785156,28688600
2023-01-23,139.2899932861328,143.75999450683594,138.66000366210938,143.27000427246094,142.15444946289062,27470100
2023-01-24,141.69000244140625,145.0,141.36000061035156,143.13999938964844,142.0254669189453,21970200
2023-01-25,141.22000122070312,143.1699981689453,140.30999755859375,141.5,140.39822387695312,26622000
2023-01-26,144.39999389648438,147.50999450683594,143.3000030517578,147.3000030517578,146.153076171875,25482100
2023-01-27,148.24000549316406,153.19000244140625,147.38999938964844,151.74000549316406,150.55850219726562,35771900
2023-01-30,149.41000366210938,151.1199951171875,146.9499969482422,147.05999755859375,145.9149169921875,28040100
2023-01-31,147.9499969482422,149.8800048828125,147.52000427246094,148.97000122070312,147.81007385253906,29842100
2023-02-01,148.02999877929688,153.5800018310547,147.05999755859375,153.1199951171875,151.927734375,55661000
2023-02-02,183.3800048828125,197.16000366210938,180.16000366210938,188.77000427246094,187.3001708984375,150475700
2023-02-03,183.47000122070312,196.77000427246094,182.88999938964844,186.52999877929688,185.07762145996094,76809700
2023-02-06,186.52999877929688,190.6999969482422,185.52000427246094,186.05999755859375,184.61126708984375,42483800
2023-02-07,185.5800018310547,193.77999877929688,184.39999389648438,191.6199951171875,190.1279754638672,47080700
2023-02-08,190.0,190.8300018310547,182.9199981689453,183.42999267578125,182.00173950195312,36139100
2023-02-09,186.1300048828125,186.64999389648438,177.27000427246094,177.9199981689453,176.53465270996094,37118800
2023-02-10,176.35000610351562,178.88999938964844,173.35000610351562,174.14999389648438,172.7939910888672,33433600
2023-02-13,178.22000122070312,181.0,175.82000732421875,179.42999267578125,178.03289794921875,31463200
2023-02-14,177.16000366210938,181.50999450683594,175.8800048828125,179.47999572753906,178.08250427246094,24034600
2023-02-15,176.4199981689453,178.19000244140625,175.3300018310547,177.16000366210938,175.7805938720703,25308900
2023-02-16,172.75,175.85000610351562,171.7899932861328,172.44000244140625,171.0973358154297,25827500
2023-02-17,170.22000122070312,173.17999267578125,169.6999969482422,172.8800048828125,171.5338897705078,24171300
2023-02-21,174.30999755859375,178.1699981689453,171.8800048828125,172.0800018310547,170.74012756347656,34592600
2023-02-22,171.07000732421875,172.75999450683594,169.69000244140625,171.1199951171875,169.78758239746094,22433200
2023-02-23,172.0,173.69000244140625,169.3800048828125,172.0399932861328,170.70042419433594,20017800
2023-02-24,168.63999938964844,170.72000122070312,167.66000366210938,170.38999938964844,169.06329345703125,19791300
2023-02-27,171.8800048828125,173.1199951171875,169.05999755859375,169.5399932861328,168.2198944091797,19277000
2023-02-28,171.89999389648438,177.5500030517578,171.8699951171875,174.94000244140625,173.57786560058594,46051100
2023-03-01,174.58999633789062,177.85000610351562,173.0500030517578,173.4199981689453,172.06967163085938,30998400
2023-03-02,172.3800048828125,175.00999450683594,171.42999267578125,174.52999877929688,173.17103576660156,17352000
2023-03-03,178.9199981689453,186.6199951171875,177.0500030517578,185.25,183.80758666992188,45877700
2023-03-06,188.0,189.66000366210938,184.63999938964844,184.89999389648438,183.4602813720703,33209400
2023-03-07,189.0,190.36000061035156,184.00999450683594,184.50999450683594,183.07333374023438,36701500
2023-03-08,182.8699951171875,185.25999450683594,181.33999633789062,184.97000122070312,183.5297393798828,19432400
2023-03-09,186.35000610351562,188.92999267578125,180.3000030517578,181.69000244140625,180.27528381347656,26582800
2023-03-10,181.00999450683594,184.77000427246094,178.8000030517578,179.50999450683594,178.1122589111328,25665000
2023-03-13,177.9600067138672,183.77999877929688,174.82000732421875,180.89999389648438,179.49142456054688,24728000
2023-03-14,187.5800018310547,194.32000732421875,186.55999755859375,194.02000427246094,192.50927734375,41642600
2023-03-15,192.9499969482422,197.77999877929688,190.83999633789062,197.75,196.21023559570312,42123600
2023-03-16,198.25999450683594,205.75999450683594,196.08999633789062,204.92999267578125,203.33433532714844,50447100
2023-03-17,200.55999755859375,201.89999389648438,195.42999267578125,195.61000061035156,194.08688354492188,50141100
2023-03-20,198.47999572753906,199.36000061035156,193.63999938964844,197.80999755859375,196.269775390625,25186300
2023-03-21,203.1999969482422,203.5500030517578,197.9499969482422,202.16000366210938,200.58590698242188,31827000
2023-03-22,202.5,207.3699951171875,199.6699981689453,199.80999755859375,198.2541961669922,28477800
2023-03-23,202.83999633789062,207.8800048828125,202.14999389648438,204.27999877929688,202.6893768310547,27389700
2023-03-24,205.17999267578125,207.5800018310547,203.5500030517578,206.00999450683594,204.4059295654297,27716400
2023-03-27,204.80999755859375,205.86000061035156,201.36000061035156,202.83999633789062,201.26063537597656,18527200
2023-03-28,200.14999389648438,201.02999877929688,197.89999389648438,200.67999267578125,199.11741638183594,19127300
2023-03-29,203.55999755859375,205.72000122070312,202.5399932861328,205.35000610351562,203.75108337402344,18851100
2023-03-30,203.3800048828125,208.08999633789062,202.82000732421875,207.83999633789062,206.22166442871094,22608300
2023-03-31,207.24000549316406,212.1699981689453,206.77000427246094,211.94000244140625,210.28977966308594,25440300
2023-04-03,208.83999633789062,213.49000549316406,208.1999969482422,213.07000732421875,211.4109649658203,17924600
2023-04-04,213.38999938964844,216.24000549316406,212.5399932861328,214.72000122070312,213.04811096191406,21026400
2023-04-05,214.14999389648438,215.19000244140625,209.94000244140625,211.47999572753906,209.83334350585938,19396600
2023-04-06,209.25,216.94000244140625,208.64999389648438,216.10000610351562,214.41737365722656,26104400
2023-04-10,214.7100067138672,215.66000366210938,210.66000366210938,214.75,213.07785034179688,16106100
2023-04-11,215.47999572753906,216.02000427246094,213.41000366210938,213.85000610351562,212.18487548828125,16710100
2023-04-12,214.83999633789062,216.83999633789062,212.5800018310547,214.0,212.33372497558594,18972200
2023-04-13,215.72999572753906,221.14999389648438,215.69000244140625,220.35000610351562,218.63429260253906,23310400
2023-04-14,217.8800048828125,222.11000061035156,217.5500030517578,221.49000549316406,219.76539611816406,21591200
2023-04-17,219.7899932861328,220.97999572753906,217.1300048828125,218.86000061035156,217.1558837890625,15481900
2023-04-18,219.91000366210938,220.44000244140625,216.2100067138672,217.88999938964844,216.1934356689453,12281000
2023-04-19,213.47000122070312,217.3300018310547,212.92999267578125,215.6999969482422,214.0204620361328,15898100
2023-04-20,213.47999572753906,216.75,212.77000427246094,213.07000732421875,211.4109649658203,16475400
2023-04-21,210.2100067138672,213.41000366210938,209.5800018310547,212.88999938964844,211.2323760986328,17717200
2023-04-24,213.67999267578125,213.9199981689453,210.7100067138672,212.7899932861328,211.13311767578125,15750900
2023-04-25,210.82000732421875,211.25999450683594,207.1300048828125,207.5500030517578,205.93392944335938,19198200
2023-04-26,212.5,214.11000061035156,208.8800048828125,209.39999389648438,207.76953125,41992700
2023-04-27,239.88999938964844,241.69000244140625,236.77000427246094,238.55999755859375,236.70248413085938,71196500
2023-04-28,239.00999450683594,240.42999267578125,235.75,240.32000732421875,238.4487762451172,39554000
2023-05-01,238.6199951171875,244.0,236.4600067138672,243.17999267578125,241.2864990234375,29143900
2023-05-02,243.17999267578125,244.9199981689453,238.99000549316406,239.24000549316406,237.37716674804688,24350100
2023-05-03,239.47000122070312,241.75,232.75,237.02999877929688,235.18441772460938,34463900
2023-05-04,236.05999755859375,238.1999969482422,232.92999267578125,233.52000427246094,231.70172119140625,17889400
2023-05-05,232.24000549316406,234.67999267578125,229.85000610351562,232.77999877929688,230.9674835205078,27000500
2023-05-08,231.4199981689453,235.6199951171875,230.27000427246094,233.27000427246094,231.4536895751953,16400500
2023-05-09,231.4600067138672,235.8800048828125,231.0800018310547,233.3699951171875,231.5529022216797,16865600
2023-05-10,236.1699981689453,236.75,230.72000122070312,233.0800018310547,231.26515197753906,19119000
2023-05-11,233.0500030517578,238.2100067138672,232.3000030517578,235.7899932861328,233.95404052734375,20449000
2023-05-12,236.74000549316406,236.9600067138672,231.4499969482422,233.80999755859375,231.9894561767578,16161400
2023-05-15,236.9199981689453,240.25999450683594,235.3300018310547,238.86000061035156,237.00013732910156,20653200
2023-05-16,235.7899932861328,239.63999938964844,235.52000427246094,238.82000732421875,236.9604949951172,18163800
2023-05-17,238.4499969482422,243.83999633789062,238.13999938964844,242.49000549316406,240.60189819335938,21193100
2023-05-18,241.3000030517578,247.08999633789062,241.19000244140625,246.85000610351562,244.9279327392578,22943300
2023-05-19,247.47000122070312,248.69000244140625,243.41000366210938,245.63999938964844,243.72735595703125,21733600
2023-05-22,245.41000366210938,253.57000732421875,245.1199951171875,248.32000732421875,246.38650512695312,27738500
2023-05-23,246.80999755859375,251.61000061035156,246.64999389648438,246.74000549316406,244.81878662109375,17748100
2023-05-24,245.27999877929688,249.58999633789062,244.9499969482422,249.2100067138672,247.26954650878906,17724300
2023-05-25,253.39999389648438,255.6199951171875,249.1699981689453,252.69000244140625,250.7224578857422,22371400
2023-05-26,252.92999267578125,262.30999755859375,252.7100067138672,262.0400085449219,259.9996643066406,25727200
2023-05-30,265.25,268.6499938964844,261.2900085449219,262.5199890136719,260.4759216308594,23816500
2023-05-31,260.0,265.0,258.45001220703125,264.7200012207031,262.6587829589844,25473700
2023-06-01,265.8999938964844,274.0,265.8900146484375,272.6099853515625,270.4873352050781,25609500
2023-06-02,272.6600036621094,275.3500061035156,271.1199951171875,272.6099853515625,270.4873352050781,19416900
2023-06-05,270.29998779296875,275.57000732421875,269.55999755859375,271.3900146484375,269.27685546875,20742900
2023-06-06,270.1400146484375,276.57000732421875,269.69000244140625,271.1199951171875,269.0089416503906,19419000
2023-06-07,271.6700134277344,274.25,262.79998779296875,263.6000061035156,261.5475158691406,26163600
2023-06-08,260.6199951171875,267.6499938964844,258.8800048828125,264.5799865722656,262.51983642578125,20899400
2023-06-09,262.4800109863281,267.95001220703125,261.70001220703125,264.95001220703125,262.8869934082031,16949800
2023-06-12,267.1700134277344,271.75,265.3299865722656,271.04998779296875,268.9394836425781,15442500
2023-06-13,274.8800048828125,275.7200012207031,269.0899963378906,271.32000732421875,269.20733642578125,16164000
2023-06-14,271.8900146484375,274.989990234375,268.32000732421875,273.3500061035156,271.2216491699219,19175100
2023-06-15,272.29998779296875,283.989990234375,271.4200134277344,281.8299865722656,279.63555908203125,25973500
2023-06-16,284.75,287.8500061035156,280.1300048828125,281.0,278.81201171875,43127700
2023-06-20,278.7300109863281,284.79998779296875,276.2200012207031,284.3299865722656,282.1160888671875,20701600
2023-06-21,283.5299987792969,284.0,278.3599853515625,281.6400146484375,279.4470520019531,20556200
2023-06-22,279.0799865722656,285.260009765625,277.7900085449219,284.8800048828125,282.6618347167969,17563100
2023-06-23,281.510009765625,289.6700134277344,278.95001220703125,288.7300109863281,286.4818420410156,51092000
2023-06-26,288.70001220703125,289.7900085449219,277.6000061035156,278.4700012207031,276.3017272949219,24232700
2023-06-27,282.010009765625,289.3500061035156,280.6499938964844,287.04998779296875,284.8149108886719,26108300
2023-06-28,284.82000732421875,289.54998779296875,284.05999755859375,285.2900085449219,283.068603515625,16722100
2023-06-29,284.5,286.57000732421875,280.69000244140625,281.5299987792969,279.3379211425781,15395700
2023-06-30,284.760009765625,289.04998779296875,284.4200134277344,286.9800109863281,284.7454833984375,19694900
2023-07-03,286.70001220703125,289.3999938964844,284.8500061035156,286.0199890136719,283.79296875,8629300
2023-07-05,287.6499938964844,298.1199951171875,286.3599853515625,294.3699951171875,292.0779113769531,33865500
2023-07-06,295.8900146484375,298.1199951171875,291.30999755859375,291.989990234375,289.7164306640625,47600500
2023-07-07,292.17999267578125,296.20001220703125,288.6600036621094,290.5299987792969,288.267822265625,25586000
2023-07-10,295.54998779296875,298.1300048828125,287.04998779296875,294.1000061035156,291.8100280761719,37058300
2023-07-11,293.8999938964844,300.17999267578125,291.8999938964844,298.2900085449219,295.9674072265625,27585900
2023-07-12,301.75,309.45001220703125,300.1000061035156,309.3399963378906,306.9313659667969,36677100
2023-07-13,313.6199951171875,316.239990234375,310.2900085449219,313.4100036621094,310.96966552734375,30281000
2023-07-14,311.7900085449219,314.8800048828125,307.3599853515625,308.8699951171875,306.4649963378906,23054100
2023-07-17,307.5400085449219,311.7099914550781,304.7099914550781,310.6199951171875,308.2013854980469,25323100
2023-07-18,310.8800048828125,314.20001220703125,307.6199951171875,312.04998779296875,309.6202392578125,20731900
2023-07-19,313.0299987792969,318.67999267578125,310.5199890136719,316.010009765625,313.5494079589844,21763700
2023-07-20,313.5,315.5400085449219,302.2200012207031,302.5199890136719,300.1644592285156,23836900
2023-07-21,304.57000732421875,305.4599914550781,291.20001220703125,294.260009765625,291.96875,42139300
2023-07-24,295.7799987792969,297.5199890136719,288.29998779296875,291.6099853515625,289.3393859863281,24915700
2023-07-25,295.19000244140625,298.29998779296875,291.8599853515625,294.4700012207031,292.1771545410156,19585600
2023-07-26,301.19000244140625,301.7699890136719,291.8999938964844,298.57000732421875,296.2452392578125,47256900
2023-07-27,325.1199951171875,325.3500061035156,309.8399963378906,311.7099914550781,309.2828674316406,64229200
2023-07-28,316.8800048828125,326.20001220703125,314.25,325.4800109863281,322.94573974609375,39220300
2023-07-31,323.69000244140625,325.6600036621094,317.5899963378906,318.6000061035156,316.1192626953125,25799600
2023-08-01,317.5400085449219,324.1400146484375,314.6600036621094,322.7099914550781,320.1972961425781,22817900
2023-08-02,318.0,318.3900146484375,310.6499938964844,314.30999755859375,311.8626708984375,20461100
2023-08-03,309.92999267578125,315.95001220703125,309.92999267578125,313.19000244140625,310.7513427734375,15180200
2023-08-04,314.9599914550781,318.4100036621094,310.20001220703125,310.7300109863281,308.310546875,17612800
2023-08-07,313.2300109863281,317.07000732421875,310.4599914550781,316.55999755859375,314.0951843261719,16236500
2023-08-08,314.3999938964844,317.8900146484375,310.1099853515625,312.6400146484375,310.2056579589844,15183500
2023-08-09,312.8800048828125,313.6300048828125,302.8500061035156,305.2099914550781,302.83349609375,19955800
2023-08-10,307.94000244140625,312.3399963378906,303.8699951171875,305.739990234375,303.35943603515625,14358900
2023-08-11,302.57000732421875,304.7200012207031,300.3599853515625,301.6400146484375,299.2913513183594,14046300
2023-08-14,300.9800109863281,306.2099914550781,298.25,306.19000244140625,303.8058776855469,15641900
2023-08-15,306.1400146484375,307.2300109863281,300.0299987792969,301.95001220703125,299.59893798828125,11623600
2023-08-16,300.20001220703125,301.0799865722656,294.2799987792969,294.2900085449219,291.99853515625,18547700
2023-08-17,293.04998779296875,296.04998779296875,284.95001220703125,285.0899963378906,282.87017822265625,23950100
2023-08-18,279.0299987792969,285.69000244140625,274.3800048828125,283.25,281.04449462890625,35347900
2023-08-21,283.45001220703125,290.5,281.8500061035156,289.8999938964844,287.6427307128906,20181500
2023-08-22,292.54998779296875,292.8999938964844,286.75,287.6000061035156,285.36065673828125,12980200
2023-08-23,288.5,297.3999938964844,287.6700134277344,294.239990234375,291.948974609375,18287000
2023-08-24,298.5,299.4599914550781,286.6400146484375,286.75,284.5172424316406,18360900
2023-08-25,286.1300048828125,288.3900146484375,276.0299987792969,285.5,283.2770080566406,23701400
2023-08-28,288.0,291.45001220703125,285.79998779296875,290.260009765625,287.9999694824219,14239300
2023-08-29,288.5799865722656,299.1499938964844,288.17999267578125,297.989990234375,295.66973876953125,20844500
2023-08-30,297.1700134277344,298.2900085449219,293.42999267578125,295.1000061035156,292.8022766113281,17717000
2023-08-31,295.79998779296875,301.1000061035156,295.6600036621094,295.8900146484375,293.5860900878906,17229900
2023-09-01,299.3699951171875,301.739990234375,294.4700012207031,296.3800048828125,294.0722961425781,12842300
2023-09-05,297.0199890136719,301.3900146484375,295.510009765625,300.1499938964844,297.81292724609375,14956000
2023-09-06,301.7099914550781,303.29998779296875,295.6600036621094,299.1700134277344,296.840576171875,15418100
2023-09-07,298.0,307.04998779296875,292.2200012207031,298.6700134277344,296.344482421875,33748700
2023-09-08,299.2200012207031,305.25,296.7799987792969,297.8900146484375,295.57049560546875,17548000
2023-09-11,301.4100036621094,309.0400085449219,301.2799987792969,307.55999755859375,305.1651916503906,19489300
2023-09-12,306.3299865722656,308.6600036621094,300.2300109863281,301.6600036621094,299.3111572265625,13480400
2023-09-13,302.3599853515625,307.17999267578125,301.32000732421875,305.05999755859375,302.6847229003906,13210900
2023-09-14,306.739990234375,312.8699951171875,305.0299987792969,311.7200012207031,309.2928466796875,19343100
2023-09-15,311.6099853515625,312.0,298.75,300.30999755859375,297.9716796875,28131100
2023-09-18,298.19000244140625,303.6000061035156,297.79998779296875,302.54998779296875,300.1941833496094,14234200
2023-09-19,302.4800109863281,306.1700134277344,299.80999755859375,305.07000732421875,302.6946105957031,15924400
2023-09-20,305.04998779296875,308.05999755859375,299.42999267578125,299.6700134277344,297.3367004394531,19379500
2023-09-21,295.70001220703125,300.260009765625,293.2699890136719,295.7300109863281,293.42730712890625,21319600
2023-09-22,299.29998779296875,305.3800048828125,298.2699890136719,299.0799865722656,296.7512512207031,25369600
2023-09-25,295.6400146484375,300.95001220703125,293.70001220703125,300.8299865722656,298.48760986328125,18987000
2023-09-26,297.6600036621094,300.29998779296875,296.010009765625,298.9599914550781,296.6322021484375,19417200
2023-09-27,300.45001220703125,301.29998779296875,286.7900085449219,297.739990234375,295.4216613769531,36429800
2023-09-28,298.94000244140625,306.3299865722656,296.70001220703125,303.9599914550781,301.5932312011719,22167100
2023-09-29,307.3800048828125,310.6400146484375,299.3599853515625,300.2099914550781,297.8724365234375,25373700
2023-10-02,302.739990234375,307.17999267578125,301.6300048828125,306.82000732421875,304.4310302734375,16265600
2023-10-03,304.260009765625,306.7699890136719,299.6400146484375,300.94000244140625,298.59674072265625,17362300
2023-10-04,298.7300109863281,306.8999938964844,298.5,305.5799865722656,303.20062255859375,16880500
2023-10-05,304.6300048828125,306.2099914550781,299.5,304.7900085449219,302.41680908203125,19130000
2023-10-06,301.44000244140625,316.30999755859375,300.9100036621094,315.42999267578125,312.97393798828125,21803900
2023-10-09,312.5,320.3299865722656,311.82000732421875,318.3599853515625,315.88116455078125,22503700
2023-10-10,319.1199951171875,324.6600036621094,318.1600036621094,321.8399963378906,319.33404541015625,19038000
2023-10-11,323.010009765625,328.8399963378906,322.95001220703125,327.82000732421875,325.2674865722656,22036300
2023-10-12,328.0,330.5400085449219,322.69000244140625,324.1600036621094,321.635986328125,20530500
2023-10-13,323.5299987792969,325.04998779296875,312.3699951171875,314.69000244140625,312.2397155761719,21341000
2023-10-16,318.6400146484375,321.82000732421875,315.5199890136719,321.1499938964844,318.6493835449219,16536100
2023-10-17,318.17999267578125,324.3999938964844,317.29998779296875,324.0,321.47723388671875,16387800
2023-10-18,321.3900146484375,325.94000244140625,315.55999755859375,316.9700012207031,314.5019226074219,16851000
2023-10-19,319.8800048828125,321.8900146484375,311.75,312.80999755859375,310.374267578125,18709200
2023-10-20,314.1400146484375,315.29998779296875,306.4700012207031,308.6499938964844,306.24676513671875,22312300
2023-10-23,309.5,317.3599853515625,307.260009765625,314.010009765625,311.5650634765625,17796800
2023-10-24,316.7799987792969,318.3500061035156,310.6300048828125,312.54998779296875,310.1163330078125,19525500
2023-10-25,310.0,310.8800048828125,298.8399963378906,299.5299987792969,297.1977233886719,42192500
2023-10-26,295.0,295.0,279.3999938964844,288.3500061035156,286.10479736328125,66684100
2023-10-27,294.4800109863281,299.30999755859375,292.9700012207031,296.7300109863281,294.4195556640625,29596300
2023-10-30,299.0899963378906,309.3999938964844,299.04998779296875,302.6600036621094,300.30340576171875,28435100
2023-10-31,303.30999755859375,303.67999267578125,296.8599853515625,301.2699890136719,298.9241943359375,19434200
2023-11-01,301.8500061035156,312.739990234375,301.8500061035156,311.8500061035156,309.421875,20434600
2023-11-02,317.29998779296875,318.82000732421875,308.3299865722656,310.8699951171875,308.4494323730469,21631800
2023-11-03,312.54998779296875,315.54998779296875,311.0199890136719,314.6000061035156,312.150390625,16764300
2023-11-06,315.9800109863281,318.3299865722656,314.45001220703125,315.79998779296875,313.3410949707031,12887700
2023-11-07,317.05999755859375,321.0,315.1199951171875,318.82000732421875,316.33758544921875,14055600
2023-11-08,318.1400146484375,321.3299865722656,314.8800048828125,319.7799987792969,317.2900695800781,13609700
2023-11-09,319.4200134277344,324.17999267578125,318.79998779296875,320.54998779296875,318.0540466308594,16103100
2023-11-10,319.94000244140625,329.1000061035156,319.4599914550781,328.7699890136719,326.2100524902344,19096200
2023-11-13,326.20001220703125,332.3299865722656,325.70001220703125,329.19000244140625,326.62677001953125,16908900
2023-11-14,334.5400085449219,338.1000061035156,333.3299865722656,336.30999755859375,333.69140625,17179400
2023-11-15,337.92999267578125,338.3999938964844,330.0199890136719,332.7099914550781,330.1194152832031,14531200
2023-11-16,329.3699951171875,334.5799865722656,326.3800048828125,334.19000244140625,331.5878601074219,18932600
2023-11-17,330.260009765625,335.5,329.3500061035156,335.0400085449219,332.4312744140625,14494400
2023-11-20,334.8900146484375,341.8699951171875,334.19000244140625,339.9700012207031,337.3229064941406,16960500
2023-11-21,338.3299865722656,339.8999938964844,335.8999938964844,336.9800109863281,334.35614013671875,12027900
2023-11-22,339.2099914550781,342.9200134277344,338.5799865722656,341.489990234375,338.8310546875,10702700
2023-11-24,340.1300048828125,341.8599853515625,336.7699890136719,338.2300109863281,335.596435546875,5467500
2023-11-27,336.17999267578125,339.8999938964844,334.20001220703125,334.70001220703125,332.0939636230469,15684500
2023-11-28,333.3999938964844,339.3800048828125,333.3999938964844,338.989990234375,336.35052490234375,12637200
2023-11-29,339.69000244140625,339.8999938964844,330.7799987792969,332.20001220703125,329.61334228515625,16024500
2023-11-30,331.8900146484375,333.5,322.3999938964844,327.1499938964844,324.6026916503906,23146400
2023-12-01,325.4800109863281,326.8599853515625,320.760009765625,324.82000732421875,322.29083251953125,15276400
2023-12-04,317.2900085449219,320.8599853515625,313.6600036621094,320.0199890136719,317.5282287597656,19037100
2023-12-05,318.9800109863281,321.8800048828125,315.3900146484375,318.2900085449219,315.8116760253906,16952100
2023-12-06,321.92999267578125,322.25,317.0400085449219,317.45001220703125,314.9781799316406,11294300
2023-12-07,317.7699890136719,328.239990234375,317.7699890136719,326.5899963378906,324.0470275878906,15905100
2023-12-08,323.0899963378906,333.1700134277344,323.0,332.75,330.1590881347656,14087400
2023-12-11,329.3999938964844,329.8900146484375,320.0,325.2799987792969,322.7472229003906,25802500
2023-12-12,324.6000061035156,334.4700012207031,324.55999755859375,334.2200012207031,331.6176452636719,18485500
2023-12-13,333.92999267578125,338.3699951171875,332.6400146484375,334.739990234375,332.133544921875,16353300
2023-12-14,333.8500061035156,334.70001220703125,328.6400146484375,333.1700134277344,330.5757751464844,19607300
2023-12-15,331.989990234375,338.6600036621094,331.2200012207031,334.9200134277344,332.3122253417969,31776900
2023-12-18,337.4800109863281,347.55999755859375,337.0199890136719,344.6199951171875,341.9366455078125,18993900
2023-12-19,345.5799865722656,353.6000061035156,345.1199951171875,350.3599853515625,347.6319580078125,17729400
2023-12-20,348.6499938964844,354.9599914550781,347.7900085449219,349.2799987792969,346.5603942871094,16369900
2023-12-21,352.9800109863281,356.4100036621094,349.2099914550781,354.0899963378906,351.3329162597656,15289600
2023-12-22,355.5799865722656,357.20001220703125,351.2200012207031,353.3900146484375,350.6383972167969,11772800
2023-12-26,354.989990234375,356.9800109863281,353.45001220703125,354.8299865722656,352.067138671875,9898600
2023-12-27,356.07000732421875,359.0,355.30999755859375,357.8299865722656,355.0437927246094,13207900
2023-12-28,359.70001220703125,361.8999938964844,357.80999755859375,358.32000732421875,355.5299987792969,11798800
2023-12-29,358.989990234375,360.0,351.82000732421875,353.9599914550781,351.2038879394531,14987100
2024-01-02,351.32000732421875,353.1600036621094,340.010009765625,346.2900085449219,343.5936279296875,19042200
2024-01-03,344.9800109863281,347.95001220703125,343.17999267578125,344.4700012207031,341.7878723144531,15451100
2024-01-04,344.5,348.1499938964844,343.3999938964844,347.1199951171875,344.4171447753906,12099900
2024-01-05,346.989990234375,353.5,346.260009765625,351.95001220703125,349.2095947265625,13920700
2024-01-08,354.70001220703125,358.9800109863281,352.04998779296875,358.6600036621094,355.8673400878906,13890200
2024-01-09,356.3999938964844,360.6400146484375,355.3599853515625,357.42999267578125,354.64691162109375,13463900
2024-01-10,360.1700134277344,372.94000244140625,359.0799865722656,370.4700012207031,367.5853576660156,22117200
2024-01-11,372.1300048828125,372.7799987792969,362.92999267578125,369.6700134277344,366.7916564941406,17205400
2024-01-12,370.1600036621094,377.05999755859375,369.5400085449219,374.489990234375,371.5740966796875,19310000
2024-01-16,373.6499938964844,375.6099853515625,367.2300109863281,367.4599914550781,364.59881591796875,15306900
2024-01-17,366.29998779296875,368.5400085449219,358.6099853515625,368.3699951171875,365.5017395019531,12724800
2024-01-18,371.489990234375,376.8500061035156,370.95001220703125,376.1300048828125,373.2012939453125,16354300
2024-01-19,379.0,384.3599853515625,377.9700012207031,383.45001220703125,380.46429443359375,21670800
2024-01-22,387.95001220703125,390.3500061035156,381.1600036621094,381.7799987792969,378.8072814941406,17680500
2024-01-23,384.6199951171875,388.3800048828125,382.0799865722656,385.20001220703125,382.2007141113281,15506100
2024-01-24,390.0,396.1499938964844,387.80999755859375,390.70001220703125,387.6578674316406,15698500
2024-01-25,390.1700134277344,395.489990234375,385.6600036621094,393.17999267578125,390.11859130859375,15091100
2024-01-26,394.3500061035156,396.7900085449219,391.5899963378906,394.1400146484375,391.0711669921875,13163700
2024-01-29,394.989990234375,402.92999267578125,393.1000061035156,401.0199890136719,397.89752197265625,18742400
2024-01-30,403.5899963378906,406.3599853515625,399.57000732421875,400.05999755859375,396.94500732421875,18614700
2024-01-31,389.0,398.0,387.1000061035156,390.1400146484375,387.1022033691406,20180800
2024-02-01,393.94000244140625,400.5,393.04998779296875,394.7799987792969,391.7060852050781,29727100
2024-02-02,459.6000061035156,485.9599914550781,453.010009765625,474.989990234375,471.2915954589844,84707600
2024-02-05,469.8800048828125,471.8999938964844,459.2200012207031,459.4100036621094,455.83282470703125,40832400
2024-02-06,464.0,467.1199951171875,453.0,454.7200012207031,451.1793518066406,21655200
2024-02-07,458.0,471.5199890136719,456.17999267578125,469.5899963378906,465.9336242675781,23066000
2024-02-08,468.32000732421875,470.5899963378906,465.0299987792969,470.0,466.3404235839844,18815100
2024-02-09,472.95001220703125,473.5899963378906,467.4700012207031,468.1099853515625,464.4651184082031,18413100
2024-02-12,468.19000244140625,479.1499938964844,466.5799865722656,468.8999938964844,465.2489929199219,19382000
2024-02-13,456.8699951171875,467.8900146484375,455.0899963378906,460.1199951171875,456.537353515625,20916600
2024-02-14,467.92999267578125,474.1099853515625,466.0899963378906,473.2799987792969,469.5948791503906,16858400
2024-02-15,475.2799987792969,488.6199951171875,472.2200012207031,484.0299987792969,480.2611389160156,24212300
2024-02-16,478.1099853515625,478.9599914550781,469.2099914550781,473.32000732421875,469.63458251953125,23324600
2024-02-20,469.7200012207031,476.17999267578125,466.55999755859375,471.75,468.0768127441406,18015500
2024-02-21,466.5,469.0,461.7900085449219,468.0299987792969,464.87847900390625,12921800
2024-02-22,480.239990234375,489.989990234375,476.05999755859375,486.1300048828125,482.85662841796875,21625800
2024-02-23,488.04998779296875,494.3599853515625,482.3500061035156,484.0299987792969,480.7707214355469,18374300
2024-02-26,483.4700012207031,486.1400146484375,480.6000061035156,481.739990234375,478.49615478515625,12101400
2024-02-27,479.9800109863281,487.2699890136719,479.9200134277344,487.04998779296875,483.7703552246094,10809600
2024-02-28,485.0,491.04998779296875,482.75,484.0199890136719,480.7607727050781,12715500
2024-02-29,488.44000244140625,491.70001220703125,482.6099853515625,490.1300048828125,486.82965087890625,17732000
2024-03-01,492.1099853515625,504.25,491.8500061035156,502.29998779296875,498.91766357421875,16273600
2024-03-04,503.0,504.4200134277344,496.4200134277344,498.19000244140625,494.8353271484375,12324100
2024-03-05,495.0,495.5799865722656,487.8900146484375,490.2200012207031,486.91900634765625,15325300
2024-03-06,497.6300048828125,502.9700012207031,494.2900085449219,496.0899963378906,492.74951171875,11757900
2024-03-07,503.2799987792969,519.8499755859375,501.3800048828125,512.1900024414062,508.7411193847656,18586400
2024-03-08,514.1900024414062,523.5700073242188,499.3500061035156,505.95001220703125,502.5431213378906,18597100
2024-03-11,497.010009765625,497.32000732421875,476.0,483.5899963378906,480.3336486816406,20428300
2024-03-12,493.260009765625,502.30999755859375,484.7300109863281,499.75,496.3848876953125,15448200
2024-03-13,495.3900146484375,500.9800109863281,491.0299987792969,495.57000732421875,492.2330017089844,12090700
2024-03-14,500.260009765625,501.3500061035156,488.1600036621094,491.8299865722656,488.5182189941406,12620000
2024-03-15,489.010009765625,491.8299865722656,481.29998779296875,484.1000061035156,480.8403015136719,29153600
2024-03-18,491.9100036621094,497.4200134277344,486.80999755859375,496.9800109863281,493.6335144042969,11755300
2024-03-19,488.1700134277344,496.6300048828125,481.2799987792969,496.239990234375,492.89849853515625,10903100
2024-03-20,499.5,508.20001220703125,495.1700134277344,505.5199890136719,502.11602783203125,11711100
2024-03-21,514.7100219726562,515.0399780273438,506.010009765625,507.760009765625,504.3409729003906,9712500
2024-03-22,507.0,509.9700012207031,504.3399963378906,509.5799865722656,506.1486511230469,8120600
2024-03-25,505.7900085449219,507.2200012207031,500.239990234375,503.0199890136719,499.6327819824219,8380600
2024-03-26,505.1300048828125,510.0,495.2099914550781,495.8900146484375,492.5509033203125,11205400
2024-03-27,499.29998779296875,499.8900146484375,488.07000732421875,493.8599853515625,490.5345153808594,9989700
2024-03-28,492.8399963378906,492.8900146484375,485.1499938964844,485.5799865722656,482.3102722167969,15212800
2024-04-01,487.20001220703125,497.42999267578125,481.7799987792969,491.3500061035156,488.0414123535156,9247000
2024-04-02,485.1000061035156,497.5299987792969,484.6499938964844,497.3699951171875,494.0208740234375,11081000
2024-04-03,498.92999267578125,507.239990234375,498.75,506.739990234375,503.3278503417969,12099200
2024-04-04,516.4199829101562,530.0,510.5799865722656,510.9200134277344,507.4797058105469,26476300
2024-04-05,516.8599853515625,530.7000122070312,514.4099731445312,527.3400268554688,523.7891235351562,19263300
2024-04-08,529.280029296875,531.489990234375,518.8900146484375,519.25,515.7536010742188,13260600
2024-04-09,522.22998046875,525.8699951171875,506.739990234375,516.9000244140625,513.4193725585938,10863800
2024-04-10,509.2900085449219,522.5599975585938,505.79998779296875,519.8300170898438,516.3296508789062,11418500
2024-04-11,521.1099853515625,523.8599853515625,517.2899780273438,523.1599731445312,519.6371459960938,10369500
2024-04-12,517.75,520.1900024414062,509.3299865722656,511.8999938964844,508.4530334472656,11984500
2024-04-15,516.719970703125,518.530029296875,497.2799987792969,500.2300109863281,496.86163330078125,13512900
2024-04-16,498.1099853515625,504.7699890136719,497.1099853515625,499.760009765625,496.39483642578125,9847900
2024-04-17,503.1000061035156,503.1600036621094,487.1400146484375,494.1700134277344,490.84246826171875,12193700
2024-04-18,499.82000732421875,512.2100219726562,499.0400085449219,501.79998779296875,498.42108154296875,14808700
2024-04-19,502.79998779296875,502.79998779296875,475.7300109863281,481.07000732421875,477.8307189941406,25215400
2024-04-22,489.7200012207031,492.010009765625,473.3999938964844,481.7300109863281,478.4862060546875,17271100
2024-04-23,491.25,498.760009765625,488.9700012207031,496.1000061035156,492.7594299316406,15079200
2024-04-24,508.05999755859375,510.0,484.5799865722656,493.5,490.1769104003906,37772700
2024-04-25,421.3999938964844,445.7699890136719,414.5,441.3800048828125,438.4079284667969,82890700
2024-04-26,441.4599914550781,446.44000244140625,431.9599914550781,443.2900085449219,440.3050842285156,32691400
2024-04-29,439.55999755859375,439.760009765625,428.55999755859375,432.6199951171875,429.7068786621094,21502600
2024-04-30,431.04998779296875,439.6199951171875,429.7200012207031,430.1700134277344,427.2734375,18429500
2024-05-01,428.6000061035156,449.9599914550781,427.1099853515625,439.19000244140625,436.232666015625,20344900
2024-05-02,438.8399963378906,443.9599914550781,432.2799987792969,441.67999267578125,438.7059020996094,15221300
2024-05-03,445.92999267578125,454.1700134277344,443.8500061035156,451.9599914550781,448.9166564941406,16489100
2024-05-06,455.5799865722656,466.1600036621094,453.3399963378906,465.67999267578125,462.5443115234375,15094600
2024-05-07,466.2900085449219,471.5299987792969,461.30999755859375,468.239990234375,465.0870056152344,13406800
2024-05-08,463.5,475.5799865722656,463.0,472.6000061035156,469.4176940917969,11683900
2024-05-09,470.0,476.0799865722656,467.6300048828125,475.4200134277344,472.21868896484375,9437700
2024-05-10,477.0899963378906,477.5,469.6000061035156,476.20001220703125,472.99346923828125,10750000
2024-05-13,472.75,473.3500061035156,462.8500061035156,468.010009765625,464.85858154296875,14668800
2024-05-14,463.3699951171875,472.5400085449219,460.0799865722656,471.8500061035156,468.6727600097656,10478600
2024-05-15,474.9800109863281,482.5,471.20001220703125,481.5400085449219,478.29754638671875,13100500
2024-05-16,475.0,477.69000244140625,472.75,473.2300109863281,470.0434875488281,16608200
2024-05-17,470.8299865722656,472.79998779296875,468.4200134277344,471.9100036621094,468.73236083984375,10807300
2024-05-20,469.95001220703125,473.20001220703125,467.0400085449219,468.8399963378906,465.6830139160156,11745100
2024-05-21,467.1199951171875,470.70001220703125,462.2699890136719,464.6300048828125,461.5013427734375,11742200
2024-05-22,467.8699951171875,473.7200012207031,465.6499938964844,467.7799987792969,464.6301574707031,10078600
2024-05-23,472.8800048828125,474.3599853515625,461.5400085449219,465.7799987792969,462.6436462402344,11747900
2024-05-24,467.6199951171875,479.8500061035156,466.29998779296875,478.2200012207031,474.9998474121094,12024300
2024-05-28,476.5799865722656,480.8599853515625,474.8399963378906,479.9200134277344,476.68841552734375,10175800
2024-05-29,474.6600036621094,479.8500061035156,473.70001220703125,474.3599853515625,471.16583251953125,9226200
2024-05-30,471.6700134277344,471.7300109863281,464.7099914550781,467.04998779296875,463.9049987792969,10719600
2024-05-31,465.79998779296875,469.1199951171875,454.4599914550781,466.8299865722656,463.6864929199219,16919800
2024-06-03,470.8599853515625,479.6000061035156,468.239990234375,477.489990234375,474.2747802734375,11279400
2024-06-04,477.0,478.8900146484375,473.2300109863281,476.989990234375,473.77813720703125,7088700
2024-06-05,484.45001220703125,496.6499938964844,483.9100036621094,495.05999755859375,491.7264709472656,15690500
2024-06-06,492.9800109863281,502.82000732421875,490.8900146484375,493.760009765625,490.4352111816406,10667300
2024-06-07,495.9100036621094,498.9100036621094,490.1700134277344,492.9599914550781,489.64056396484375,9380700
2024-06-10,493.8599853515625,502.6600036621094,493.4100036621094,502.6000061035156,499.2156982421875,11220900
2024-06-11,500.1600036621094,507.6000061035156,498.2699890136719,507.4700012207031,504.0528564453125,9673700
2024-06-12,513.989990234375,514.010009765625,504.4700012207031,508.8399963378906,505.4136657714844,11983200
2024-06-13,505.7099914550781,509.3599853515625,501.3599853515625,504.1000061035156,500.7055969238281,9954600
2024-06-14,502.6499938964844,507.1499938964844,500.75,504.1600036621094,501.26239013671875,10243300
2024-06-17,501.6700134277344,510.75,496.010009765625,506.6300048828125,503.71820068359375,11266600
2024-06-18,504.55999755859375,506.0,495.0199890136719,499.489990234375,496.6191711425781,13060400
2024-06-20,502.0,503.6700134277344,496.7699890136719,501.70001220703125,498.8164978027344,11801200
2024-06-21,503.45001220703125,503.45001220703125,492.3900146484375,494.7799987792969,491.936279296875,22359200
2024-06-24,499.20001220703125,507.79998779296875,494.2900085449219,498.9100036621094,496.0425109863281,13525300
2024-06-25,497.04998779296875,510.7099914550781,495.5,510.6000061035156,507.6654052734375,12063200
2024-06-26,506.6499938964844,513.8099975585938,504.67999267578125,513.1199951171875,510.1708984375,8882300
2024-06-27,514.25,522.8800048828125,513.9000244140625,519.5599975585938,516.5737915039062,10121200
2024-06-28,517.1500244140625,521.8800048828125,503.8399963378906,504.2200012207031,501.3220520019531,15855100
2024-07-01,504.95001220703125,506.5799865722656,493.1700134277344,504.67999267578125,501.7793884277344,10328200
2024-07-02,500.760009765625,510.5,499.45001220703125,509.5,506.5716857910156,7739500
2024-07-03,506.3699951171875,511.2799987792969,506.0199890136719,509.9599914550781,507.029052734375,6005600
2024-07-05,511.6000061035156,540.8699951171875,511.6000061035156,539.9099731445312,536.8069458007812,21354100
2024-07-08,542.3499755859375,542.8099975585938,526.6500244140625,529.3200073242188,526.2777709960938,14917500
2024-07-09,533.75,537.47998046875,528.1900024414062,530.0,526.9539184570312,8753200
2024-07-10,530.7899780273438,538.8800048828125,528.3599853515625,534.6900024414062,531.6168823242188,10983300
2024-07-11,530.8900146484375,535.4600219726562,508.3699951171875,512.7000122070312,509.7532653808594,16458300
2024-07-12,497.760009765625,508.0899963378906,494.2300109863281,498.8699951171875,496.0027770996094,19750500
2024-07-15,498.6300048828125,506.67999267578125,493.3699951171875,496.1600036621094,493.3083190917969,12539200
2024-07-16,501.5,503.95001220703125,485.7900085449219,489.7900085449219,486.9750061035156,14075800
2024-07-17,479.1700134277344,479.1700134277344,459.1199951171875,461.989990234375,459.334716796875,28076600
2024-07-18,475.0,479.239990234375,464.5400085449219,475.8500061035156,473.1150817871094,19267200
2024-07-19,476.05999755859375,486.7099914550781,475.7099914550781,476.7900085449219,474.0496826171875,15149400
2024-07-22,486.5799865722656,492.05999755859375,483.8999938964844,487.3999938964844,484.5986633300781,12023100
2024-07-23,489.8399963378906,495.2200012207031,487.7200012207031,488.69000244140625,485.8813171386719,9455500
2024-07-24,472.30999755859375,476.29998779296875,460.5799865722656,461.2699890136719,458.61883544921875,17649700
2024-07-25,463.260009765625,463.54998779296875,442.6499938964844,453.4100036621094,450.8040466308594,18240500
2024-07-26,464.20001220703125,469.7699890136719,459.4200134277344,465.70001220703125,463.0234375,14222400
2024-07-29,469.8800048828125,473.9599914550781,465.0199890136719,465.7099914550781,463.0333251953125,11339600
2024-07-30,467.0,472.7300109863281,456.70001220703125,463.19000244140625,460.52783203125,11390400
2024-07-31,471.0199890136719,476.5,466.75,474.8299865722656,472.1009521484375,24285800
2024-08-01,521.0,527.1699829101562,492.1000061035156,497.739990234375,494.8792419433594,43083100
2024-08-02,489.0,501.1499938964844,476.1499938964844,488.1400146484375,485.3344421386719,24044700
2024-08-05,451.3500061035156,483.4800109863281,450.79998779296875,475.7300109863281,472.9958190917969,21396200
2024-08-06,479.0,502.55999755859375,478.6499938964844,494.0899963378906,491.250244140625,20955000
2024-08-07,503.1300048828125,510.1499938964844,486.8599853515625,488.9200134277344,486.1099853515625,20105300
2024-08-08,497.5,509.9599914550781,494.7200012207031,509.6300048828125,506.7008972167969,16156800
2024-08-09,507.7099914550781,518.3400268554688,505.70001220703125,517.77001953125,514.794189453125,13696600
2024-08-12,516.8599853515625,518.02001953125,509.1000061035156,515.9500122070312,512.9845581054688,9767400
2024-08-13,520.010009765625,531.5,518.1500244140625,528.5399780273438,525.5022583007812,13743800
2024-08-14,528.0599975585938,534.0,523.1300048828125,526.760009765625,523.7325439453125,11444200
2024-08-15,531.7899780273438,539.77001953125,526.7000122070312,537.3300170898438,534.2417602539062,13482100
2024-08-16,531.9000244140625,533.6599731445312,524.6599731445312,527.4199829101562,524.3887329101562,14776700
2024-08-19,526.8699951171875,531.6599731445312,522.760009765625,529.280029296875,526.238037109375,9879700
2024-08-20,528.3499755859375,531.0900268554688,525.8800048828125,526.72998046875,523.7025756835938,7944400
2024-08-21,527.1500244140625,539.4000244140625,526.9299926757812,535.1599731445312,532.0841064453125,13423300
2024-08-22,537.0,544.22998046875,528.5900268554688,531.9299926757812,528.8728637695312,15708300
2024-08-23,536.9199829101562,539.8699951171875,525.0599975585938,528.0,524.9652709960938,11323900
2024-08-26,527.5999755859375,528.0,514.9500122070312,521.1199951171875,518.1248779296875,9584000
2024-08-27,518.97998046875,524.010009765625,515.3099975585938,519.0999755859375,516.1165161132812,6282700
2024-08-28,517.6699829101562,521.0900268554688,512.4500122070312,516.780029296875,513.809814453125,9106100
2024-08-29,519.0499877929688,527.2000122070312,515.6799926757812,518.219970703125,515.2415161132812,8317400
2024-08-30,521.3499755859375,523.5399780273438,515.2000122070312,521.3099975585938,518.3137817382812,9157500
2024-09-03,519.6400146484375,525.489990234375,508.6199951171875,511.760009765625,508.8186950683594,12459100
2024-09-04,506.07000732421875,516.5900268554688,504.07000732421875,512.739990234375,509.7930908203125,8335200
2024-09-05,511.7200012207031,521.6300048828125,511.1499938964844,516.8599853515625,513.8893432617188,8640900
2024-09-06,521.8800048828125,524.5800170898438,498.25,500.2699890136719,497.39471435546875,14744500
2024-09-09,506.1600036621094,511.3299865722656,502.0799865722656,504.7900085449219,501.8887634277344,11047800
2024-09-10,508.1600036621094,514.1799926757812,500.0299987792969,504.7900085449219,501.8887634277344,9899000
2024-09-11,507.010009765625,513.1199951171875,495.6000061035156,511.8299865722656,508.88824462890625,10782500
2024-09-12,517.0499877929688,526.7100219726562,515.219970703125,525.5999755859375,522.5791015625,11970500
2024-09-13,520.3400268554688,527.5800170898438,517.1099853515625,524.6199951171875,521.6048583984375,10321400
2024-09-16,524.5399780273438,534.0999755859375,517.4000244140625,533.280029296875,530.7208862304688,9527600
2024-09-17,537.5999755859375,542.0999755859375,530.5700073242188,536.3200073242188,533.7462768554688,11690800
2024-09-18,537.0700073242188,544.2000122070312,533.9000244140625,537.9500122070312,535.368408203125,10323500
2024-09-19,550.0,562.0700073242188,546.52001953125,559.0999755859375,556.4169311523438,15647000
2024-09-20,560.0,564.5,556.2999877929688,561.3499755859375,558.6561279296875,22066800
2024-09-23,569.5,573.97998046875,562.4099731445312,564.4099731445312,561.701416015625,12830700
2024-09-24,566.6799926757812,567.75,554.1900024414062,563.3300170898438,560.6266479492188,12993000
2024-09-25,564.0499877929688,576.8800048828125,563.719970703125,568.3099975585938,565.5827026367188,16543400
2024-09-26,575.72998046875,577.4000244140625,562.3499755859375,567.8400268554688,565.1150512695312,14400800
2024-09-27,570.0999755859375,570.8400268554688,564.510009765625,567.3599853515625,564.6372680664062,9398400
2024-09-30,567.7000122070312,574.6799926757812,564.7999877929688,572.4400024414062,569.69287109375,12792300
2024-10-01,577.97998046875,583.0399780273438,570.0999755859375,576.469970703125,573.7035522460938,15259300
2024-10-02,574.8599853515625,576.0,569.3400268554688,572.8099975585938,570.0610961914062,6524700
2024-10-03,570.1500244140625,583.3599853515625,568.72998046875,582.77001953125,579.9733276367188,11581000
2024-10-04,583.72998046875,596.8499755859375,581.4299926757812,595.9400024414062,593.0801391601562,14169500
2024-10-07,598.219970703125,602.9500122070312,584.0399780273438,584.780029296875,581.9737548828125,12014200
2024-10-08,589.6900024414062,593.5599975585938,585.969970703125,592.8900146484375,590.0447998046875,7857400
2024-10-09,593.989990234375,594.3900146484375,581.6099853515625,590.510009765625,587.6762084960938,9529700
2024-10-10,587.5700073242188,590.22998046875,582.52001953125,583.8300170898438,581.0282592773438,7740400
2024-10-11,584.8300170898438,591.2100219726562,582.7100219726562,589.9500122070312,587.1189575195312,8587100
2024-10-14,594.219970703125,600.0999755859375,589.9600219726562,590.4199829101562,587.5865478515625,8252000
2024-10-15,590.1599731445312,590.6099853515625,580.1400146484375,586.27001953125,583.45654296875,9564200
2024-10-16,581.4000244140625,582.0800170898438,574.030029296875,576.7899780273438,574.0220336914062,11268400
2024-10-17,583.3300170898438,584.969970703125,575.2000122070312,576.9299926757812,574.1613159179688,8701200
2024-10-18,581.0999755859375,583.969970703125,575.25,576.469970703125,573.7035522460938,7694300
2024-10-21,576.030029296875,577.239990234375,569.1099853515625,575.1599731445312,572.3997802734375,8171900
2024-10-22,574.2899780273438,583.530029296875,572.1199951171875,582.010009765625,579.2169799804688,8544500
2024-10-23,579.969970703125,585.0,562.5,563.6900024414062,560.9849243164062,14248400
2024-10-24,567.1300048828125,568.8800048828125,561.52001953125,567.780029296875,565.0553588867188,7184700
2024-10-25,573.9299926757812,581.2899780273438,571.719970703125,573.25,570.4990234375,11337900
2024-10-28,582.0,583.75,574.1199951171875,578.1599731445312,575.3853759765625,10925100
2024-10-29,580.1500244140625,593.6699829101562,575.4000244140625,593.280029296875,590.4329833984375,13019100
2024-10-30,600.97998046875,601.2000122070312,589.3800048828125,591.7999877929688,588.9599609375,26864900
2024-10-31,585.0,589.9000244140625,563.010009765625,567.5800170898438,564.856201171875,26838400
2024-11-01,567.6099853515625,573.6699829101562,562.5599975585938,567.1599731445312,564.4381713867188,15303200
2024-11-04,564.0999755859375,568.6900024414062,557.8900146484375,560.6799926757812,557.9893188476562,12064600
2024-11-05,567.2999877929688,573.47998046875,566.6699829101562,572.4299926757812,569.6829223632812,9775400
2024-11-06,562.75,573.0,555.1699829101562,572.0499877929688,569.3047485351562,18305400
2024-11-07,576.8900146484375,594.7999877929688,575.2100219726562,591.7000122070312,588.8605346679688,14653700
2024-11-08,591.5399780273438,593.0999755859375,584.52001953125,589.3400268554688,586.5118408203125,9415700
2024-11-11,586.3599853515625,587.0,576.510009765625,583.1699829101562,580.3713989257812,10209100
2024-11-12,588.5399780273438,599.6599731445312,580.3800048828125,584.8200073242188,582.013427734375,16287700
2024-11-13,582.6099853515625,585.6400146484375,575.1699829101562,580.0,577.2166748046875,10757600
2024-11-14,577.0,580.760009765625,573.010009765625,577.1599731445312,574.3902587890625,11053700
2024-11-15,571.219970703125,572.5700073242188,551.5,554.0800170898438,551.4210205078125,17712900
2024-11-18,557.0399780273438,559.9000244140625,550.0900268554688,554.4000244140625,551.7394409179688,14327300
2024-11-19,551.8599853515625,561.4299926757812,550.5999755859375,561.0900268554688,558.3973999023438,9522400
2024-11-20,562.9299926757812,566.3499755859375,554.2000122070312,565.52001953125,562.80615234375,9797300
2024-11-21,569.52001953125,570.0,549.0499877929688,563.0900268554688,560.3877563476562,11154700
2024-11-22,563.5499877929688,563.8300170898438,554.5900268554688,559.1400146484375,556.4566650390625,9164000
2024-11-25,562.0999755859375,572.5900268554688,556.3900146484375,565.1099853515625,562.3980712890625,13599800
2024-11-26,566.0,577.5,565.2000122070312,573.5399780273438,570.78759765625,10356600
2024-11-27,574.8900146484375,574.97998046875,564.0999755859375,569.2000122070312,566.468505859375,7200200
2024-11-29,569.0,578.4600219726562,566.9000244140625,574.3200073242188,571.5638427734375,7130500
2024-12-02,577.5,594.5,575.5700073242188,592.8300170898438,589.9850463867188,12522400
2024-12-03,595.0,614.2000122070312,591.25,613.6500244140625,610.7051391601562,14907200
2024-12-04,612.9600219726562,617.780029296875,605.0999755859375,613.780029296875,610.8345947265625,14697000
2024-12-05,617.0800170898438,619.9000244140625,607.0499877929688,608.9299926757812,606.0078125,8081200
2024-12-06,610.0999755859375,629.7899780273438,608.530029296875,623.77001953125,620.776611328125,16935500
2024-12-09,623.9199829101562,626.4000244140625,606.1699829101562,613.5700073242188,610.6255493164062,11426000
2024-12-10,617.5599975585938,625.5900268554688,612.739990234375,619.3200073242188,616.3479614257812,10938900
2024-12-11,623.3699951171875,638.4000244140625,621.530029296875,632.6799926757812,629.643798828125,10837200
2024-12-12,631.5,636.6599731445312,627.2100219726562,630.7899780273438,627.762939453125,7474700
2024-12-13,627.219970703125,631.0800170898438,616.8900146484375,620.3499755859375,617.3729858398438,8453300
2024-12-16,629.97998046875,631.1500244140625,618.5800170898438,624.239990234375,621.7454833984375,10885600
2024-12-17,626.1699829101562,632.3699951171875,616.5399780273438,619.4400024414062,616.9646606445312,12897800
2024-12-18,621.0,627.3599853515625,596.3200073242188,597.1900024414062,594.8035278320312,17075500
2024-12-19,610.3900146484375,611.52001953125,595.0,595.5700073242188,593.1900024414062,14958100
2024-12-20,590.5800170898438,603.1099853515625,580.0,585.25,582.9112548828125,48989400
2024-12-23,589.5999755859375,601.0900268554688,586.25,599.8499755859375,597.452880859375,10205800
2024-12-24,602.719970703125,607.989990234375,599.280029296875,607.75,605.3212890625,4726100
2024-12-26,605.47998046875,606.2999877929688,598.9400024414062,603.3499755859375,600.9389038085938,6081400
2024-12-27,599.4099731445312,601.8499755859375,589.7999877929688,599.8099975585938,597.4130249023438,8084200
2024-12-30,588.75,596.9400024414062,585.5800170898438,591.239990234375,588.877197265625,7025900
2024-12-31,592.27001953125,593.969970703125,583.8499755859375,585.510009765625,583.1702270507812,6019500
2025-01-02,589.719970703125,604.9099731445312,587.8200073242188,599.239990234375,596.8453369140625,12682300
2025-01-03,604.760009765625,609.5,596.4099731445312,604.6300048828125,602.2138061523438,11436800
2025-01-06,611.8300170898438,630.989990234375,605.6199951171875,630.2000122070312,627.681640625,14560800
2025-01-07,631.7000122070312,632.0999755859375,608.22998046875,617.8900146484375,615.4207763671875,12071500
2025-01-08,613.4000244140625,616.4400024414062,602.7899780273438,610.719970703125,608.2794189453125,10085800
2025-01-10,610.030029296875,629.9099731445312,597.3400268554688,615.8599853515625,613.3988647460938,19256600
2025-01-13,607.0999755859375,608.969970703125,598.4500122070312,608.3300170898438,605.8989868164062,10785000
2025-01-14,605.0700073242188,605.489990234375,588.5499877929688,594.25,591.875244140625,13598000
2025-01-15,610.2100219726562,622.4600219726562,606.5,617.1199951171875,614.6538696289062,15524300
2025-01-16,611.5,616.25,609.7100219726562,611.2999877929688,608.857177734375,8355300
2025-01-17,624.0499877929688,624.969970703125,603.6699829101562,612.77001953125,610.3212280273438,17280600
2025-01-21,617.8300170898438,621.5,609.010009765625,616.4600219726562,613.99658203125,11674000
2025-01-22,623.2999877929688,633.7000122070312,619.4299926757812,623.5,621.0084228515625,12274000
2025-01-23,627.3599853515625,636.5999755859375,621.1500244140625,636.4500122070312,633.9066162109375,9910200
2025-01-24,636.4000244140625,652.0,634.2000122070312,647.489990234375,644.9025268554688,19065300
2025-01-27,626.6099853515625,663.8699951171875,625.0999755859375,659.8800048828125,657.2430419921875,28399200
2025-01-28,666.0,682.5800170898438,659.469970703125,674.3300170898438,671.6351928710938,20950100
2025-01-29,675.0,681.0499877929688,665.6699829101562,676.489990234375,673.78662109375,21377800
2025-01-30,696.8200073242188,710.7899780273438,676.0999755859375,687.0,684.254638671875,29322900
2025-01-31,691.0,705.2999877929688,685.5800170898438,689.1799926757812,686.4259033203125,19303900
2025-02-03,675.9099731445312,704.0,675.25,697.4600219726562,694.6728515625,21415700
2025-02-04,702.5,707.7100219726562,691.6099853515625,704.1900024414062,701.3759765625,13826300
2025-02-05,703.5499877929688,718.1400146484375,699.010009765625,704.8699951171875,702.05322265625,17778200
2025-02-06,705.8800048828125,718.9000244140625,703.5,711.989990234375,709.1447143554688,13080700
2025-02-07,716.7999877929688,725.010009765625,711.75,714.52001953125,711.6646118164062,16427100
2025-02-10,718.5599975585938,721.2000122070312,711.3300170898438,717.4000244140625,714.5331420898438,12904300
2025-02-11,713.3200073242188,723.6599731445312,710.0399780273438,719.7999877929688,716.9235229492188,12998000
2025-02-12,715.2999877929688,727.0999755859375,712.5999755859375,725.3800048828125,722.4812622070312,12016500
2025-02-13,721.52001953125,729.0,718.0399780273438,728.5599975585938,725.6486206054688,12569100
2025-02-14,726.1400146484375,740.9099731445312,725.6199951171875,736.6699829101562,733.7261352539062,16901200
2025-02-18,736.0,737.0,706.4400024414062,716.3699951171875,713.5072631835938,21938700
2025-02-19,704.0999755859375,707.0,695.3900146484375,703.77001953125,700.9575805664062,17535500
2025-02-20,697.280029296875,705.6300048828125,693.6400146484375,694.8400268554688,692.063232421875,12587400
2025-02-21,696.5800170898438,703.8699951171875,682.3599853515625,683.5499877929688,680.818359375,15660400
2025-02-24,686.280029296875,687.27001953125,662.4500122070312,668.1300048828125,665.4600219726562,15677000
2025-02-25,665.969970703125,668.0,641.8599853515625,657.5,654.8724975585938,20579700
2025-02-26,659.6500244140625,683.010009765625,658.0,673.7000122070312,671.0077514648438,14488700
2025-02-27,682.4500122070312,688.6500244140625,657.5700073242188,658.239990234375,655.6095581054688,12500000
2025-02-28,658.0399780273438,669.6300048828125,642.5999755859375,668.2000122070312,665.52978515625,17534200
2025-03-03,673.6799926757812,681.25,650.8400268554688,655.0499877929688,652.4322509765625,10843800
2025-03-04,645.510009765625,649.75,623.6500244140625,640.0,637.4425048828125,21495200
2025-03-05,641.0,659.5,637.6599731445312,656.469970703125,653.8464965820312,13770000
2025-03-06,648.0,650.5599975585938,624.1099853515625,627.9299926757812,625.4207153320312,13446500
2025-03-07,625.3699951171875,634.7899780273438,600.6099853515625,625.6599731445312,623.1597290039062,21375700
2025-03-10,608.0700073242188,610.1099853515625,586.8699951171875,597.989990234375,595.6002807617188,21999900
2025-03-11,595.0499877929688,614.9299926757812,593.3300170898438,605.7100219726562,603.2894897460938,17401500
2025-03-12,629.9000244140625,633.3300170898438,609.3499755859375,619.5599975585938,617.0841064453125,15747000
2025-03-13,620.25,620.5,586.510009765625,590.6400146484375,588.2797241210938,16480300
2025-03-14,602.7999877929688,608.8599853515625,594.780029296875,607.5999755859375,605.7102661132812,12364500
2025-03-17,607.4600219726562,613.0999755859375,598.0,604.9000244140625,603.0186767578125,15473900
2025-03-18,600.0499877929688,600.25,574.6599731445312,582.3599853515625,580.5487670898438,20297700
2025-03-19,584.280029296875,592.3200073242188,574.77001953125,584.0599975585938,582.2435913085938,20537500
2025-03-20,582.760009765625,610.2000122070312,579.510009765625,586.0,584.177490234375,24336500
2025-03-21,583.4199829101562,597.5399780273438,580.9500122070312,596.25,594.3955688476562,25015900
2025-03-24,614.969970703125,622.5399780273438,612.2000122070312,618.8499755859375,616.92529296875,15741300
2025-03-25,626.760009765625,633.8800048828125,621.1799926757812,626.3099975585938,624.3621826171875,15312500
2025-03-26,624.8900146484375,626.75,606.6099853515625,610.97998046875,609.0797729492188,12609800
2025-03-27,602.0,614.25,600.0999755859375,602.5800170898438,600.7059936523438,10436500
2025-03-28,600.3099975585938,601.75,573.9199829101562,576.739990234375,574.9462890625,17602800
2025-03-31,563.5,578.7000122070312,553.2999877929688,576.3599853515625,574.5675048828125,21124700
2025-04-01,570.8400268554688,589.9099731445312,570.0,586.0,584.177490234375,12836600
2025-04-02,574.9099731445312,592.6599731445312,573.3599853515625,583.9299926757812,582.1139526367188,13470800
2025-04-03,546.219970703125,552.5599975585938,530.2999877929688,531.6199951171875,529.9666137695312,34777500
2025-04-04,506.6199951171875,518.0,494.20001220703125,504.7300109863281,503.1602783203125,38589800
2025-04-07,485.1000061035156,539.3699951171875,481.8999938964844,516.25,514.6444091796875,36606100
2025-04-08,543.25,547.4299926757812,502.8599853515625,510.45001220703125,508.86248779296875,28034200
2025-04-09,509.2699890136719,587.8900146484375,502.1099853515625,585.77001953125,583.9482421875,39216600
2025-04-10,575.489990234375,581.2999877929688,535.2999877929688,546.2899780273438,544.5909423828125,28173500
2025-04-11,535.510009765625,547.4000244140625,528.5900268554688,543.5700073242188,541.8794555664062,17642300
2025-04-14,556.1699829101562,557.77001953125,528.280029296875,531.47998046875,529.8270874023438,14130900
2025-04-15,532.1099853515625,537.9400024414062,517.5,521.52001953125,519.8980712890625,15558700
2025-04-16,508.510009765625,513.3699951171875,495.6300048828125,502.30999755859375,500.747802734375,18735100
2025-04-17,505.25,507.29998779296875,498.010009765625,501.4800109863281,499.92041015625,14593500
2025-04-21,491.3299865722656,493.5,479.79998779296875,484.6600036621094,483.1526794433594,16166000
2025-04-22,491.8699951171875,506.8800048828125,486.3599853515625,500.2799987792969,498.72412109375,17399400
2025-04-23,528.530029296875,535.3400268554688,516.52001953125,520.27001953125,518.6520385742188,18173900
2025-04-24,518.72998046875,533.9000244140625,517.5,533.1500244140625,531.4918823242188,13910000
2025-04-25,546.7999877929688,549.8599853515625,536.25,547.27001953125,545.5679931640625,17098900
2025-04-28,555.6400146484375,558.489990234375,540.5900268554688,549.739990234375,548.0302734375,15179000
2025-04-29,546.0,556.5700073242188,544.1199951171875,554.4400024414062,552.7156372070312,11835000
2025-04-30,538.4000244140625,549.0999755859375,529.5,549.0,547.2926025390625,29244000
2025-05-01,592.0800170898438,592.9500122070312,570.5,572.2100219726562,570.4304809570312,31159000
2025-05-02,583.4600219726562,604.3400268554688,578.3300170898438,597.02001953125,595.1632080078125,24739300
2025-05-05,591.219970703125,603.2100219726562,588.0499877929688,599.27001953125,597.40625,13887700
2025-05-06,592.530029296875,596.030029296875,586.5800170898438,587.3099975585938,585.4834594726562,10600700
2025-05-07,590.3599853515625,603.0800170898438,586.6699829101562,596.8099975585938,594.953857421875,13139100
2025-05-08,606.2899780273438,611.2999877929688,596.6199951171875,598.010009765625,596.1502075195312,14622800
2025-05-09,603.719970703125,606.969970703125,591.7100219726562,592.489990234375,590.6473999023438,10427300
2025-05-12,630.9199829101562,640.3900146484375,621.030029296875,639.4299926757812,637.4413452148438,21965100
2025-05-13,645.5399780273438,660.9199829101562,642.8300170898438,656.030029296875,653.98974609375,18570800
2025-05-14,661.2100219726562,662.6699829101562,654.3099975585938,659.3599853515625,657.3093872070312,12348200
2025-05-15,654.280029296875,657.3099975585938,638.5800170898438,643.8800048828125,641.8775634765625,14341800
2025-05-16,637.9600219726562,640.4400024414062,626.1500244140625,640.3400268554688,638.3485107421875,18519000
2025-05-19,628.25,643.0,627.7999877929688,640.4299926757812,638.438232421875,9592400
2025-05-20,636.010009765625,639.3499755859375,632.260009765625,637.0999755859375,635.1185913085938,6743500
2025-05-21,631.7899780273438,646.6099853515625,630.1699829101562,635.5,633.5235595703125,11464600
2025-05-22,634.0499877929688,643.25,630.7100219726562,636.5700073242188,634.5902099609375,8228400
2025-05-23,624.0,632.4500122070312,622.6500244140625,627.0599975585938,625.1097412109375,8454100
2025-05-27,635.4099731445312,643.0800170898438,632.75,642.3200073242188,640.3223266601562,9508400
2025-05-28,642.5999755859375,650.8800048828125,642.5499877929688,643.5800170898438,641.5784301757812,9042900
2025-05-29,651.6500244140625,653.3200073242188,639.5,645.0499877929688,643.0438232421875,8858800
2025-05-30,642.5,649.4099731445312,632.780029296875,647.489990234375,645.4762573242188,16241000
2025-06-02,644.3900146484375,673.260009765625,644.260009765625,670.9000244140625,668.8134765625,15766300
2025-06-03,671.4500122070312,675.5800170898438,665.030029296875,666.8499755859375,664.7760620117188,11585000
2025-06-04,669.3200073242188,689.0,668.5700073242188,687.9500122070312,685.8104858398438,14031900
2025-06-05,691.6599731445312,694.3800048828125,682.25,684.6199951171875,682.49072265625,13083100
2025-06-06,696.1699829101562,702.8099975585938,691.8699951171875,697.7100219726562,695.5401000976562,11728000
2025-06-09,698.4600219726562,705.1900024414062,693.9400024414062,694.0599975585938,691.9014282226562,12773200
2025-06-10,701.3499755859375,703.22998046875,691.5599975585938,702.4000244140625,700.2155151367188,10850100
2025-06-11,703.7100219726562,708.8699951171875,691.989990234375,694.1400146484375,691.9811401367188,9582500
2025-06-12,693.2999877929688,695.3800048828125,687.0,693.3599853515625,691.20361328125,7322700
2025-06-13,687.9500122070312,694.5700073242188,681.010009765625,682.8699951171875,680.7462768554688,9274400
2025-06-16,699.3300170898438,707.1500244140625,693.510009765625,702.1199951171875,700.4749145507812,13720300
2025-06-17,702.0,705.969970703125,696.0599975585938,697.22998046875,695.5963134765625,10066100
2025-06-18,698.1799926757812,701.5900268554688,694.9000244140625,695.77001953125,694.1398315429688,10068300
2025-06-20,700.75,701.8200073242188,678.6699829101562,682.3499755859375,680.7511596679688,22538600
2025-06-23,683.6900024414062,699.0499877929688,678.75,698.530029296875,696.8933715820312,11080100
2025-06-24,704.8900146484375,713.1900024414062,702.1099853515625,712.2000122070312,710.5313720703125,13823200
2025-06-25,713.3200073242188,716.5800170898438,705.3800048828125,708.6799926757812,707.01953125,9320400
2025-06-26,714.3599853515625,728.219970703125,711.0499877929688,726.0900268554688,724.3887329101562,13964800
2025-06-27,726.52001953125,735.4299926757812,725.8599853515625,733.6300048828125,731.9111328125,18775700
2025-06-30,744.5499877929688,747.9000244140625,734.25,738.0900268554688,736.3606567382812,15402100
2025-07-01,736.8800048828125,737.75,715.3699951171875,719.219970703125,717.5347900390625,13431200
2025-07-02,715.3300170898438,720.2999877929688,712.7999877929688,713.5700073242188,711.8980712890625,9336700
2025-07-03,726.6099853515625,729.030029296875,714.4199829101562,719.010009765625,717.3253173828125,8601700
2025-07-07,717.5999755859375,727.0,713.510009765625,718.3499755859375,716.6669311523438,9457100
2025-07-08,721.5700073242188,722.9099731445312,714.8099975585938,720.6699829101562,718.9814453125,7770700
2025-07-09,722.719970703125,737.530029296875,722.719970703125,732.780029296875,731.0631103515625,11418000
2025-07-10,731.5499877929688,735.7999877929688,719.5999755859375,727.239990234375,725.5360107421875,9913600
2025-07-11,722.5,725.1599731445312,709.7000122070312,717.510009765625,715.828857421875,10873900
2025-07-14,717.5999755859375,728.0,716.5499877929688,720.9199829101562,719.2308349609375,8939400
2025-07-15,723.9000244140625,724.469970703125,709.8200073242188,710.3900146484375,708.7255859375,11529500
2025-07-16,713.3699951171875,713.969970703125,699.27001953125,702.9099731445312,701.2630004882812,13067600
2025-07-17,704.3900146484375,705.9000244140625,697.1099853515625,701.4099731445312,699.7665405273438,11803300
2025-07-18,702.1900024414062,704.7100219726562,691.6500244140625,704.280029296875,702.6298828125,12779800
2025-07-21,706.7999877929688,717.0,705.760009765625,712.969970703125,711.2994384765625,9404400
2025-07-22,716.1900024414062,716.5999755859375,701.4099731445312,704.8099975585938,703.1585693359375,8921100
2025-07-23,706.3699951171875,714.6300048828125,704.9299926757812,713.5800170898438,711.9080200195312,8771600
2025-07-24,717.0499877929688,723.6199951171875,714.0,714.7999877929688,713.1251831054688,10920800
2025-07-25,716.9199829101562,720.6500244140625,711.9000244140625,712.6799926757812,711.0101318359375,8271700
2025-07-28,715.2000122070312,724.739990234375,712.6799926757812,717.6300048828125,715.9486083984375,8715700
2025-07-29,720.0,724.469970703125,699.9099731445312,700.0,698.35986328125,13267000
2025-07-30,708.0900268554688,708.5,691.2000122070312,695.2100219726562,693.5811157226562,27077300
2025-07-31,775.2000122070312,784.75,765.510009765625,773.4400024414062,771.6278076171875,38831100
2025-08-01,760.72998046875,766.0,745.3099975585938,750.010009765625,748.2527465820312,19028700
2025-08-04,760.0,776.8499755859375,758.4099731445312,776.3699951171875,774.5509643554688,15801700
2025-08-05,776.4500122070312,783.1300048828125,763.0,763.4600219726562,761.6712036132812,11640300
2025-08-06,770.0,773.6400146484375,760.4600219726562,771.989990234375,770.18115234375,9733900
2025-08-07,773.489990234375,775.0,759.5499877929688,761.8300170898438,760.0450439453125,9019700
2025-08-08,762.75,769.9000244140625,758.5800170898438,769.2999877929688,767.4974975585938,7320800
2025-08-11,770.0800170898438,773.4600219726562,764.6699829101562,765.8699951171875,764.0755615234375,7612000
2025-08-12,773.0,793.6699829101562,772.4299926757812,790.0,788.1489868164062,14563100
2025-08-13,791.1500244140625,795.4600219726562,778.22998046875,780.0800170898438,778.2523193359375,8811800
2025-08-14,777.8800048828125,787.8099975585938,772.510009765625,782.1300048828125,780.2974243164062,8116200
2025-08-15,784.1500244140625,796.25,780.8200073242188,785.22998046875,783.3901977539062,13375400
2025-08-18,775.0900268554688,775.8099975585938,756.5599975585938,767.3699951171875,765.572021484375,16513700
2025-08-19,767.1199951171875,767.1699829101562,749.3599853515625,751.47998046875,749.7192993164062,12286700
2025-08-20,747.5700073242188,750.2000122070312,731.0,747.719970703125,745.968017578125,11898200
2025-08-21,744.7100219726562,745.5,733.1099853515625,739.0999755859375,737.3682250976562,8876300
2025-08-22,739.22998046875,756.9000244140625,734.3900146484375,754.7899780273438,753.021484375,10612700
2025-08-25,754.8200073242188,758.8800048828125,750.1300048828125,753.2999877929688,751.5349731445312,6861200
2025-08-26,750.7999877929688,754.8699951171875,747.9400024414062,754.0999755859375,752.3331298828125,7601800
2025-08-27,752.2999877929688,754.1500244140625,742.8400268554688,747.3800048828125,745.62890625,8315400
2025-08-28,744.0,753.0499877929688,740.7999877929688,751.1099853515625,749.3501586914062,7468000
2025-08-29,745.280029296875,747.1400146484375,735.3499755859375,738.7000122070312,736.96923828125,9070500
2025-09-02,726.0399780273438,736.0,721.72998046875,735.1099853515625,733.3875732421875,9350900
2025-09-03,736.0,740.25,733.989990234375,737.0499877929688,735.3230590820312,7699300
2025-09-04,748.5700073242188,761.1599731445312,745.8200073242188,748.6500244140625,746.8959350585938,11439100
2025-09-05,752.6199951171875,757.9500122070312,745.030029296875,752.4500122070312,750.68701171875,9663400
2025-09-08,756.0,766.510009765625,752.02001953125,752.2999877929688,750.5372924804688,13087800
2025-09-09,757.489990234375,766.2999877929688,753.4299926757812,765.7000122070312,763.9058837890625,10999000
2025-09-10,765.1300048828125,765.7000122070312,751.0,751.97998046875,750.2180786132812,12478300
2025-09-11,754.6500244140625,757.0999755859375,748.3699951171875,750.9000244140625,749.1406860351562,7923300
2025-09-12,748.72998046875,757.5700073242188,743.760009765625,755.5900268554688,753.8196411132812,8248600
2025-09-15,757.469970703125,774.0700073242188,751.989990234375,764.7000122070312,762.9082641601562,10533800
2025-09-16,767.0,781.3599853515625,765.0999755859375,779.0,777.1747436523438,11782500
2025-09-17,779.989990234375,783.2899780273438,766.3099975585938,775.719970703125,773.9024658203125,9400900
2025-09-18,780.75,788.780029296875,773.3599853515625,780.25,778.421875,10955000
2025-09-19,786.4199829101562,790.7999877929688,769.1900024414062,778.3800048828125,776.5562133789062,23696800
2025-09-22,781.8499755859375,785.72998046875,764.469970703125,765.1599731445312,763.8824462890625,11706900
2025-09-23,769.25,770.5999755859375,751.0700073242188,755.4000244140625,754.1387939453125,10872600
2025-09-24,757.5,761.1099853515625,752.530029296875,760.6599731445312,759.3899536132812,8828200
2025-09-25,753.4500122070312,756.77001953125,744.5499877929688,748.9099731445312,747.6595458984375,10591100
2025-09-26,750.0,751.9299926757812,737.3499755859375,743.75,742.5081787109375,9696300
2025-09-29,748.719970703125,750.780029296875,739.1500244140625,743.4000244140625,742.1588134765625,9246800
2025-09-30,742.25,742.969970703125,726.2999877929688,734.3800048828125,733.15380859375,16226800
2025-10-01,721.489990234375,721.8499755859375,710.2000122070312,717.3400268554688,716.142333984375,20419600
2025-10-02,722.5800170898438,727.77001953125,718.1400146484375,727.0499877929688,725.8360595703125,11415300
2025-10-03,729.6300048828125,731.0,710.1799926757812,710.5599975585938,709.3735961914062,16154300
2025-10-06,705.1900024414062,716.8800048828125,690.510009765625,715.6599731445312,714.465087890625,21654700
2025-10-07,717.719970703125,718.5,705.75,713.0800170898438,711.889404296875,12062900
2025-10-08,713.4500122070312,719.6500244140625,707.8099975585938,717.8400268554688,716.6414794921875,10790600
2025-10-09,718.280029296875,733.510009765625,712.4400024414062,733.510009765625,732.2852783203125,12717200
2025-10-10,730.9199829101562,735.27001953125,704.510009765625,705.2999877929688,704.1223754882812,16980100
2025-10-13,713.010009765625,719.9400024414062,707.6400146484375,715.7000122070312,714.5050048828125,9251800
2025-10-14,707.780029296875,715.5499877929688,699.3300170898438,708.6500244140625,707.4668579101562,8829800
2025-10-15,717.0599975585938,723.9000244140625,709.510009765625,717.5499877929688,716.3519287109375,10246800
2025-10-16,717.5499877929688,725.489990234375,703.8800048828125,712.0700073242188,710.881103515625,9017000
2025-10-17,707.0800170898438,718.5399780273438,706.1199951171875,716.9199829101562,715.7229614257812,12232400
2025-10-20,721.1900024414062,733.77001953125,720.1799926757812,732.1699829101562,730.947509765625,8900200
2025-10-21,736.02001953125,738.5,728.75,733.27001953125,732.0457153320312,7647300
2025-10-22,733.8300170898438,740.5999755859375,724.030029296875,733.4099731445312,732.1854248046875,8734500
2025-10-23,734.7000122070312,742.4099731445312,733.0999755859375,734.0,732.7744750976562,9856000
2025-10-24,736.7899780273438,741.2100219726562,731.1500244140625,738.3599853515625,737.1271362304688,9151300
2025-10-27,749.72998046875,755.75,748.010009765625,750.8200073242188,749.56640625,11321100
2025-10-28,752.6300048828125,758.4000244140625,745.52001953125,751.4400024414062,750.1853637695312,12193800
2025-10-29,754.75,759.1599731445312,742.510009765625,751.6699829101562,750.4149780273438,26818600
2025-10-30,669.1500244140625,680.9600219726562,650.1699829101562,666.469970703125,665.357177734375,88440100
2025-10-31,674.510009765625,674.8900146484375,645.5700073242188,648.3499755859375,647.2674560546875,56953200
2025-11-03,656.0,659.3300170898438,636.1799926757812,637.7100219726562,636.645263671875,33003600
2025-11-04,628.0399780273438,641.739990234375,626.010009765625,627.3200073242188,626.2725830078125,27356600
2025-11-05,632.3099975585938,642.22998046875,626.5399780273438,635.9500122070312,634.88818359375,20219900
2025-11-06,635.8499755859375,636.0,618.0,618.9400024414062,617.9065551757812,23628800
2025-11-07,616.489990234375,622.1300048828125,601.2000122070312,621.7100219726562,620.6719360351562,29946800
2025-11-10,631.0900268554688,635.0,618.1099853515625,631.760009765625,630.7051391601562,19245000
2025-11-11,628.0,629.5599975585938,619.3900146484375,627.0800170898438,626.0330200195312,13302200
2025-11-12,628.1300048828125,628.989990234375,607.77001953125,609.010009765625,607.9931640625,24493300
2025-11-13,613.0700073242188,617.6500244140625,603.0,609.8900146484375,608.8717041015625,20973800
2025-11-14,601.7899780273438,613.6799926757812,595.2000122070312,609.4600219726562,608.4424438476562,20724100
2025-11-17,609.0399780273438,611.6900024414062,595.4000244140625,602.010009765625,601.0048217773438,16501300
2025-11-18,591.5999755859375,603.6599731445312,583.780029296875,597.6900024414062,596.6920776367188,25500600
2025-11-19,593.719970703125,595.3300170898438,581.25,590.3200073242188,589.3343505859375,24744700
2025-11-20,603.5,606.719970703125,583.3499755859375,589.1500244140625,588.1663818359375,20603000
2025-11-21,588.5,598.1199951171875,581.8599853515625,594.25,593.2578125,21052600
2025-11-24,598.719970703125,616.7000122070312,597.6300048828125,613.0499877929688,612.0264282226562,23554900
2025-11-25,624.0,637.0499877929688,618.2999877929688,636.219970703125,635.15771484375,25213000
2025-11-26,637.6900024414062,638.3599853515625,631.6300048828125,633.6099853515625,632.5521240234375,15209500
2025-11-28,636.0800170898438,648.0499877929688,635.5,647.9500122070312,646.8681640625,11033200
2025-12-01,639.5499877929688,645.3200073242188,637.760009765625,640.8699951171875,639.7999877929688,13029900
2025-12-02,642.3400268554688,647.8699951171875,638.0700073242188,647.0999755859375,646.01953125,11640900
2025-12-03,644.4099731445312,648.8499755859375,637.5499877929688,639.5999755859375,638.5321044921875,11134300
2025-12-04,676.0,676.0999755859375,660.0499877929688,661.530029296875,660.4254760742188,29874600
2025-12-05,664.0,674.6900024414062,662.3900146484375,673.4199829101562,672.2955932617188,21207900
2025-12-08,669.3400268554688,676.7100219726562,665.0700073242188,666.7999877929688,665.6866455078125,13161000
2025-12-09,663.77001953125,664.47998046875,653.3400268554688,656.9600219726562,655.8630981445312,12997100
2025-12-10,649.9500122070312,654.510009765625,643.4000244140625,650.1300048828125,649.0444946289062,16910900
2025-12-11,643.2899780273438,655.280029296875,640.7999877929688,652.7100219726562,651.6202392578125,13056700
2025-12-12,649.7999877929688,711.0,638.6099853515625,644.22998046875,643.1543579101562,14016900
2025-12-15,645.7000122070312,653.0,638.7000122070312,647.510009765625,646.9561157226562,15549100
2025-12-16,643.5,662.5399780273438,643.2000122070312,657.1500244140625,656.587890625,14309100
2025-12-17,655.6099853515625,661.22998046875,649.2000122070312,649.5,648.9443969726562,15598500
2025-12-18,657.030029296875,670.5599975585938,656.4600219726562,664.4500122070312,663.881591796875,20260300
2025-12-19,666.4199829101562,671.0,658.1799926757812,658.77001953125,658.2064819335938,49977100
2025-12-22,661.6500244140625,673.5800170898438,656.6500244140625,661.5,660.9341430664062,15659400
2025-12-23,660.0499877929688,666.0,658.25,664.9400024414062,664.3711547851562,8486800
2025-12-24,662.530029296875,668.1799926757812,662.2000122070312,667.5499877929688,666.9789428710938,5627500
2025-12-26,668.0599975585938,668.9500122070312,661.3200073242188,663.2899780273438,662.7225952148438,7133800
2025-12-29,658.010009765625,660.25,654.3900146484375,658.6900024414062,658.1265258789062,8506500
2025-12-30,658.6900024414062,672.219970703125,657.8400268554688,665.9500122070312,665.3803100585938,9187500
