date,open,high,low,close,adj_close,volume
2020-01-02,51.20000076293945,52.060001373291016,51.16999816894531,52.040000915527344,42.6046142578125,7808000
2020-01-03,51.220001220703125,51.45000076293945,50.83000183105469,51.20000076293945,41.91690444946289,6706000
2020-01-06,50.66999816894531,51.040000915527344,50.459999084472656,51.02000045776367,41.7695426940918,7476700
2020-01-07,51.040000915527344,51.189998626708984,50.709999084472656,50.91999816894531,41.68767547607422,4538100
2020-01-08,50.959999084472656,51.790000915527344,50.900001525878906,51.56999969482422,42.219818115234375,6185200
2020-01-09,52.16999816894531,52.25,51.81999969482422,52.060001373291016,42.62097930908203,7308000
2020-01-10,52.150001525878906,52.470001220703125,51.91999816894531,52.209999084472656,42.74378967285156,7686800
2020-01-13,52.209999084472656,52.779998779296875,52.06999969482422,52.779998779296875,43.21043395996094,8334200
2020-01-14,53.060001373291016,53.25,52.68000030517578,52.86000061035156,43.275936126708984,9602000
2020-01-15,52.47999954223633,52.939998626708984,52.11000061035156,52.939998626708984,43.341434478759766,11342500
2020-01-16,56.04999923706055,57.36000061035156,55.650001525878906,56.439998626708984,46.20684051513672,34590700
2020-01-17,56.2599983215332,57.56999969482422,56.18000030517578,57.5099983215332,47.08283233642578,15403900
2020-01-21,55.880001068115234,56.47999954223633,55.18000030517578,55.91999816894531,45.7811279296875,20833900
2020-01-22,56.18000030517578,56.5099983215332,55.849998474121094,55.86000061035156,45.73200607299805,10276800
2020-01-23,55.220001220703125,55.650001525878906,54.79999923706055,55.529998779296875,45.461830139160156,10064500
2020-01-24,55.529998779296875,55.61000061035156,54.099998474121094,54.54999923706055,44.65951919555664,9752000
2020-01-27,53.0,53.689998626708984,52.86000061035156,53.11000061035156,43.48060607910156,10649100
2020-01-28,53.79999923706055,54.439998626708984,53.380001068115234,54.02000045776367,44.225616455078125,9232900
2020-01-29,54.47999954223633,54.54999923706055,53.68000030517578,53.68000030517578,43.947261810302734,9027800
2020-01-30,52.61000061035156,53.86000061035156,52.400001525878906,53.81999969482422,44.351051330566406,8685900
2020-01-31,53.20000076293945,53.279998779296875,51.88999938964844,52.2599983215332,43.06550979614258,11286900
2020-02-03,52.63999938964844,53.59000015258789,52.58000183105469,52.599998474121094,43.3456916809082,8375100
2020-02-04,53.75,54.599998474121094,53.72999954223633,54.02000045776367,44.515865325927734,9375100
2020-02-05,54.86000061035156,55.150001525878906,54.380001068115234,54.9900016784668,45.3151969909668,8237500
2020-02-06,55.43000030517578,55.4900016784668,54.61000061035156,55.0099983215332,45.33167266845703,6976900
2020-02-07,54.61000061035156,55.11000061035156,54.41999816894531,55.029998779296875,45.34815979003906,7588000
2020-02-10,54.68000030517578,55.36000061035156,54.619998931884766,55.349998474121094,45.61186981201172,5115100
2020-02-11,55.7400016784668,56.25,55.689998626708984,55.779998779296875,45.96621322631836,7120800
2020-02-12,56.220001220703125,56.65999984741211,56.11000061035156,56.18000030517578,46.295841217041016,7130000
2020-02-13,55.79999923706055,55.9900016784668,55.5,55.93000030517578,46.08982849121094,5718400
2020-02-14,55.900001525878906,56.119998931884766,55.540000915527344,55.84000015258789,46.015663146972656,4579300
2020-02-18,55.79999923706055,55.959999084472656,54.939998626708984,55.52000045776367,45.751956939697266,6897800
2020-02-19,55.86000061035156,56.43000030517578,55.4900016784668,56.310001373291016,46.4029655456543,6075300
2020-02-20,54.0,55.5099983215332,53.59000015258789,53.75,44.29336929321289,58533500
2020-02-21,53.5,53.59000015258789,52.09000015258789,52.41999816894531,43.197349548339844,29536400
2020-02-24,50.310001373291016,50.4900016784668,49.209999084472656,49.68000030517578,40.93942642211914,28670400
2020-02-25,49.97999954223633,50.150001525878906,47.560001373291016,48.029998779296875,39.57972717285156,25568400
2020-02-26,48.220001220703125,48.54999923706055,46.88999938964844,47.2400016784668,38.9287109375,22286100
2020-02-27,45.7400016784668,47.209999084472656,45.15999984741211,45.40999984741211,37.420684814453125,26815200
2020-02-28,43.869998931884766,45.54999923706055,43.689998626708984,45.029998779296875,37.10752868652344,36978800
2020-03-02,45.11000061035156,46.47999954223633,44.400001525878906,46.47999954223633,38.302425384521484,23234100
2020-03-03,46.369998931884766,46.91999816894531,43.86000061035156,44.400001525878906,36.588375091552734,30206600
2020-03-04,45.15999984741211,45.31999969482422,44.209999084472656,45.2400016784668,37.28058624267578,21938100
2020-03-05,43.5099983215332,43.939998626708984,42.13999938964844,42.59000015258789,35.096824645996094,23950200
2020-03-06,40.5099983215332,42.2400016784668,40.34000015258789,41.84000015258789,34.47877883911133,30898400
2020-03-09,36.849998474121094,39.02000045776367,36.849998474121094,37.5,30.902347564697266,28177500
2020-03-10,39.810001373291016,39.9900016784668,37.04999923706055,39.5,32.550472259521484,27111000
2020-03-11,38.22999954223633,38.86000061035156,36.439998626708984,36.869998931884766,30.383182525634766,27376200
2020-03-12,33.90999984741211,34.90999984741211,31.209999084472656,31.309999465942383,25.801401138305664,27964600
2020-03-13,34.27000045776367,37.52000045776367,33.06999969482422,37.5,30.902347564697266,33305100
2020-03-16,31.06999969482422,35.27000045776367,30.360000610351562,31.649999618530273,26.08158302307129,26789900
2020-03-17,32.369998931884766,35.119998931884766,30.110000610351562,33.790000915527344,27.845069885253906,27047400
2020-03-18,31.34000015258789,32.84000015258789,27.200000762939453,30.75,25.339923858642578,27603000
2020-03-19,30.350000381469727,32.900001525878906,28.739999771118164,30.920000076293945,25.480012893676758,23929600
2020-03-20,31.25,31.450000762939453,29.190000534057617,29.670000076293945,24.44993782043457,27472500
2020-03-23,29.149999618530273,29.790000915527344,27.760000228881836,27.809999465942383,22.91718292236328,26401000
2020-03-24,30.09000015258789,33.380001068115234,29.399999618530273,33.220001220703125,27.375356674194336,25905500
2020-03-25,33.900001525878906,35.47999954223633,32.25,33.9900016784668,28.009889602661133,27198500
2020-03-26,33.79999923706055,36.849998474121094,33.33000183105469,35.709999084472656,29.42727279663086,26422500
2020-03-27,33.63999938964844,34.72999954223633,33.119998931884766,34.0099983215332,28.026363372802734,33375400
2020-03-30,33.529998779296875,35.34000015258789,32.970001220703125,34.84000015258789,28.710338592529297,18046400
2020-03-31,34.529998779296875,35.290000915527344,33.720001220703125,34.0,28.018125534057617,17122600
2020-04-01,31.68000030517578,32.40999984741211,31.15999984741211,31.6200008392334,26.056861877441406,23755100
2020-04-02,31.34000015258789,34.0,31.25,33.900001525878906,27.93572425842285,21656000
2020-04-03,33.560001373291016,34.29999923706055,32.86000061035156,33.849998474121094,27.894519805908203,16926500
2020-04-06,35.93000030517578,37.5,35.75,37.0099983215332,30.498546600341797,18788700
2020-04-07,39.65999984741211,39.65999984741211,36.86000061035156,36.939998626708984,30.44087028503418,19536700
2020-04-08,37.709999084472656,39.779998779296875,37.45000076293945,39.369998931884766,32.44334030151367,15376700
2020-04-09,40.2599983215332,41.849998474121094,40.18000030517578,41.08000183105469,33.85249710083008,21902200
2020-04-13,40.880001068115234,41.0,39.25,39.58000183105469,32.61640548706055,13369900
2020-04-14,40.5099983215332,40.77000045776367,38.369998931884766,39.86000061035156,32.847137451171875,14471900
2020-04-15,38.209999084472656,39.40999984741211,37.59000015258789,38.400001525878906,31.644001007080078,15590100
2020-04-16,37.86000061035156,38.81999969482422,37.06999969482422,38.36000061035156,31.611040115356445,27913000
2020-04-17,39.54999923706055,40.099998474121094,38.189998626708984,39.09000015258789,32.21260070800781,25074500
2020-04-20,38.189998626708984,39.540000915527344,37.81999969482422,38.36000061035156,31.611040115356445,16573800
2020-04-21,37.29999923706055,38.13999938964844,36.560001373291016,36.95000076293945,30.449111938476562,14134900
2020-04-22,37.869998931884766,38.18000030517578,37.439998626708984,37.810001373291016,31.157808303833008,10449000
2020-04-23,38.099998474121094,38.38999938964844,37.279998779296875,37.470001220703125,30.87763214111328,8694800
2020-04-24,37.970001220703125,38.189998626708984,37.2599983215332,37.970001220703125,31.289649963378906,8567500
2020-04-27,38.63999938964844,39.54999923706055,38.33000183105469,39.310001373291016,32.393898010253906,11619400
2020-04-28,40.56999969482422,41.380001068115234,39.84000015258789,40.130001068115234,33.06962585449219,12778400
2020-04-29,41.099998474121094,41.36000061035156,40.54999923706055,40.790000915527344,33.90925216674805,15880400
2020-04-30,39.900001525878906,40.11000061035156,39.0,39.43000030517578,32.77867126464844,13431700
2020-05-01,38.349998474121094,38.720001220703125,37.90999984741211,38.400001525878906,31.92241859436035,12806200
2020-05-04,38.0,38.220001220703125,37.16999816894531,38.09000015258789,31.664724349975586,13985100
2020-05-05,38.97999954223633,39.310001373291016,37.900001525878906,37.97999954223633,31.57327651977539,8951200
2020-05-06,38.470001220703125,38.630001068115234,37.04999923706055,37.29999923706055,31.00797462463379,7817800
2020-05-07,37.7599983215332,39.13999938964844,37.7599983215332,38.810001373291016,32.26325607299805,9348900
2020-05-08,39.5099983215332,40.16999816894531,39.20000076293945,40.08000183105469,33.31902313232422,12096400
2020-05-11,39.380001068115234,40.060001373291016,39.29999923706055,39.83000183105469,33.1112060546875,10106400
2020-05-12,39.970001220703125,40.06999969482422,38.349998474121094,38.41999816894531,31.939044952392578,13605600
2020-05-13,38.150001525878906,38.279998779296875,36.599998474121094,36.9900016784668,30.750261306762695,11565900
2020-05-14,36.2599983215332,37.970001220703125,35.529998779296875,37.810001373291016,31.431949615478516,14986600
2020-05-15,37.2599983215332,37.810001373291016,37.02000045776367,37.290000915527344,30.999666213989258,9175800
2020-05-18,38.91999816894531,40.650001525878906,38.68000030517578,40.279998779296875,33.48528289794922,14722400
2020-05-19,40.099998474121094,40.54999923706055,39.290000915527344,39.33000183105469,32.69553756713867,8895500
2020-05-20,40.06999969482422,41.25,40.040000915527344,41.060001373291016,34.13372039794922,12031600
2020-05-21,40.77000045776367,40.93000030517578,39.84000015258789,40.29999923706055,33.50191879272461,9654200
2020-05-22,40.22999954223633,40.540000915527344,39.79999923706055,40.130001068115234,33.3605842590332,6468900
2020-05-26,41.869998931884766,43.790000915527344,41.54999923706055,43.689998626708984,36.320064544677734,19709900
2020-05-27,45.779998779296875,46.91999816894531,45.310001373291016,46.86000061035156,38.95532989501953,25892400
2020-05-28,47.25,47.31999969482422,44.279998779296875,44.400001525878906,36.91029357910156,17615900
2020-05-29,44.0099983215332,44.790000915527344,43.52000045776367,44.20000076293945,36.74403381347656,13102100
2020-06-01,44.52000045776367,45.06999969482422,43.95000076293945,44.70000076293945,37.15969467163086,8649500
2020-06-02,45.18000030517578,46.2599983215332,44.880001068115234,45.58000183105469,37.89125442504883,11179200
2020-06-03,46.97999954223633,47.4900016784668,46.439998626708984,46.90999984741211,38.99689483642578,11253500
2020-06-04,46.709999084472656,48.75,46.689998626708984,48.689998626708984,40.47663497924805,15279600
2020-06-05,51.29999923706055,51.849998474121094,49.2400016784668,49.529998779296875,41.17493438720703,17976100
2020-06-08,50.52000045776367,50.68000030517578,49.380001068115234,50.150001525878906,41.69034957885742,12150300
2020-06-09,48.720001220703125,50.689998626708984,48.56999969482422,50.400001525878906,41.8981819152832,15090400
2020-06-10,50.029998779296875,50.5,48.61000061035156,48.689998626708984,40.47663497924805,14770900
2020-06-11,46.130001068115234,47.20000076293945,44.439998626708984,44.56999969482422,37.0516242980957,17961900
2020-06-12,46.7599983215332,46.95000076293945,45.119998931884766,46.279998779296875,38.473167419433594,14093100
2020-06-15,44.65999984741211,47.849998474121094,44.599998474121094,47.400001525878906,39.40422821044922,14758800
2020-06-16,49.439998626708984,49.599998474121094,46.90999984741211,48.560001373291016,40.36855697631836,13551500
2020-06-17,48.70000076293945,48.779998779296875,47.65999984741211,47.7599983215332,39.70351028442383,8674400
2020-06-18,47.119998931884766,48.380001068115234,46.970001220703125,47.58000183105469,39.55387496948242,9825200
2020-06-19,48.459999084472656,48.68000030517578,46.709999084472656,46.93000030517578,39.013526916503906,20962700
2020-06-22,46.79999923706055,47.61000061035156,46.54999923706055,47.380001068115234,39.38761901855469,11657400
2020-06-23,48.27000045776367,48.47999954223633,47.61000061035156,47.88999938964844,39.81157684326172,9672600
2020-06-24,47.59000015258789,47.650001525878906,46.41999816894531,46.95000076293945,39.03014373779297,12806200
2020-06-25,46.709999084472656,48.86000061035156,46.540000915527344,48.790000915527344,40.559757232666016,15014300
2020-06-26,48.29999923706055,48.369998931884766,46.61000061035156,47.04999923706055,39.113277435302734,20082500
2020-06-29,47.56999969482422,47.79999923706055,46.650001525878906,47.2400016784668,39.27122116088867,9380800
2020-06-30,47.060001373291016,48.529998779296875,47.060001373291016,48.29999923706055,40.15242004394531,11894300
2020-07-01,48.40999984741211,49.08000183105469,47.25,47.61000061035156,39.57881164550781,11363800
2020-07-02,48.86000061035156,49.029998779296875,47.68000030517578,47.790000915527344,39.72844696044922,7488800
2020-07-06,48.869998931884766,49.369998931884766,48.70000076293945,48.81999969482422,40.58469772338867,10649600
2020-07-07,48.52000045776367,48.54999923706055,47.38999938964844,47.4900016784668,39.47905349731445,8750700
2020-07-08,47.630001068115234,48.9900016784668,47.279998779296875,48.90999984741211,40.65951919555664,12322200
2020-07-09,48.79999923706055,49.04999923706055,47.02000045776367,47.5099983215332,39.49567413330078,9119900
2020-07-10,47.59000015258789,49.880001068115234,47.52000045776367,49.79999923706055,41.399383544921875,13386000
2020-07-13,51.029998779296875,51.029998779296875,49.880001068115234,50.220001220703125,41.74854278564453,14904000
2020-07-14,50.27000045776367,50.58000183105469,48.90999984741211,50.5,41.9813117980957,16075600
2020-07-15,52.4900016784668,52.4900016784668,50.459999084472656,51.349998474121094,42.68793487548828,17424200
2020-07-16,51.58000183105469,53.5099983215332,51.34000015258789,52.63999938964844,43.76032257080078,25026800
2020-07-17,52.779998779296875,53.0099983215332,51.97999954223633,52.40999984741211,43.56910705566406,16263800
2020-07-20,51.7599983215332,52.06999969482422,51.349998474121094,51.86000061035156,43.111900329589844,10423600
2020-07-21,52.099998474121094,52.45000076293945,51.52000045776367,52.380001068115234,43.54417419433594,11951200
2020-07-22,52.0,52.349998474121094,50.9900016784668,51.0,42.396968841552734,13604000
2020-07-23,50.9900016784668,51.25,50.310001373291016,50.560001373291016,42.031192779541016,13527000
2020-07-24,50.560001373291016,50.79999923706055,50.06999969482422,50.18000030517578,41.715293884277344,6860800
2020-07-27,49.90999984741211,51.56999969482422,49.72999954223633,51.31999969482422,42.662994384765625,12087100
2020-07-28,50.83000183105469,51.220001220703125,50.209999084472656,50.2599983215332,41.78178787231445,7287900
2020-07-29,50.27000045776367,50.65999984741211,49.880001068115234,50.59000015258789,42.056129455566406,8074300
2020-07-30,49.36000061035156,49.36000061035156,48.54999923706055,48.95000076293945,40.97626495361328,9410100
2020-07-31,49.02000045776367,49.029998779296875,48.27000045776367,48.880001068115234,40.91767120361328,9669900
2020-08-03,49.220001220703125,49.90999984741211,48.720001220703125,49.459999084472656,41.4031867980957,9912400
2020-08-04,49.5,49.77000045776367,49.08000183105469,49.2599983215332,41.23576354980469,6445200
2020-08-05,49.59000015258789,49.959999084472656,49.439998626708984,49.77000045776367,41.66268539428711,6636100
2020-08-06,49.83000183105469,49.97999954223633,49.2400016784668,49.45000076293945,41.394805908203125,5701100
2020-08-07,49.209999084472656,50.470001220703125,49.08000183105469,50.349998474121094,42.14820861816406,6225900
2020-08-10,50.5,50.83000183105469,50.2599983215332,50.58000183105469,42.34074401855469,6518300
2020-08-11,51.63999938964844,52.869998931884766,51.56999969482422,51.779998779296875,43.34526062011719,11792600
2020-08-12,52.630001068115234,53.41999816894531,51.90999984741211,52.380001068115234,43.847537994384766,8949400
2020-08-13,51.93000030517578,52.459999084472656,51.709999084472656,52.18000030517578,43.680118560791016,5728700
2020-08-14,51.68000030517578,52.54999923706055,51.650001525878906,52.29999923706055,43.780555725097656,5782300
2020-08-17,52.20000076293945,52.29999923706055,51.09000015258789,51.279998779296875,42.92671585083008,7333000
2020-08-18,51.16999816894531,51.369998931884766,50.650001525878906,50.91999816894531,42.62535095214844,6450000
2020-08-19,51.189998626708984,52.029998779296875,51.13999938964844,51.369998931884766,43.002044677734375,5957600
2020-08-20,50.72999954223633,51.06999969482422,50.5,50.79999923706055,42.524906158447266,5186300
2020-08-21,50.59000015258789,51.41999816894531,50.5,51.099998474121094,42.77603530883789,6408500
2020-08-24,51.310001373291016,52.470001220703125,51.15999984741211,52.369998931884766,43.83915710449219,7728500
2020-08-25,52.810001373291016,52.88999938964844,51.849998474121094,52.04999923706055,43.571285247802734,8425500
2020-08-26,51.9900016784668,52.11000061035156,51.61000061035156,51.709999084472656,43.28666687011719,5920800
2020-08-27,51.7599983215332,52.869998931884766,51.68000030517578,52.61000061035156,44.040069580078125,8910100
2020-08-28,53.0,53.0,52.45000076293945,52.88999938964844,44.27444839477539,8743800
2020-08-31,52.88999938964844,52.88999938964844,52.25,52.2599983215332,43.74707794189453,8026600
2020-09-01,51.91999816894531,52.81999969482422,51.689998626708984,52.58000183105469,44.01494598388672,5568800
2020-09-02,52.61000061035156,53.470001220703125,52.470001220703125,53.25,44.57581329345703,7547100
2020-09-03,53.599998474121094,54.380001068115234,52.20000076293945,52.75,44.15725326538086,11029600
2020-09-04,53.439998626708984,53.7599983215332,51.7599983215332,52.709999084472656,44.123775482177734,9413000
2020-09-08,52.290000915527344,52.290000915527344,50.09000015258789,50.16999816894531,41.99753189086914,10946600
2020-09-09,50.59000015258789,51.630001068115234,50.43000030517578,51.060001373291016,42.742549896240234,8808100
2020-09-10,51.33000183105469,51.59000015258789,50.16999816894531,50.290000915527344,42.09798049926758,8609100
2020-09-11,50.36000061035156,50.95000076293945,50.060001373291016,50.349998474121094,42.14820861816406,8969700
2020-09-14,50.959999084472656,51.56999969482422,50.29999923706055,51.150001525878906,42.81789016723633,8812200
2020-09-15,51.15999984741211,51.34000015258789,50.27000045776367,50.38999938964844,42.18169021606445,7660100
2020-09-16,50.47999954223633,51.90999984741211,50.310001373291016,51.150001525878906,42.81789016723633,8699700
2020-09-17,50.38999938964844,50.93000030517578,49.97999954223633,50.25,42.064491271972656,7533700
2020-09-18,50.369998931884766,50.939998626708984,50.04999923706055,50.08000183105469,41.92218780517578,10743900
2020-09-21,48.86000061035156,49.09000015258789,47.5099983215332,48.36000061035156,40.48237228393555,12909900
2020-09-22,48.2400016784668,48.59000015258789,46.93000030517578,47.630001068115234,39.87128448486328,11164400
2020-09-23,47.86000061035156,48.2400016784668,46.38999938964844,46.41999816894531,38.8583869934082,8248100
2020-09-24,46.540000915527344,47.41999816894531,45.86000061035156,46.61000061035156,39.0174446105957,9832700
2020-09-25,46.279998779296875,47.33000183105469,45.91999816894531,47.040000915527344,39.37739562988281,9816000
2020-09-28,47.88999938964844,49.13999938964844,47.810001373291016,48.380001068115234,40.49911117553711,9466200
2020-09-29,48.06999969482422,48.2599983215332,47.189998626708984,47.2400016784668,39.54481506347656,11355600
2020-09-30,47.66999816894531,48.9900016784668,47.540000915527344,48.349998474121094,40.47399139404297,15047300
2020-10-01,48.75,49.06999969482422,46.900001525878906,47.2599983215332,39.561546325683594,25275400
2020-10-02,46.4900016784668,48.34000015258789,46.41999816894531,47.970001220703125,40.15589904785156,12681800
2020-10-05,48.43000030517578,48.88999938964844,47.779998779296875,48.599998474121094,40.68326950073242,19140100
2020-10-06,49.20000076293945,49.40999984741211,47.470001220703125,47.7400016784668,39.96336364746094,22980200
2020-10-07,48.380001068115234,49.16999816894531,48.2400016784668,48.709999084472656,40.775352478027344,12019100
2020-10-08,47.97999954223633,49.4900016784668,47.2599983215332,49.0,41.01811599731445,23836600
2020-10-09,49.439998626708984,49.72999954223633,48.72999954223633,48.83000183105469,40.87581253051758,11381800
2020-10-12,49.27000045776367,51.0099983215332,49.029998779296875,50.7400016784668,42.47467041015625,17615000
2020-10-13,51.119998931884766,51.2400016784668,49.9900016784668,50.439998626708984,42.223541259765625,17448000
2020-10-14,50.90999984741211,51.38999938964844,50.380001068115234,50.650001525878906,42.39933776855469,20330100
2020-10-15,49.93000030517578,51.869998931884766,49.91999816894531,51.33000183105469,42.96857833862305,21059700
2020-10-16,51.529998779296875,52.27000045776367,51.43000030517578,51.849998474121094,43.40385818481445,16923300
2020-10-19,52.189998626708984,52.189998626708984,50.790000915527344,50.95000076293945,42.650474548339844,12677000
2020-10-20,51.560001373291016,52.27000045776367,51.369998931884766,51.470001220703125,43.08577346801758,11177600
2020-10-21,51.4900016784668,51.810001373291016,50.2599983215332,50.380001068115234,42.17332077026367,18583200
2020-10-22,50.41999816894531,51.97999954223633,50.119998931884766,51.77000045776367,43.3369026184082,13264400
2020-10-23,52.25,52.61000061035156,51.540000915527344,51.869998931884766,43.42060470581055,11538500
2020-10-26,51.150001525878906,51.279998779296875,49.79999923706055,50.31999969482422,42.12309265136719,15561400
2020-10-27,50.25,50.279998779296875,48.58000183105469,48.59000015258789,40.67491149902344,11593300
2020-10-28,47.560001373291016,48.11000061035156,47.189998626708984,47.56999969482422,39.8210563659668,13622800
2020-10-29,47.04999923706055,48.43000030517578,46.54999923706055,48.119998931884766,40.58003234863281,10887800
2020-10-30,47.959999084472656,48.2599983215332,47.0099983215332,48.150001525878906,40.60533905029297,14907400
2020-11-02,48.880001068115234,49.84000015258789,48.439998626708984,49.380001068115234,41.642601013183594,16337800
2020-11-03,50.40999984741211,51.459999084472656,50.40999984741211,51.18000030517578,43.16056442260742,13142200
2020-11-04,50.529998779296875,52.31999969482422,50.5099983215332,51.43000030517578,43.37139129638672,17378000
2020-11-05,52.0,52.779998779296875,51.58000183105469,52.20000076293945,44.02073669433594,9444300
2020-11-06,52.58000183105469,52.619998931884766,51.5099983215332,51.70000076293945,43.59908676147461,6453900
2020-11-09,55.40999984741211,56.90999984741211,55.060001373291016,56.02000045776367,47.2421760559082,24243300
2020-11-10,56.59000015258789,56.81999969482422,54.900001525878906,55.75,47.01448059082031,15502900
2020-11-11,55.939998626708984,56.66999816894531,55.38999938964844,56.34000015258789,47.51204299926758,9731600
2020-11-12,55.5,55.93000030517578,54.9900016784668,55.54999923706055,46.84581756591797,9889500
2020-11-13,55.959999084472656,57.04999923706055,55.90999984741211,56.61000061035156,47.739723205566406,9919100
2020-11-16,57.7599983215332,58.13999938964844,57.029998779296875,58.11000061035156,49.00468826293945,12201400
2020-11-17,57.5099983215332,58.88999938964844,57.20000076293945,58.810001373291016,49.59501266479492,9599100
2020-11-18,59.0,60.130001068115234,58.77000045776367,58.810001373291016,49.59501266479492,11536700
2020-11-19,58.560001373291016,58.689998626708984,57.86000061035156,58.630001068115234,49.443214416503906,7220200
2020-11-20,58.36000061035156,58.7400016784668,57.5099983215332,57.810001373291016,48.7516975402832,7739900
2020-11-23,58.66999816894531,60.77000045776367,58.61000061035156,60.27000045776367,50.82624816894531,12647400
2020-11-24,61.13999938964844,63.65999984741211,60.63999938964844,63.599998474121094,53.634456634521484,22357700
2020-11-25,63.0,63.77000045776367,62.25,63.47999954223633,53.53326416015625,11509700
2020-11-27,63.47999954223633,63.959999084472656,63.06999969482422,63.84000015258789,53.83685302734375,5581500
2020-11-30,63.58000183105469,63.83000183105469,61.59000015258789,61.83000183105469,52.141807556152344,15610700
2020-12-01,63.119998931884766,63.79999923706055,62.77000045776367,63.279998779296875,53.364593505859375,15857200
2020-12-02,63.06999969482422,64.26000213623047,62.88999938964844,64.0199966430664,53.9886474609375,10790700
2020-12-03,64.05999755859375,64.62000274658203,63.81999969482422,64.05999755859375,54.02238082885742,11757900
2020-12-04,64.51000213623047,65.19000244140625,64.27999877929688,65.0,54.815086364746094,10169700
2020-12-07,64.54000091552734,65.18000030517578,63.880001068115234,64.26000213623047,54.19105529785156,10402100
2020-12-08,63.470001220703125,64.37999725341797,63.40999984741211,63.90999984741211,53.89588928222656,6386200
2020-12-09,64.69999694824219,65.43000030517578,64.0999984741211,64.37000274658203,54.283809661865234,10145500
2020-12-10,63.599998474121094,64.55000305175781,63.33000183105469,64.44000244140625,54.342838287353516,8888000
2020-12-11,63.400001525878906,63.720001220703125,62.70000076293945,63.31999969482422,53.39833450317383,9034200
2020-12-14,64.25,64.30000305175781,61.86000061035156,61.880001068115234,52.18396759033203,10236600
2020-12-15,62.4900016784668,64.02999877929688,62.15999984741211,63.95000076293945,53.929622650146484,9718800
2020-12-16,63.7599983215332,64.37000274658203,63.59000015258789,64.2300033569336,54.16575622558594,8806400
2020-12-17,64.41000366210938,64.75,64.06999969482422,64.66999816894531,54.536800384521484,7197500
2020-12-18,64.83000183105469,64.93000030517578,63.349998474121094,64.18000030517578,54.12358093261719,15499800
2020-12-21,66.01000213623047,68.30000305175781,65.80000305175781,67.83000183105469,57.2016716003418,14787800
2020-12-22,68.25,68.25,66.58999633789062,66.63999938964844,56.19812774658203,9807000
2020-12-23,67.0,68.97000122070312,66.97000122070312,68.20999908447266,57.522117614746094,8772500
2020-12-24,68.36000061035156,68.58000183105469,67.76000213623047,68.08999633789062,57.42091751098633,3126700
2020-12-28,68.55999755859375,68.83999633789062,67.97000122070312,68.05000305175781,57.38718795776367,7417100
2020-12-29,68.30999755859375,68.48999786376953,67.30999755859375,67.70999908447266,57.1004638671875,4701300
2020-12-30,67.83000183105469,68.19000244140625,67.56999969482422,67.83999633789062,57.21009826660156,5283200
2020-12-31,67.80000305175781,68.73999786376953,67.41000366210938,68.52999877929688,57.79198455810547,5297400
2021-01-04,69.27999877929688,69.93000030517578,67.72000122070312,68.33000183105469,57.623321533203125,14014600
2021-01-05,68.16000366210938,70.08000183105469,68.08000183105469,69.48999786376953,58.60154724121094,11120400
2021-01-06,71.41000366210938,74.87999725341797,70.55999755859375,73.68000030517578,62.13501739501953,18334300
2021-01-07,74.80000305175781,76.51000213623047,74.80000305175781,74.94000244140625,63.19758605957031,13530400
2021-01-08,74.47000122070312,75.33999633789062,73.8499984741211,75.25,63.459022521972656,12896700
2021-01-11,74.23999786376953,76.5,73.66999816894531,76.05999755859375,64.14208221435547,9077500
2021-01-12,76.55999755859375,77.16999816894531,75.5199966430664,75.80000305175781,63.9228401184082,11831100
2021-01-13,75.80999755859375,76.43000030517578,75.01000213623047,75.55999755859375,63.720436096191406,9852200
2021-01-14,75.8499984741211,76.83999633789062,75.72000122070312,76.47000122070312,64.48785400390625,9854300
2021-01-15,75.06999969482422,75.56999969482422,74.1500015258789,75.23999786376953,63.450584411621094,12882600
2021-01-19,76.5199966430664,76.5999984741211,74.69000244140625,74.98999786376953,63.23975372314453,14897700
2021-01-20,76.51000213623047,77.76000213623047,74.30000305175781,74.83999633789062,63.113258361816406,16133000
2021-01-21,75.0,75.88999938964844,73.73999786376953,74.69999694824219,62.99517822265625,13591300
2021-01-22,72.55000305175781,74.69999694824219,72.41000366210938,74.12999725341797,62.51450729370117,15460000
2021-01-25,73.5199966430664,74.0199966430664,71.91999816894531,72.37999725341797,61.03871536254883,15933100
2021-01-26,72.73999786376953,73.31999969482422,71.13999938964844,71.20999908447266,60.05204772949219,10899700
2021-01-27,69.7300033569336,70.26000213623047,67.8499984741211,68.41999816894531,57.69921112060547,17002600
2021-01-28,69.44000244140625,70.7699966430664,68.6500015258789,69.31999969482422,58.758766174316406,14986200
2021-01-29,69.01000213623047,70.05999755859375,66.8499984741211,67.05000305175781,56.83461380004883,17566100
2021-02-01,67.87999725341797,68.12000274658203,67.2699966430664,67.66999816894531,57.360145568847656,11961600
2021-02-02,69.12000274658203,71.37000274658203,69.0199966430664,70.94999694824219,60.14042282104492,13893900
2021-02-03,70.87000274658203,71.33000183105469,70.30999755859375,70.5999984741211,59.84375,8014300
2021-02-04,70.93000030517578,72.31999969482422,70.7699966430664,72.29000091552734,61.27627182006836,8889400
2021-02-05,73.0999984741211,73.72000122070312,72.55000305175781,73.22000122070312,62.064571380615234,8832200
2021-02-08,73.63999938964844,74.29000091552734,73.4000015258789,74.2300033569336,62.92070388793945,9018100
2021-02-09,73.9000015258789,74.68000030517578,73.37000274658203,74.23999786376953,62.9291877746582,7429900
2021-02-10,74.5999984741211,74.86000061035156,73.55000305175781,74.33000183105469,63.005455017089844,7465900
2021-02-11,74.33000183105469,74.7699966430664,72.77999877929688,73.72000122070312,62.4884033203125,6972900
2021-02-12,73.87999725341797,75.0199966430664,73.87999725341797,74.61000061035156,63.242828369140625,7281200
2021-02-16,76.25,76.41999816894531,75.27999877929688,76.05000305175781,64.46343231201172,8550600
2021-02-17,75.0,75.9000015258789,74.70999908447266,75.44999694824219,63.9548454284668,7807200
2021-02-18,75.1500015258789,75.55000305175781,74.16999816894531,74.83000183105469,63.42928695678711,7155800
2021-02-19,75.44999694824219,76.36000061035156,75.43000030517578,76.0,64.42103576660156,7685300
2021-02-22,75.69999694824219,77.98999786376953,75.58000183105469,77.4000015258789,65.60774993896484,11193700
2021-02-23,77.26000213623047,77.86000061035156,76.26000213623047,77.5,65.69249725341797,12174600
2021-02-24,77.68000030517578,80.0999984741211,77.6500015258789,79.87999725341797,67.70988464355469,12681500
2021-02-25,80.5,81.4000015258789,78.11000061035156,78.43000030517578,66.4808120727539,11674600
2021-02-26,78.04000091552734,78.8499984741211,76.33000183105469,76.87000274658203,65.15848541259766,30392200
2021-03-01,78.05000305175781,79.54000091552734,78.04000091552734,79.16000366210938,67.09959411621094,11450000
2021-03-02,79.80999755859375,81.55000305175781,79.5999984741211,80.79000091552734,68.48124694824219,11955500
2021-03-03,81.16000366210938,82.94000244140625,81.16000366210938,82.05999755859375,69.55777740478516,13053000
2021-03-04,82.13999938964844,83.4800033569336,79.80999755859375,81.11000061035156,68.75250244140625,15809900
2021-03-05,82.41000366210938,82.55999755859375,78.37999725341797,80.87000274658203,68.54907989501953,16362500
2021-03-08,81.93000030517578,82.95999908447266,80.79000091552734,81.0999984741211,68.7440185546875,10151900
2021-03-09,80.19999694824219,82.33000183105469,79.43000030517578,80.8499984741211,68.5321044921875,11588700
2021-03-10,81.73999786376953,83.41999816894531,81.41999816894531,83.08999633789062,70.43084716796875,10775800
2021-03-11,82.55000305175781,83.80999755859375,82.48999786376953,83.25,70.56645965576172,8951500
2021-03-12,84.55000305175781,85.08000183105469,83.79000091552734,84.33999633789062,71.49040222167969,8691300
2021-03-15,84.9000015258789,85.08000183105469,82.97000122070312,83.86000061035156,71.08352661132812,9018400
2021-03-16,83.51000213623047,83.69999694824219,81.83999633789062,82.54000091552734,69.96465301513672,9472000
2021-03-17,83.5999984741211,84.13999938964844,82.44999694824219,83.86000061035156,71.08352661132812,8049300
2021-03-18,84.7300033569336,86.63999938964844,83.7300033569336,83.94000244140625,71.15131378173828,10227400
2021-03-19,82.61000061035156,83.61000061035156,81.4000015258789,82.94000244140625,70.30370330810547,11557600
2021-03-22,82.47000122070312,82.56999969482422,81.48999786376953,81.91999816894531,69.43909454345703,7169900
2021-03-23,81.13999938964844,81.91999816894531,78.8499984741211,79.12000274658203,67.0656967163086,10235500
2021-03-24,80.0999984741211,81.44000244140625,79.29000091552734,79.33000183105469,67.24371337890625,8459000
2021-03-25,79.29000091552734,80.37999725341797,78.30999755859375,80.12999725341797,67.92182922363281,11363800
2021-03-26,81.62999725341797,81.73999786376953,79.05000305175781,79.9800033569336,67.7946548461914,11107400
2021-03-29,77.0,78.8499984741211,76.0,77.87999725341797,66.01459503173828,21931700
2021-03-30,78.66999816894531,80.04000091552734,78.5,79.08999633789062,67.0402603149414,12063000
2021-03-31,78.66999816894531,79.0,77.6500015258789,77.66000366210938,65.82814025878906,12085500
2021-04-01,77.87999725341797,78.27999877929688,77.5,78.22000122070312,66.30282592773438,13195600
2021-04-05,79.19999694824219,79.30999755859375,77.83000183105469,78.0,66.1163330078125,10458800
2021-04-06,77.80000305175781,79.11000061035156,77.51000213623047,79.08999633789062,67.0402603149414,9445000
2021-04-07,79.04000091552734,79.72000122070312,78.44999694824219,79.04000091552734,66.99788665771484,8329300
2021-04-08,78.5,80.48999786376953,78.16000366210938,80.19999694824219,67.98114776611328,9352700
2021-04-09,80.4800033569336,80.7300033569336,79.37000274658203,80.72000122070312,68.42192077636719,10693500
2021-04-12,80.94999694824219,81.06999969482422,79.5199966430664,80.18000030517578,67.96418762207031,8939700
2021-04-13,79.9000015258789,80.02999877929688,78.95999908447266,79.52999877929688,67.41321563720703,7085200
2021-04-14,79.61000061035156,82.05000305175781,79.30000305175781,80.79000091552734,68.48124694824219,10585500
2021-04-15,81.3499984741211,81.41000366210938,79.8499984741211,80.81999969482422,68.50670623779297,9930800
2021-04-16,81.0,81.68000030517578,77.76000213623047,78.58999633789062,66.6164321899414,29086400
2021-04-19,78.30000305175781,80.37000274658203,78.11000061035156,80.02999877929688,67.83705139160156,15151000
2021-04-20,79.30999755859375,79.62999725341797,76.5999984741211,77.29000091552734,65.51451873779297,13052800
2021-04-21,76.7300033569336,79.33999633789062,76.25,79.25,67.1758804321289,11075900
2021-04-22,78.91999816894531,79.5,78.1500015258789,78.29000091552734,66.36214447021484,9871700
2021-04-23,78.29000091552734,81.30000305175781,78.29000091552734,80.94999694824219,68.61688995361328,12002000
2021-04-26,81.80999755859375,82.41999816894531,81.37999725341797,81.5199966430664,69.10003662109375,8033500
2021-04-27,81.41000366210938,82.05000305175781,81.19999694824219,81.95999908447266,69.47301483154297,7057400
2021-04-28,82.4000015258789,82.94999694824219,82.06999969482422,82.7300033569336,70.12570190429688,7228200
2021-04-29,83.19999694824219,83.79000091552734,82.12999725341797,83.63999938964844,71.1982650756836,9974800
2021-04-30,82.88999938964844,83.27999877929688,82.2300033569336,82.55000305175781,70.2704086303711,9298600
2021-05-03,83.11000061035156,83.48999786376953,82.30000305175781,82.45999908447266,70.19379425048828,6759000
2021-05-04,82.08999633789062,82.83000183105469,80.75,82.63999938964844,70.34700775146484,8802700
2021-05-05,82.91000366210938,84.83999633789062,82.23999786376953,84.51000213623047,71.9388427734375,9424400
2021-05-06,84.93000030517578,86.91000366210938,84.4000015258789,86.83000183105469,73.91372680664062,11887900
2021-05-07,85.4800033569336,88.04000091552734,85.33999633789062,87.69999694824219,74.6543197631836,9947600
2021-05-10,88.06999969482422,88.87999725341797,86.43000030517578,86.47000122070312,73.60729217529297,9344500
2021-05-11,85.05999755859375,85.94000244140625,83.83999633789062,84.91999816894531,72.28784942626953,10397800
2021-05-12,85.4000015258789,86.19000244140625,83.36000061035156,83.68000030517578,71.23230743408203,12602200
2021-05-13,83.69000244140625,85.6500015258789,83.41000366210938,84.86000061035156,72.23678588867188,8639700
2021-05-14,85.61000061035156,87.58000183105469,85.61000061035156,87.3499984741211,74.35639190673828,7755900
2021-05-17,86.79000091552734,88.12000274658203,86.30000305175781,88.08999633789062,74.98631286621094,7157900
2021-05-18,88.2300033569336,88.56999969482422,86.87000274658203,86.97000122070312,74.03292846679688,6631700
2021-05-19,85.30999755859375,86.0999984741211,84.31999969482422,86.05000305175781,73.24977111816406,10165600
2021-05-20,86.18000030517578,87.02999877929688,85.31999969482422,86.47000122070312,73.60729217529297,7722100
2021-05-21,86.94000244140625,88.77999877929688,86.7300033569336,88.33999633789062,75.19910430908203,9326800
2021-05-24,88.70999908447266,90.19999694824219,88.31999969482422,89.69000244140625,76.3482894897461,7788800
2021-05-25,90.27999877929688,91.3499984741211,88.73999786376953,88.86000061035156,75.64176177978516,10599600
2021-05-26,88.66000366210938,89.8499984741211,87.94999694824219,89.3499984741211,76.05889129638672,8665200
2021-05-27,90.0999984741211,90.91999816894531,88.58999633789062,90.30000305175781,76.86756896972656,21840900
2021-05-28,90.55000305175781,91.27999877929688,89.9000015258789,90.94999694824219,77.42086791992188,9484800
2021-06-01,92.38999938964844,93.30999755859375,91.87000274658203,92.11000061035156,78.4083023071289,9576400
2021-06-02,92.51000213623047,93.1500015258789,91.55999755859375,92.76000213623047,78.96162414550781,6878400
2021-06-03,92.33000183105469,93.91999816894531,92.16000366210938,93.3499984741211,79.4638671875,7926800
2021-06-04,93.86000061035156,94.16999816894531,92.63999938964844,93.95999908447266,79.98310089111328,6406800
2021-06-07,94.2300033569336,94.2699966430664,92.73999786376953,93.20999908447266,79.34468841552734,6773800
2021-06-08,92.3499984741211,93.19000244140625,91.69000244140625,92.79000091552734,78.98716735839844,7036300
2021-06-09,92.37999725341797,93.22000122070312,91.79000091552734,92.66999816894531,78.885009765625,7811700
2021-06-10,93.5,93.9800033569336,91.52999877929688,91.68000030517578,78.04226684570312,6584900
2021-06-11,91.72000122070312,92.55999755859375,91.69000244140625,92.05000305175781,78.35722351074219,6509400
2021-06-14,91.79000091552734,91.88999938964844,89.88999938964844,90.72000122070312,77.2250747680664,10163100
2021-06-15,91.08999633789062,91.19999694824219,89.9000015258789,90.69999694824219,77.20804595947266,7459000
2021-06-16,90.5,91.63999938964844,89.44999694824219,91.0999984741211,77.54854583740234,11370300
2021-06-17,91.73999786376953,91.75,87.05999755859375,87.91000366210938,74.83306884765625,11131600
2021-06-18,86.38999938964844,86.9000015258789,83.91000366210938,84.08999633789062,71.58133697509766,22453900
2021-06-21,84.56999969482422,86.44999694824219,84.22000122070312,85.94000244140625,73.15612030029297,10672700
2021-06-22,85.86000061035156,86.22000122070312,84.9800033569336,85.69999694824219,72.95182800292969,9664100
2021-06-23,86.04000091552734,86.31999969482422,85.56999969482422,85.87000274658203,73.09654235839844,7139000
2021-06-24,86.45999908447266,87.38999938964844,85.83999633789062,87.08000183105469,74.12655639648438,7953500
2021-06-25,87.52999877929688,88.62000274658203,86.72000122070312,88.4000015258789,75.25018310546875,11139000
2021-06-28,88.05999755859375,88.19999694824219,86.43000030517578,87.69999694824219,74.6543197631836,6174600
2021-06-29,91.08999633789062,91.62999725341797,89.77999877929688,90.63999938964844,77.15699768066406,15413700
2021-06-30,90.16999816894531,91.91000366210938,90.12999725341797,91.69000244140625,78.05079650878906,9780300
2021-07-01,91.91999816894531,92.2300033569336,91.05000305175781,92.0199966430664,78.33169555664062,6792200
2021-07-02,91.9000015258789,92.08000183105469,91.33000183105469,92.02999877929688,78.34021759033203,4818000
2021-07-06,91.75,91.88999938964844,89.66000366210938,90.20999908447266,76.79095458984375,6701200
2021-07-07,89.63999938964844,90.45999908447266,88.56999969482422,90.02999877929688,76.63772583007812,6771600
2021-07-08,88.0999984741211,88.63999938964844,86.94999694824219,87.63999938964844,74.60324096679688,8778800
2021-07-09,89.36000061035156,90.62000274658203,88.61000061035156,90.33000183105469,76.89308166503906,7306500
2021-07-12,90.23999786376953,93.5199966430664,89.76000213623047,92.75,78.953125,11951100
2021-07-13,92.47000122070312,93.52999877929688,91.73999786376953,93.20999908447266,79.34468841552734,12280100
2021-07-14,93.12000274658203,93.83000183105469,91.44000244140625,92.45999908447266,78.70625305175781,12572000
2021-07-15,91.36000061035156,94.05999755859375,91.30000305175781,92.62999725341797,78.85096740722656,12465900
2021-07-16,93.1500015258789,93.41999816894531,91.0999984741211,91.25,77.6762466430664,12595400
2021-07-19,89.51000213623047,89.69000244140625,87.58000183105469,89.3499984741211,76.05889129638672,14043000
2021-07-20,89.13999938964844,93.5999984741211,89.0,92.31999969482422,78.58707427978516,11522300
2021-07-21,93.23999786376953,96.05000305175781,93.18000030517578,95.68000030517578,81.44728088378906,14116900
2021-07-22,95.41999816894531,96.2300033569336,94.83999633789062,95.56999969482422,81.3536148071289,9235300
2021-07-23,96.27999877929688,97.16999816894531,94.19000244140625,94.55000305175781,80.48534393310547,13222800
2021-07-26,94.37000274658203,96.66000366210938,94.3499984741211,96.54000091552734,82.17935180664062,11420600
2021-07-27,95.87999725341797,97.05000305175781,95.5199966430664,96.4800033569336,82.12825775146484,8972900
2021-07-28,96.51000213623047,96.88999938964844,95.55000305175781,96.06999969482422,81.77925109863281,10054000
2021-07-29,96.16000366210938,96.8499984741211,95.52999877929688,96.27999877929688,82.5595703125,9016200
2021-07-30,95.94000244140625,97.20999908447266,95.52999877929688,95.9800033569336,82.3023452758789,8320800
2021-08-02,96.72000122070312,98.4000015258789,95.9800033569336,96.2300033569336,82.5167007446289,9409600
2021-08-03,96.75,97.02999877929688,94.83000183105469,96.5999984741211,82.83397674560547,7044800
2021-08-04,95.7699966430664,97.54000091552734,95.55999755859375,96.29000091552734,82.56816864013672,7137500
2021-08-05,96.83999633789062,97.93000030517578,96.83999633789062,97.83000183105469,83.88870239257812,5675000
2021-08-06,98.62999725341797,99.9800033569336,98.29000091552734,99.7300033569336,85.5179443359375,9317900
2021-08-09,99.56999969482422,100.98999786376953,98.97000122070312,100.73999786376953,86.38398742675781,8297700
2021-08-10,100.73999786376953,102.93000030517578,100.58999633789062,102.04000091552734,87.4987564086914,8490500
2021-08-11,102.27999877929688,103.93000030517578,101.8499984741211,103.87999725341797,89.07653045654297,8793200
2021-08-12,103.52999877929688,104.72000122070312,103.51000213623047,104.66999816894531,89.75395202636719,6302100
2021-08-13,104.5,104.7699966430664,102.69000244140625,103.94000244140625,89.12799835205078,8312200
2021-08-16,103.20999908447266,103.81999969482422,102.19000244140625,103.72000122070312,88.93934631347656,6540300
2021-08-17,102.80999755859375,103.8499984741211,101.5999984741211,102.87000274658203,88.21046447753906,6492900
2021-08-18,102.37999725341797,103.05999755859375,101.12000274658203,101.26000213623047,86.82991027832031,7839800
2021-08-19,99.55000305175781,100.75,98.70999908447266,99.7300033569336,85.5179443359375,10644700
2021-08-20,99.79000091552734,101.0199966430664,99.51000213623047,100.66000366210938,86.3154067993164,6496900
2021-08-23,101.98999786376953,102.87999725341797,101.72000122070312,102.16000366210938,87.60165405273438,5430700
2021-08-24,102.69000244140625,103.44000244140625,102.52999877929688,103.08999633789062,88.39911651611328,5339700
2021-08-25,103.2699966430664,104.97000122070312,103.04000091552734,104.08999633789062,89.25660705566406,5612100
2021-08-26,104.63999938964844,105.6500015258789,103.66999816894531,103.83999633789062,89.042236328125,6882800
2021-08-27,103.88999938964844,105.47000122070312,103.68000030517578,105.44999694824219,90.42279815673828,5900600
2021-08-30,105.62999725341797,105.80999755859375,103.87999725341797,104.08999633789062,89.25660705566406,6459700
2021-08-31,104.2699966430664,104.70999908447266,103.37000274658203,104.43000030517578,89.54814910888672,7215100
2021-09-01,104.54000091552734,105.08000183105469,103.56999969482422,104.30999755859375,89.44525909423828,5762400
2021-09-02,105.01000213623047,105.51000213623047,104.36000061035156,104.83000183105469,89.89115142822266,5708400
2021-09-03,104.73999786376953,105.33000183105469,103.7699966430664,104.25,89.393798828125,7195400
2021-09-07,104.08000183105469,105.37000274658203,104.06999969482422,104.18000030517578,89.33377838134766,6792100
2021-09-08,103.8499984741211,104.56999969482422,103.06999969482422,103.56999969482422,88.81072235107422,5601000
2021-09-09,103.3499984741211,105.2300033569336,103.30000305175781,103.83999633789062,89.042236328125,6145700
2021-09-10,104.43000030517578,104.79000091552734,103.20999908447266,103.62000274658203,88.85357666015625,5958600
2021-09-13,103.83999633789062,104.5199966430664,103.22000122070312,104.4000015258789,89.52243041992188,6112200
2021-09-14,104.3499984741211,105.4000015258789,101.66000366210938,101.91000366210938,87.38728332519531,8400600
2021-09-15,102.16000366210938,103.33999633789062,101.80999755859375,103.04000091552734,88.3562240600586,6691900
2021-09-16,103.51000213623047,104.16999816894531,101.75,102.47000122070312,87.86747741699219,5881600
2021-09-17,102.12999725341797,103.88999938964844,101.41000366210938,101.75,87.25006866455078,17485600
2021-09-20,98.75,99.25,96.87000274658203,98.62999725341797,84.57469177246094,15443800
2021-09-21,99.43000030517578,99.7300033569336,97.94999694824219,98.30000305175781,84.29171752929688,8985600
2021-09-22,99.43000030517578,101.81999969482422,99.43000030517578,100.80000305175781,86.43543243408203,9497700
2021-09-23,101.76000213623047,103.98999786376953,101.5999984741211,103.55000305175781,88.7935562133789,6087900
2021-09-24,103.38999938964844,104.12999725341797,102.80999755859375,102.91000366210938,88.24478149414062,5529300
2021-09-27,103.8499984741211,105.76000213623047,103.83000183105469,105.0999984741211,90.12268829345703,8195200
2021-09-28,104.2699966430664,105.94999694824219,101.72000122070312,102.04000091552734,87.4987564086914,14183500
2021-09-29,101.08000183105469,101.61000061035156,99.11000061035156,99.55000305175781,85.36359405517578,11543000
2021-09-30,100.2300033569336,100.37999725341797,96.25,97.30999755859375,83.44277954101562,12258400
2021-10-01,97.93000030517578,99.91000366210938,97.05999755859375,99.05000305175781,84.9348373413086,7912700
2021-10-04,99.05000305175781,100.51000213623047,96.97000122070312,97.1500015258789,83.30558776855469,9482100
2021-10-05,98.22000122070312,99.7300033569336,97.47000122070312,99.19999694824219,85.06346893310547,8850300
2021-10-06,98.22000122070312,99.45999908447266,97.22000122070312,99.0999984741211,84.97769927978516,6912700
2021-10-07,100.55999755859375,100.91999816894531,98.69000244140625,98.80000305175781,84.72047424316406,7959600
2021-10-08,99.0199966430664,100.69000244140625,98.38999938964844,100.04000091552734,85.78375244140625,5301100
2021-10-11,100.08000183105469,100.68000030517578,97.20999908447266,97.29000091552734,83.42564392089844,7003900
2021-10-12,97.29000091552734,98.72000122070312,96.69000244140625,97.77999877929688,83.84580993652344,7913300
2021-10-13,98.12000274658203,99.18000030517578,96.68000030517578,98.56999969482422,84.52324676513672,10170900
2021-10-14,101.22000122070312,101.58000183105469,97.80999755859375,101.01000213623047,86.61551666259766,14766800
2021-10-15,102.45999908447266,103.22000122070312,101.8499984741211,102.13999938964844,87.58450317382812,11678100
2021-10-18,101.76000213623047,103.94000244140625,100.55000305175781,101.41000366210938,86.95852661132812,8924300
2021-10-19,101.55000305175781,102.44999694824219,101.30000305175781,101.75,87.25006866455078,6189500
2021-10-20,101.08000183105469,101.91999816894531,99.93000030517578,100.66000366210938,86.3154067993164,7426900
2021-10-21,100.36000061035156,101.75,99.56999969482422,100.27999877929688,85.98956298828125,5931400
2021-10-22,100.73999786376953,102.23999786376953,100.56999969482422,101.80000305175781,87.29293060302734,6761500
2021-10-25,102.30000305175781,102.73999786376953,101.66000366210938,101.91000366210938,87.38728332519531,3836000
2021-10-26,102.12000274658203,103.9800033569336,101.69000244140625,103.47000122070312,88.7249755859375,7649500
2021-10-27,102.97000122070312,103.83999633789062,101.83000183105469,101.87000274658203,87.35295867919922,7542400
2021-10-28,101.88999938964844,102.62999725341797,100.80000305175781,102.5,88.50132751464844,6663000
2021-10-29,102.11000061035156,103.30999755859375,101.93000030517578,102.77999877929688,88.74309539794922,8056900
2021-11-01,103.88999938964844,104.33000183105469,102.69000244140625,104.0,89.79647064208984,5432400
2021-11-02,103.93000030517578,105.33999633789062,103.37000274658203,104.66000366210938,90.36634063720703,7191700
2021-11-03,104.38999938964844,104.7300033569336,101.87999725341797,102.61000061035156,88.5963134765625,9009000
2021-11-04,102.2300033569336,102.30999755859375,98.16999816894531,99.79000091552734,86.16144561767578,14823800
2021-11-05,101.33000183105469,101.9800033569336,99.7300033569336,99.87000274658203,86.23051452636719,8449600
2021-11-08,100.45999908447266,101.80000305175781,99.97000122070312,100.06999969482422,86.40321350097656,7332000
2021-11-09,99.45999908447266,100.30999755859375,98.27999877929688,99.70999908447266,86.09236145019531,8756900
2021-11-10,98.73999786376953,99.62000274658203,97.72000122070312,97.7699966430664,84.41731262207031,9191500
2021-11-11,98.04000091552734,99.30999755859375,97.47000122070312,98.87999725341797,85.3757095336914,6249600
2021-11-12,99.20999908447266,99.88999938964844,98.05000305175781,99.8499984741211,86.2132568359375,7270300
2021-11-15,100.02999877929688,100.80000305175781,99.95999908447266,100.20999908447266,86.52407836914062,5652200
2021-11-16,100.0,101.55999755859375,99.51000213623047,100.69000244140625,86.93852996826172,6448500
2021-11-17,100.51000213623047,100.62999725341797,97.3499984741211,97.68000030517578,84.33960723876953,9670700
2021-11-18,97.93000030517578,98.26000213623047,96.48999786376953,97.68000030517578,84.33960723876953,6850200
2021-11-19,96.22000122070312,97.87999725341797,94.94999694824219,96.91000366210938,83.67478942871094,9923400
2021-11-22,98.29000091552734,100.52999877929688,97.81999969482422,99.31999969482422,85.75563049316406,10430400
2021-11-23,100.30999755859375,102.12999725341797,100.18000030517578,101.86000061035156,87.94873046875,8559200
2021-11-24,101.83999633789062,102.2300033569336,100.11000061035156,101.12000274658203,87.3097915649414,7146400
2021-11-26,98.05000305175781,98.16000366210938,95.87000274658203,97.93000030517578,84.55546569824219,11738200
2021-11-29,99.04000091552734,99.5999984741211,95.95999908447266,97.2300033569336,83.9510726928711,13793400
2021-11-30,96.43000030517578,96.5,93.87999725341797,94.81999969482422,81.87020111083984,20586200
2021-12-01,96.9800033569336,98.61000061035156,95.26000213623047,95.26000213623047,82.25010681152344,11708200
2021-12-02,96.0,99.75,95.30000305175781,98.86000061035156,85.35845947265625,10685800
2021-12-03,100.04000091552734,100.87000274658203,96.8499984741211,98.20999908447266,84.79722595214844,9811800
2021-12-06,100.0,100.70999908447266,98.80000305175781,99.2699966430664,85.71245574951172,9624500
2021-12-07,100.37000274658203,103.11000061035156,100.33999633789062,102.5,88.50132751464844,10674400
2021-12-08,102.66000366210938,103.16000366210938,101.2300033569336,101.25,87.42203521728516,9089700
2021-12-09,100.7699966430664,101.81999969482422,100.25,100.58000183105469,86.84355163574219,7749600
2021-12-10,100.94000244140625,101.26000213623047,98.37999725341797,98.43000030517578,84.9871826171875,10429000
2021-12-13,98.1500015258789,98.19999694824219,96.80000305175781,97.16999816894531,83.89926147460938,10057100
2021-12-14,96.75,99.44000244140625,96.56999969482422,98.81999969482422,85.32392120361328,11105900
2021-12-15,99.12000274658203,99.83000183105469,97.12999725341797,99.43000030517578,85.85060119628906,7055000
2021-12-16,101.29000091552734,101.41999816894531,99.66000366210938,100.30000305175781,86.60179138183594,7889900
2021-12-17,99.47000122070312,99.5199966430664,96.80999755859375,97.12999725341797,83.86471557617188,20851400
2021-12-20,95.61000061035156,95.88999938964844,94.20999908447266,95.37000274658203,82.34510040283203,11931400
2021-12-21,96.18000030517578,98.51000213623047,96.06999969482422,97.7699966430664,84.41731262207031,8235100
2021-12-22,97.69000244140625,98.68000030517578,97.45999908447266,98.30000305175781,84.87493896484375,4798400
2021-12-23,99.01000213623047,99.97000122070312,98.7699966430664,99.33999633789062,85.77290344238281,4482200
2021-12-27,99.72000122070312,100.52999877929688,99.11000061035156,100.4000015258789,86.68812561035156,4196000
2021-12-28,100.5999984741211,101.0,99.58000183105469,99.97000122070312,86.3168716430664,4269700
2021-12-29,100.05000305175781,100.51000213623047,98.69000244140625,98.7300033569336,85.24620819091797,6923100
2021-12-30,98.86000061035156,99.97000122070312,98.72000122070312,98.80000305175781,85.30665588378906,3564900
2021-12-31,98.7300033569336,99.20999908447266,97.4800033569336,98.16000366210938,84.7540512084961,5124800
2022-01-03,99.33000183105469,101.4000015258789,99.30000305175781,100.19000244140625,86.50682830810547,8481900
2022-01-04,102.0,104.68000030517578,101.9800033569336,104.26000213623047,90.02096557617188,8967000
2022-01-05,103.69999694824219,105.02999877929688,101.56999969482422,101.68000030517578,87.79331970214844,10288800
2022-01-06,104.12000274658203,104.20999908447266,100.62000274658203,103.41999816894531,89.29569244384766,10059200
2022-01-07,103.51000213623047,104.52999877929688,102.93000030517578,104.05000305175781,89.83965301513672,6128400
2022-01-10,104.72000122070312,105.0999984741211,102.83000183105469,104.12999725341797,89.90872192382812,8904900
2022-01-11,104.16000366210938,106.08999633789062,103.58000183105469,105.91999816894531,91.45425415039062,7320200
2022-01-12,106.05000305175781,106.47000122070312,102.3499984741211,103.05000305175781,88.97621154785156,10855200
2022-01-13,103.43000030517578,104.3499984741211,102.13999938964844,102.55000305175781,88.54449462890625,6267700
2022-01-14,99.75,100.47000122070312,97.38999938964844,98.87999725341797,85.3757095336914,16724900
2022-01-18,95.93000030517578,96.44000244140625,92.94000244140625,94.01000213623047,81.17082214355469,21803100
2022-01-19,98.01000213623047,98.25,94.95999908447266,95.7300033569336,82.65592956542969,19716100
2022-01-20,96.5999984741211,101.95999908447266,96.5999984741211,99.83000183105469,86.19597625732422,22637600
2022-01-21,98.13999938964844,99.55999755859375,96.3499984741211,98.86000061035156,85.35845947265625,22568300
2022-01-24,96.0199966430664,98.31999969482422,93.68000030517578,98.08000183105469,84.68498229980469,19527300
2022-01-25,96.58000183105469,99.83000183105469,95.01000213623047,99.04000091552734,85.51387023925781,16060700
2022-01-26,100.1500015258789,101.75,98.9000015258789,100.16999816894531,86.48955535888672,13344400
2022-01-27,101.30999755859375,102.2300033569336,99.66000366210938,101.1500015258789,87.33570861816406,17843100
2022-01-28,99.0999984741211,101.91999816894531,98.1500015258789,101.80000305175781,88.50945281982422,14044800
2022-01-31,100.97000122070312,102.73999786376953,100.27999877929688,102.54000091552734,89.15284729003906,8467000
2022-02-01,102.95999908447266,104.0999984741211,102.23999786376953,103.94999694824219,90.37875366210938,7885700
2022-02-02,103.80000305175781,104.30000305175781,102.30000305175781,103.91999816894531,90.3526611328125,9596300
2022-02-03,103.66999816894531,104.0999984741211,102.12999725341797,102.29000091552734,88.93547058105469,5986500
2022-02-04,102.1500015258789,105.0199966430664,102.06999969482422,104.11000061035156,90.51786804199219,7881800
2022-02-07,104.05000305175781,106.18000030517578,103.63999938964844,105.18000030517578,91.44815826416016,9129000
2022-02-08,105.97000122070312,107.31999969482422,105.31999969482422,106.3499984741211,92.46542358398438,9249000
2022-02-09,106.93000030517578,109.08000183105469,106.8499984741211,108.7300033569336,94.53470611572266,11054300
2022-02-10,108.19000244140625,109.7300033569336,107.1500015258789,107.56999969482422,93.5261459350586,8116200
2022-02-11,107.0,108.38999938964844,103.81999969482422,104.56999969482422,90.91780853271484,9755900
2022-02-14,104.02999877929688,104.5,101.5999984741211,102.56999969482422,89.17892456054688,11110300
2022-02-15,103.5199966430664,104.3499984741211,102.12000274658203,103.43000030517578,89.92664337158203,6714100
2022-02-16,102.5,103.04000091552734,100.66999816894531,101.1500015258789,87.94432067871094,10190700
2022-02-17,100.0199966430664,100.20999908447266,95.88999938964844,96.1500015258789,83.59707641601562,15620300
2022-02-18,95.26000213623047,96.04000091552734,93.11000061035156,95.41999816894531,82.96239471435547,16321800
2022-02-22,94.68000030517578,96.7699966430664,93.9000015258789,94.75,82.3798599243164,9143700
2022-02-23,95.69999694824219,95.72000122070312,93.08000183105469,93.55000305175781,81.33654022216797,8722200
2022-02-24,89.8499984741211,92.18000030517578,88.52999877929688,91.80999755859375,79.82369995117188,18518000
2022-02-25,92.06999969482422,94.69999694824219,91.62999725341797,94.55000305175781,82.20597839355469,9717400
2022-02-28,91.58999633789062,92.22000122070312,89.91999816894531,90.73999786376953,78.89338684082031,17955100
2022-03-01,90.0,90.0,86.48999786376953,87.62999725341797,76.18943786621094,18341800
2022-03-02,88.05999755859375,89.27999877929688,87.0199966430664,88.37999725341797,76.84150695800781,18007500
2022-03-03,89.68000030517578,90.25,87.06999969482422,87.77999877929688,76.31983947753906,12197100
2022-03-04,86.19999694824219,86.9000015258789,84.76000213623047,86.36000061035156,75.08523559570312,11950700
2022-03-07,85.02999877929688,86.08000183105469,83.41999816894531,83.44999694824219,72.5551528930664,12680900
2022-03-08,83.62999725341797,85.75,81.97000122070312,83.30999755859375,72.43342590332031,11641200
2022-03-09,86.23999786376953,88.98999786376953,86.0999984741211,87.4000015258789,75.98944091796875,12994600
2022-03-10,85.7699966430664,87.80000305175781,85.01000213623047,85.86000061035156,74.65050506591797,11351600
2022-03-11,87.12000274658203,87.76000213623047,85.08000183105469,85.18000030517578,74.05928039550781,8568100
2022-03-14,85.8499984741211,86.70999908447266,84.47000122070312,84.72000122070312,73.65934753417969,8280700
2022-03-15,85.44999694824219,86.69999694824219,84.58000183105469,86.33000183105469,75.05915832519531,8672400
2022-03-16,88.01000213623047,92.3499984741211,88.0,91.76000213623047,79.78024291992188,17635900
2022-03-17,90.19999694824219,94.19000244140625,89.91999816894531,93.86000061035156,81.6060562133789,15156800
2022-03-18,93.4800033569336,94.9000015258789,92.41999816894531,94.81999969482422,82.44072723388672,16325400
2022-03-21,94.72000122070312,94.91000366210938,92.20999908447266,92.61000061035156,80.5192642211914,8568700
2022-03-22,93.16000366210938,94.5999984741211,92.87000274658203,94.22000122070312,81.91907501220703,7565100
2022-03-23,93.41000366210938,94.0,91.88999938964844,92.37999725341797,80.31928253173828,7465400
2022-03-24,92.55000305175781,93.0999984741211,91.8499984741211,92.12999725341797,80.10193634033203,6488300
2022-03-25,92.4800033569336,93.97000122070312,91.98999786376953,92.37999725341797,80.31928253173828,6592800
2022-03-28,92.27999877929688,92.30000305175781,90.13999938964844,91.2699966430664,79.35420227050781,8680800
2022-03-29,93.38999938964844,93.38999938964844,91.05000305175781,91.83999633789062,79.84978485107422,7431600
2022-03-30,91.86000061035156,91.94000244140625,89.76000213623047,90.2699966430664,78.48474884033203,7289800
2022-03-31,89.72000122070312,90.19000244140625,87.4000015258789,87.4000015258789,75.98944091796875,8422700
2022-04-01,88.13999938964844,88.52999877929688,85.91000366210938,86.98999786376953,75.63298797607422,8192300
2022-04-04,86.54000091552734,87.56999969482422,85.80999755859375,87.27999877929688,75.88511657714844,8098900
2022-04-05,86.55000305175781,86.83000183105469,84.94000244140625,85.27999877929688,74.1462173461914,11587400
2022-04-06,84.72000122070312,84.80999755859375,82.75,83.12999725341797,72.27691650390625,10493200
2022-04-07,82.87999725341797,83.61000061035156,81.4000015258789,83.12999725341797,72.27691650390625,11902900
2022-04-08,83.52999877929688,84.7699966430664,82.95999908447266,84.05999755859375,73.08550262451172,6937500
2022-04-11,83.58000183105469,85.81999969482422,83.0199966430664,84.0199966430664,73.05072784423828,8290400
2022-04-12,83.76000213623047,85.9800033569336,83.54000091552734,83.93000030517578,72.97247314453125,8057300
2022-04-13,82.93000030517578,84.25,82.77999877929688,84.12999725341797,73.14636993408203,8760300
2022-04-14,86.01000213623047,87.9000015258789,84.58999633789062,84.76000213623047,73.69412994384766,16348400
2022-04-18,84.38999938964844,87.18000030517578,84.31999969482422,86.4800033569336,75.18956756591797,7897500
2022-04-19,87.01000213623047,89.11000061035156,86.91999816894531,88.91000366210938,77.30232238769531,12637700
2022-04-20,89.61000061035156,91.58000183105469,89.61000061035156,90.61000061035156,78.78036499023438,11828400
2022-04-21,91.52999877929688,92.93000030517578,88.70999908447266,88.91000366210938,77.30232238769531,9563900
2022-04-22,88.12000274658203,88.20999908447266,84.62999725341797,84.73999786376953,73.67671966552734,11455400
2022-04-25,84.02999877929688,85.30999755859375,82.88999938964844,85.05000305175781,73.94625854492188,11577600
2022-04-26,84.29000091552734,85.22000122070312,82.27999877929688,82.37000274658203,71.61614227294922,10062000
2022-04-27,82.37999725341797,83.66999816894531,81.80999755859375,82.20999908447266,71.47704315185547,9522900
2022-04-28,82.69999694824219,83.8499984741211,81.61000061035156,83.4000015258789,73.13439178466797,6974600
2022-04-29,83.05999755859375,83.73999786376953,80.30999755859375,80.58999633789062,70.67028045654297,8097300
2022-05-02,80.58999633789062,82.13999938964844,80.02999877929688,81.95999908447266,71.87164306640625,8737100
2022-05-03,82.48999786376953,84.80999755859375,82.25,83.75,73.4413070678711,9430500
2022-05-04,84.06999969482422,87.52999877929688,83.94000244140625,87.22000122070312,76.48420715332031,10495000
2022-05-05,85.75,86.16000366210938,83.41000366210938,84.94000244140625,74.48482513427734,8556500
2022-05-06,84.13999938964844,84.56999969482422,82.30999755859375,84.2300033569336,73.86223602294922,7333600
2022-05-09,82.54000091552734,83.23999786376953,80.72000122070312,81.1500015258789,71.16134643554688,11161000
2022-05-10,82.01000213623047,82.66000366210938,78.72000122070312,80.26000213623047,70.38088989257812,9261000
2022-05-11,80.06999969482422,82.05999755859375,78.76000213623047,78.88999938964844,69.17953491210938,8060000
2022-05-12,78.05000305175781,79.5199966430664,76.75,78.58999633789062,68.91644287109375,10315600
2022-05-13,79.5999984741211,81.5,79.47000122070312,80.54000091552734,70.6264419555664,7948000
2022-05-16,80.38999938964844,80.93000030517578,78.8499984741211,79.9000015258789,70.06519317626953,5703600
2022-05-17,81.63999938964844,83.26000213623047,81.33000183105469,82.93000030517578,72.72225952148438,6507100
2022-05-18,81.9000015258789,82.22000122070312,80.31999969482422,80.69000244140625,70.75797271728516,5949400
2022-05-19,79.7300033569336,81.18000030517578,79.5,79.95999908447266,70.11780548095703,7852800
2022-05-20,80.62000274658203,81.20999908447266,77.56999969482422,79.37000274658203,69.6004409790039,8705000
2022-05-23,80.79000091552734,83.33999633789062,80.0999984741211,82.30999755859375,72.1785659790039,7787700
2022-05-24,81.80000305175781,82.22000122070312,80.05000305175781,81.95999908447266,71.87164306640625,6225700
2022-05-25,81.27999877929688,82.81999969482422,81.0,82.2300033569336,72.1084213256836,6747800
2022-05-26,83.3499984741211,85.55000305175781,83.23999786376953,85.0,74.53746032714844,8573400
2022-05-27,85.56999969482422,86.4800033569336,84.91999816894531,86.44999694824219,75.80899047851562,6300000
2022-05-31,85.45999908447266,86.81999969482422,84.93000030517578,86.13999938964844,75.53715515136719,10780700
2022-06-01,86.44000244140625,86.77999877929688,83.70999908447266,85.0,74.53746032714844,6543900
2022-06-02,85.18000030517578,85.37999725341797,83.66999816894531,85.19999694824219,74.71283721923828,7468700
2022-06-03,84.16999816894531,84.98999786376953,83.68000030517578,84.12000274658203,73.76578521728516,5276900
2022-06-06,85.19999694824219,86.27999877929688,84.73999786376953,84.87000274658203,74.42346954345703,4022400
2022-06-07,84.1500015258789,85.4000015258789,83.87999725341797,85.33000183105469,74.82685089111328,4514300
2022-06-08,84.5,85.12999725341797,82.73999786376953,83.19999694824219,72.95902252197266,6787200
2022-06-09,82.69999694824219,82.87999725341797,81.1500015258789,81.16000366210938,71.17012023925781,6951700
2022-06-10,79.54000091552734,79.70999908447266,76.94999694824219,77.4000015258789,67.87291717529297,9671600
2022-06-13,75.0199966430664,76.26000213623047,74.13999938964844,75.18000030517578,65.9261703491211,10446400
2022-06-14,75.41999816894531,76.7699966430664,74.2699966430664,74.95999908447266,65.73326110839844,7400300
2022-06-15,75.80000305175781,77.19999694824219,74.33000183105469,76.0199966430664,66.66278076171875,9273300
2022-06-16,74.08999633789062,74.36000061035156,72.48999786376953,73.94999694824219,64.84759521484375,11068400
2022-06-17,73.80999755859375,74.62000274658203,72.66000366210938,72.9000015258789,63.92683029174805,17285900
2022-06-21,75.06999969482422,75.25,74.16000366210938,74.62999725341797,65.44388580322266,8063800
2022-06-22,73.63999938964844,74.91000366210938,73.08999633789062,74.4000015258789,65.24220275878906,6322600
2022-06-23,74.41000366210938,74.52999877929688,72.2300033569336,73.97000122070312,64.86511993408203,7958000
2022-06-24,75.5999984741211,78.55000305175781,75.0199966430664,77.81999969482422,68.2412338256836,10795400
2022-06-27,78.4000015258789,78.4000015258789,76.91000366210938,77.44000244140625,67.90799713134766,5937600
2022-06-28,80.37999725341797,81.22000122070312,78.05000305175781,78.16000366210938,68.53939056396484,10259100
2022-06-29,78.27999877929688,79.29000091552734,77.51000213623047,78.19000244140625,68.56568908691406,8534900
2022-06-30,76.56999969482422,76.83000183105469,74.52999877929688,76.05999755859375,66.69786071777344,10182400
2022-07-01,75.76000213623047,77.05000305175781,74.68000030517578,76.75,67.30294036865234,6017500
2022-07-05,75.05999755859375,76.12999725341797,73.5999984741211,76.11000061035156,66.7417221069336,8706900
2022-07-06,75.76000213623047,76.16999816894531,74.69000244140625,75.44999694824219,66.16292572021484,6895900
2022-07-07,76.29000091552734,77.20999908447266,76.12999725341797,76.98999786376953,67.51338958740234,6258300
2022-07-08,77.38999938964844,77.5199966430664,76.4000015258789,76.7300033569336,67.28539276123047,5890500
2022-07-11,75.86000061035156,76.36000061035156,75.27999877929688,75.81999969482422,66.4874038696289,4918900
2022-07-12,75.19999694824219,77.26000213623047,75.05999755859375,75.94000244140625,66.59264373779297,6558400
2022-07-13,75.23999786376953,75.5,74.01000213623047,74.9800033569336,65.75080871582031,7780100
2022-07-14,74.01000213623047,75.06999969482422,72.05000305175781,74.69000244140625,65.49649810791016,13296200
2022-07-15,75.94000244140625,78.7699966430664,75.66000366210938,78.05000305175781,68.44291687011719,11663900
2022-07-18,79.5,80.4000015258789,78.41999816894531,78.86000061035156,69.15322875976562,11596800
2022-07-19,79.86000061035156,81.98999786376953,79.83000183105469,81.6500015258789,71.59980010986328,9952000
2022-07-20,81.47000122070312,82.2699966430664,80.94000244140625,81.80999755859375,71.74009704589844,7653400
2022-07-21,81.5,83.0999984741211,81.22000122070312,83.0199966430664,72.80116271972656,9053400
2022-07-22,83.0999984741211,83.52999877929688,81.66000366210938,82.43000030517578,72.2837905883789,6564000
2022-07-25,82.88999938964844,83.18000030517578,82.12000274658203,82.55000305175781,72.3890151977539,6208200
2022-07-26,81.80000305175781,82.56999969482422,80.62999725341797,80.79000091552734,70.84564971923828,7121600
2022-07-27,81.38999938964844,82.86000061035156,80.95999908447266,82.51000213623047,72.35395050048828,7751300
2022-07-28,81.76000213623047,83.06999969482422,80.9000015258789,82.94999694824219,73.42949676513672,6324800
2022-07-29,82.97000122070312,84.62999725341797,82.97000122070312,84.30000305175781,74.62454986572266,8597700
2022-08-01,83.66000366210938,84.54000091552734,83.01000213623047,84.08999633789062,74.43864440917969,5439200
2022-08-02,83.33000183105469,84.58999633789062,82.95999908447266,83.52999877929688,73.94292449951172,7684700
2022-08-03,84.68000030517578,85.58999633789062,84.12000274658203,85.05000305175781,75.28845977783203,7043600
2022-08-04,85.19999694824219,85.6500015258789,84.80000305175781,85.36000061035156,75.5628890991211,5722600
2022-08-05,84.98999786376953,86.70999908447266,84.70999908447266,86.12999725341797,76.24449920654297,6219300
2022-08-08,86.76000213623047,87.22000122070312,85.94999694824219,86.02999877929688,76.1559829711914,5719700
2022-08-09,86.44999694824219,86.83999633789062,85.87000274658203,86.36000061035156,76.44811248779297,4920100
2022-08-10,87.52999877929688,89.66000366210938,87.5,88.88999938964844,78.68773651123047,7271700
2022-08-11,89.9800033569336,90.83999633789062,89.80000305175781,90.19999694824219,79.84737396240234,8808100
2022-08-12,90.62000274658203,91.75,90.05999755859375,91.66000366210938,81.13980865478516,6259000
2022-08-15,90.6500015258789,92.29000091552734,90.45999908447266,92.0199966430664,81.45849609375,7348900
2022-08-16,91.4800033569336,92.2699966430664,91.33999633789062,91.81999969482422,81.28142547607422,5953800
2022-08-17,90.38999938964844,91.83000183105469,90.3499984741211,91.3499984741211,80.86537170410156,5499000
2022-08-18,91.16999816894531,92.0,90.98999786376953,91.7300033569336,81.2017822265625,4664800
2022-08-19,90.6500015258789,90.91999816894531,89.66000366210938,90.01000213623047,79.67918395996094,6264100
2022-08-22,88.43000030517578,88.86000061035156,87.70999908447266,88.45999908447266,78.30706787109375,6452800
2022-08-23,88.45999908447266,89.25,87.95999908447266,88.30000305175781,78.16544342041016,7487700
2022-08-24,87.98999786376953,89.04000091552734,87.80999755859375,88.5999984741211,78.4310073852539,5262400
2022-08-25,89.06999969482422,90.0999984741211,88.80000305175781,89.91000366210938,79.59066772460938,4943300
2022-08-26,90.33999633789062,90.48999786376953,86.72000122070312,86.80999755859375,76.8464584350586,7911500
2022-08-29,86.13999938964844,86.43000030517578,85.05999755859375,85.3499984741211,75.55403900146484,7505300
2022-08-30,86.13999938964844,86.2300033569336,84.20999908447266,84.43000030517578,74.73963165283203,8849400
2022-08-31,84.61000061035156,85.94000244140625,84.05999755859375,85.22000122070312,75.4389419555664,9223100
2022-09-01,84.66999816894531,86.20999908447266,83.38999938964844,86.16999816894531,76.27991485595703,7830800
2022-09-02,87.36000061035156,89.02999877929688,85.72000122070312,86.4000015258789,76.4835205078125,9974400
2022-09-06,86.75,86.83999633789062,83.16000366210938,85.12999725341797,75.3592758178711,10689300
2022-09-07,84.37000274658203,87.26000213623047,84.37000274658203,86.86000061035156,76.8907241821289,7592700
2022-09-08,86.52999877929688,88.48999786376953,86.0,88.44000244140625,78.28938293457031,8446700
2022-09-09,89.22000122070312,89.81999969482422,88.80000305175781,89.45999908447266,79.19232177734375,5976200
2022-09-12,90.0,91.04000091552734,89.8499984741211,90.1500015258789,79.80313110351562,8030800
2022-09-13,88.01000213623047,88.68000030517578,86.80000305175781,87.05000305175781,77.05890655517578,7890700
2022-09-14,87.54000091552734,88.11000061035156,86.12999725341797,87.18000030517578,77.17399597167969,8341100
2022-09-15,87.33999633789062,89.45999908447266,87.25,88.26000213623047,78.13003540039062,8883100
2022-09-16,87.4000015258789,87.69999694824219,85.58000183105469,87.43000030517578,77.39529418945312,20988900
2022-09-19,86.12000274658203,89.0199966430664,86.08000183105469,88.72000122070312,78.53723907470703,6011500
2022-09-20,88.0999984741211,88.44999694824219,86.37000274658203,87.19000244140625,77.18284606933594,8092300
2022-09-21,87.9000015258789,89.1500015258789,86.3499984741211,86.36000061035156,76.44811248779297,9707800
2022-09-22,86.91000366210938,87.25,84.2699966430664,84.7699966430664,75.04061126708984,8376300
2022-09-23,83.27999877929688,83.69000244140625,80.22000122070312,81.51000213623047,72.15477752685547,9990500
2022-09-26,80.91999816894531,81.66000366210938,79.01000213623047,79.76000213623047,70.60563659667969,8496000
2022-09-27,80.69999694824219,80.8499984741211,78.3499984741211,79.4800033569336,70.3577651977539,6855400
2022-09-28,79.76000213623047,81.88999938964844,79.69000244140625,81.47000122070312,72.11934661865234,6693500
2022-09-29,80.80000305175781,81.02999877929688,79.02999877929688,79.86000061035156,70.69416046142578,5892700
2022-09-30,79.7699966430664,81.16000366210938,78.86000061035156,79.01000213623047,69.94171142578125,8090900
2022-10-03,80.05000305175781,80.9800033569336,78.31999969482422,80.37999725341797,71.15445709228516,8169200
2022-10-04,82.19999694824219,84.73999786376953,81.80000305175781,83.97000122070312,74.33242797851562,7875000
2022-10-05,82.02999877929688,83.58999633789062,81.37999725341797,83.11000061035156,73.57112884521484,5956500
2022-10-06,82.44999694824219,83.19000244140625,81.12999725341797,81.30999755859375,71.97772979736328,6434800
2022-10-07,80.69999694824219,80.79000091552734,78.37999725341797,78.93000030517578,69.87089538574219,7180900
2022-10-10,79.44000244140625,79.72000122070312,77.81999969482422,78.41000366210938,69.41056823730469,5418000
2022-10-11,77.91999816894531,78.41000366210938,76.54000091552734,77.0,68.16240692138672,6271100
2022-10-12,76.98999786376953,77.80000305175781,76.33000183105469,76.5999984741211,67.80828857421875,6411600
2022-10-13,74.9800033569336,79.66000366210938,74.66999816894531,79.31999969482422,70.21612548828125,11811500
2022-10-14,77.2300033569336,79.05999755859375,74.83000183105469,75.30000305175781,66.65751647949219,13658500
2022-10-17,76.80999755859375,78.23999786376953,76.33000183105469,77.13999938964844,68.28633880615234,11412400
2022-10-18,79.80000305175781,80.58999633789062,78.37999725341797,79.44000244140625,70.32234191894531,9767800
2022-10-19,79.1500015258789,79.58999633789062,77.37000274658203,77.63999938964844,68.72892761230469,7429600
2022-10-20,77.62999725341797,78.54000091552734,76.13999938964844,76.5999984741211,67.80828857421875,7638100
2022-10-21,76.61000061035156,79.52999877929688,76.22000122070312,79.22000122070312,70.12760162353516,8149000
2022-10-24,79.52999877929688,81.0999984741211,78.56999969482422,79.43000030517578,70.3134994506836,8143300
2022-10-25,78.61000061035156,80.66999816894531,78.61000061035156,80.51000213623047,71.26954650878906,8173600
2022-10-26,80.5999984741211,82.05000305175781,80.58000183105469,80.91000366210938,71.62364196777344,7733400
2022-10-27,82.0,82.4800033569336,80.5999984741211,80.69000244140625,71.42887115478516,6466400
2022-10-28,80.2699966430664,82.30000305175781,79.51000213623047,82.22000122070312,73.4891128540039,7816100
2022-10-31,81.7699966430664,83.36000061035156,81.69000244140625,82.16999816894531,73.44441223144531,9087400
2022-11-01,83.25,83.97000122070312,82.98999786376953,83.72000122070312,74.82982635498047,8195600
2022-11-02,83.44999694824219,86.72000122070312,83.41999816894531,84.37000274658203,75.41081237792969,10907500
2022-11-03,83.05999755859375,84.62999725341797,82.55000305175781,83.62000274658203,74.74044799804688,6447200
2022-11-04,85.1500015258789,85.75,84.0,84.8499984741211,75.83983612060547,6929700
2022-11-07,85.5199966430664,86.12999725341797,85.11000061035156,85.56999969482422,76.48339080810547,4599600
2022-11-08,85.61000061035156,86.2300033569336,84.51000213623047,85.27999877929688,76.22416687011719,4850300
2022-11-09,84.87999725341797,85.33999633789062,83.19000244140625,83.44999694824219,74.58848571777344,5200800
2022-11-10,86.69000244140625,88.9800033569336,86.5199966430664,88.80000305175781,79.37039184570312,10013900
2022-11-11,89.0,91.69000244140625,89.0,90.77999877929688,81.14012145996094,9119100
2022-11-14,90.2699966430664,91.36000061035156,89.79000091552734,89.80999755859375,80.27312469482422,4873400
2022-11-15,91.06999969482422,91.86000061035156,89.36000061035156,90.5,80.88987731933594,7336100
2022-11-16,90.47000122070312,90.47000122070312,89.05999755859375,89.81999969482422,80.28207397460938,4368600
2022-11-17,88.69000244140625,89.12000274658203,87.51000213623047,88.94999694824219,79.50446319580078,4967300
2022-11-18,90.2699966430664,90.37000274658203,88.58999633789062,89.19999694824219,79.7279052734375,5450700
2022-11-21,89.05999755859375,89.68000030517578,88.56999969482422,89.08000183105469,79.62065124511719,4667100
2022-11-22,89.58999633789062,90.19000244140625,89.30000305175781,89.66999816894531,80.14800262451172,3804100
2022-11-23,89.72000122070312,90.44999694824219,89.66999816894531,89.93000030517578,80.38038635253906,4961400
2022-11-25,89.6500015258789,91.08000183105469,89.47000122070312,90.91000366210938,81.25630950927734,2450100
2022-11-28,90.19999694824219,91.0999984741211,89.69999694824219,89.88999938964844,80.34464263916016,6147700
2022-11-29,89.63999938964844,91.47000122070312,89.5999984741211,91.08000183105469,81.40827178955078,5307100
2022-11-30,91.27999877929688,93.25,89.12999725341797,93.06999969482422,83.18695831298828,10520600
2022-12-01,93.05999755859375,93.48999786376953,92.04000091552734,93.0,83.1243896484375,7310400
2022-12-02,91.86000061035156,92.66000366210938,91.51000213623047,92.0999984741211,82.31996154785156,5197800
2022-12-05,91.4800033569336,91.72000122070312,89.08999633789062,89.80999755859375,80.27312469482422,8272500
2022-12-06,89.62000274658203,89.76000213623047,86.41000366210938,87.51000213623047,78.21735382080078,10424700
2022-12-07,86.81999969482422,88.02999877929688,86.70999908447266,87.27999877929688,78.01178741455078,7066700
2022-12-08,87.68000030517578,88.79000091552734,87.0,88.69000244140625,79.27206420898438,6141400
2022-12-09,88.68000030517578,89.76000213623047,88.37000274658203,89.47000122070312,79.96923828125,6488300
2022-12-12,89.01000213623047,91.33000183105469,88.27999877929688,91.12000274658203,81.44403839111328,7496200
2022-12-13,93.66000366210938,95.16000366210938,92.06999969482422,92.70999908447266,82.86518096923828,10330500
2022-12-14,92.51000213623047,92.68000030517578,89.87000274658203,90.5,80.88987731933594,7704600
2022-12-15,89.1500015258789,89.19000244140625,86.91999816894531,87.79000091552734,78.46764373779297,8795200
2022-12-16,86.52999877929688,86.87000274658203,85.83000183105469,86.86000061035156,77.63639068603516,17262000
2022-12-19,86.73999786376953,87.04000091552734,84.95999908447266,85.55000305175781,76.46552276611328,5129600
2022-12-20,85.91999816894531,86.44999694824219,85.13999938964844,85.16000366210938,76.11692810058594,5206800
2022-12-21,86.41000366210938,87.81999969482422,86.3499984741211,86.87000274658203,77.64533996582031,5422400
2022-12-22,86.58000183105469,86.58000183105469,84.7699966430664,86.37000274658203,77.19843292236328,5635200
2022-12-23,86.33000183105469,86.58000183105469,85.3499984741211,86.11000061035156,76.96602630615234,3316100
2022-12-27,86.36000061035156,86.36000061035156,84.94000244140625,85.05999755859375,76.02752685546875,7064700
2022-12-28,84.95999908447266,85.20999908447266,84.05999755859375,84.45999908447266,75.49124145507812,3714900
2022-12-29,84.95999908447266,85.58999633789062,84.55999755859375,85.23999786376953,76.18843078613281,3461700
2022-12-30,84.69999694824219,85.19999694824219,84.18000030517578,85.0199966430664,75.99177551269531,4455600
2023-01-03,85.63999938964844,86.5999984741211,84.9800033569336,85.72000122070312,76.6174545288086,5108900
2023-01-04,85.55000305175781,87.3499984741211,85.18000030517578,86.6500015258789,77.44869232177734,7726800
2023-01-05,85.9000015258789,86.16999816894531,84.83000183105469,85.91999816894531,76.79621124267578,5339900
2023-01-06,86.44000244140625,87.95999908447266,85.70999908447266,87.55999755859375,78.26205444335938,5710900
2023-01-09,88.25,88.91000366210938,87.41000366210938,87.63999938964844,78.33356475830078,5039700
2023-01-10,87.55000305175781,88.93000030517578,86.83999633789062,88.91999816894531,79.47764587402344,4536600
2023-01-11,89.37000274658203,89.80999755859375,88.8499984741211,89.43000030517578,79.93347930908203,6122600
2023-01-12,90.0199966430664,91.80999755859375,89.3499984741211,90.52999877929688,80.91667175292969,7895600
2023-01-13,89.02999877929688,91.9800033569336,88.2699966430664,91.66000366210938,81.92668151855469,8414600
2023-01-17,95.9000015258789,99.0999984741211,95.0,97.08000183105469,86.77113342285156,27914300
2023-01-18,96.80000305175781,97.94999694824219,96.33999633789062,96.58000183105469,86.32423400878906,14134800
2023-01-19,94.61000061035156,94.9800033569336,92.94000244140625,94.1500015258789,84.15227508544922,13457100
2023-01-20,94.12999725341797,96.27999877929688,93.87999725341797,96.23999786376953,86.02033233642578,10785000
2023-01-23,95.87000274658203,97.22000122070312,95.48999786376953,97.12999725341797,86.81583404541016,8735300
2023-01-24,96.27999877929688,96.80999755859375,92.91999816894531,95.51000213623047,85.36786651611328,4801600
2023-01-25,94.87999725341797,95.93000030517578,94.44000244140625,95.63999938964844,85.48405456542969,5891000
2023-01-26,96.22000122070312,96.54000091552734,95.30999755859375,96.5,86.25273895263672,6085100
2023-01-27,96.41000366210938,97.43000030517578,95.70999908447266,96.86000061035156,86.57450866699219,7990800
2023-01-30,95.02999877929688,96.61000061035156,94.91999816894531,95.95999908447266,86.46186828613281,5870100
2023-01-31,96.29000091552734,97.37000274658203,95.76000213623047,97.33000183105469,87.69628143310547,7182100
2023-02-01,96.94999694824219,99.05999755859375,96.93000030517578,98.19000244140625,88.4711685180664,9815200
2023-02-02,98.87999725341797,100.2699966430664,97.95999908447266,99.20999908447266,89.39019012451172,11118900
2023-02-03,98.23999786376953,100.18000030517578,98.06999969482422,99.43000030517578,89.58842468261719,6948600
2023-02-06,98.44999694824219,99.19999694824219,98.06999969482422,98.9000015258789,89.11088562011719,4737700
2023-02-07,98.7699966430664,99.81999969482422,98.05000305175781,99.22000122070312,89.39918518066406,5060700
2023-02-08,98.31999969482422,99.94000244140625,98.05999755859375,98.95999908447266,89.16494750976562,4705200
2023-02-09,99.22000122070312,99.80000305175781,97.7300033569336,98.05000305175781,88.34502410888672,4983800
2023-02-10,97.58999633789062,98.5999984741211,97.55999755859375,98.44000244140625,88.69639587402344,5224900
2023-02-13,98.45999908447266,99.76000213623047,98.16000366210938,99.43000030517578,89.58842468261719,4910300
2023-02-14,99.05000305175781,100.98999786376953,98.97000122070312,100.55999755859375,90.60657501220703,7679500
2023-02-15,99.51000213623047,100.95999908447266,99.5,100.83000183105469,90.84983825683594,6464200
2023-02-16,99.77999877929688,100.23999786376953,98.80999755859375,99.56999969482422,89.71455383300781,6051800
2023-02-17,98.9000015258789,100.0199966430664,98.30000305175781,99.51000213623047,89.6604995727539,8133000
2023-02-21,98.45999908447266,99.0,97.18000030517578,97.62000274658203,87.95755767822266,6556000
2023-02-22,97.37000274658203,98.06999969482422,96.62000274658203,97.2699966430664,87.64220428466797,5072400
2023-02-23,97.87999725341797,98.41999816894531,96.69999694824219,97.94000244140625,88.24590301513672,5916100
2023-02-24,97.1500015258789,97.9800033569336,96.61000061035156,97.69999694824219,88.02964782714844,5414200
2023-02-27,98.41000366210938,98.4800033569336,96.58000183105469,96.69999694824219,87.12863159179688,5645000
2023-02-28,97.12000274658203,97.29000091552734,96.26000213623047,96.5,86.94843292236328,6745300
2023-03-01,95.95999908447266,96.76000213623047,95.26000213623047,96.19000244140625,86.66911315917969,5429600
2023-03-02,95.44999694824219,96.37000274658203,94.4800033569336,96.08000183105469,86.57000732421875,4632400
2023-03-03,96.55000305175781,98.44000244140625,96.44999694824219,98.33000183105469,88.59729766845703,6504000
2023-03-06,98.44000244140625,99.19999694824219,98.0999984741211,98.37999725341797,88.64232635498047,5215200
2023-03-07,98.0,98.26000213623047,95.97000122070312,96.05999755859375,86.5519790649414,5461400
2023-03-08,95.63999938964844,96.5,95.36000061035156,95.9000015258789,86.4078140258789,4121300
2023-03-09,95.36000061035156,95.94999694824219,91.7699966430664,92.19999694824219,83.07402801513672,9162400
2023-03-10,91.7699966430664,93.01000213623047,89.2300033569336,90.05000305175781,81.13684844970703,16206500
2023-03-13,88.54000091552734,90.18000030517578,86.6500015258789,87.98999786376953,79.28075408935547,15175400
2023-03-14,92.41000366210938,92.41000366210938,89.12000274658203,89.97000122070312,81.06476593017578,11089300
2023-03-15,86.93000030517578,87.0199966430664,83.68000030517578,85.38999938964844,76.93810272216797,14814000
2023-03-16,84.55000305175781,88.27999877929688,83.27999877929688,87.01000213623047,78.39774322509766,15342400
2023-03-17,86.48999786376953,86.5,83.69999694824219,84.18000030517578,75.84786987304688,19935800
2023-03-20,84.5999984741211,86.30999755859375,84.37000274658203,85.63999938964844,77.16334533691406,8649800
2023-03-21,88.2300033569336,89.18000030517578,88.0,88.76000213623047,79.97452545166016,8905600
2023-03-22,88.75,90.08000183105469,87.45999908447266,87.55000305175781,78.88429260253906,7299300
2023-03-23,87.94999694824219,88.80000305175781,85.23999786376953,85.83999633789062,77.34354400634766,9373000
2023-03-24,84.51000213623047,84.51000213623047,81.72000122070312,83.94999694824219,75.640625,10978700
2023-03-27,86.05999755859375,86.31999969482422,84.36000061035156,84.63999938964844,76.2623291015625,6626900
2023-03-28,84.55999755859375,85.16999816894531,83.93000030517578,84.87999725341797,76.47858428955078,5209900
2023-03-29,85.93000030517578,86.3499984741211,85.3499984741211,86.23999786376953,77.70396423339844,4873500
2023-03-30,87.26000213623047,87.61000061035156,85.45999908447266,86.11000061035156,77.58682250976562,4113700
2023-03-31,86.80000305175781,87.87000274658203,86.16999816894531,87.80000305175781,79.10955810546875,6142400
2023-04-03,87.94999694824219,88.31999969482422,86.66999816894531,87.16000366210938,78.53290557861328,7728400
2023-04-04,87.0,87.19999694824219,84.26000213623047,84.81999969482422,76.42451477050781,6222800
2023-04-05,83.83000183105469,84.52999877929688,83.19999694824219,83.81999969482422,75.52349090576172,6045400
2023-04-06,83.9000015258789,84.4000015258789,83.20999908447266,84.19000244140625,75.85686492919922,3877800
2023-04-10,83.94999694824219,84.36000061035156,83.43000030517578,84.0,75.68567657470703,6185800
2023-04-11,84.29000091552734,85.76000213623047,84.12999725341797,85.08999633789062,76.66779327392578,5582100
2023-04-12,85.51000213623047,86.0199966430664,84.79000091552734,85.47000122070312,77.01017761230469,4641800
2023-04-13,85.38999938964844,85.77999877929688,84.44000244140625,85.69000244140625,77.20840454101562,5086000
2023-04-14,86.43000030517578,87.4000015258789,86.0,86.70999908447266,78.12742614746094,7865900
2023-04-17,86.66000366210938,89.30999755859375,86.2699966430664,89.29000091552734,80.45207977294922,8876900
2023-04-18,89.12999725341797,90.54000091552734,88.73999786376953,89.8499984741211,80.95665740966797,10227600
2023-04-19,87.13999938964844,90.69999694824219,86.5,90.44999694824219,81.49725341796875,13886200
2023-04-20,89.8499984741211,91.81999969482422,89.72000122070312,90.43000030517578,81.4792251586914,6776000
2023-04-21,90.4800033569336,91.33999633789062,89.16999816894531,91.12000274658203,82.1009521484375,6531000
2023-04-24,91.2300033569336,91.4800033569336,89.55000305175781,90.19999694824219,81.2719955444336,5004400
2023-04-25,89.63999938964844,89.83000183105469,87.88999938964844,88.05999755859375,79.34381866455078,5806700
2023-04-26,88.1500015258789,89.79000091552734,87.91000366210938,88.44000244140625,79.68621063232422,6429100
2023-04-27,89.41000366210938,90.95999908447266,88.88999938964844,90.26000213623047,81.3260726928711,6375800
2023-04-28,89.44999694824219,90.33000183105469,89.16000366210938,89.97000122070312,81.76683807373047,6374500
2023-05-01,90.19000244140625,90.5199966430664,87.83000183105469,87.93000030517578,79.912841796875,7745400
2023-05-02,87.56999969482422,87.56999969482422,85.33000183105469,86.29000091552734,78.42236328125,6319100
2023-05-03,86.4000015258789,87.18000030517578,84.56999969482422,84.75,77.02279663085938,6546500
2023-05-04,84.16999816894531,84.44999694824219,81.61000061035156,82.61000061035156,75.07789611816406,10359200
2023-05-05,83.79000091552734,85.0199966430664,83.62000274658203,84.87999725341797,77.14094543457031,8288000
2023-05-08,85.4800033569336,85.56999969482422,84.31999969482422,84.43000030517578,76.7319564819336,5825300
2023-05-09,84.0,84.91000366210938,83.69999694824219,84.37000274658203,76.67743682861328,4381400
2023-05-10,85.06999969482422,85.22000122070312,82.80000305175781,83.72000122070312,76.08670043945312,4884900
2023-05-11,82.77999877929688,82.81999969482422,81.62000274658203,82.62999725341797,75.0960693359375,6717800
2023-05-12,83.0,83.2699966430664,81.66999816894531,82.38999938964844,74.87796020507812,5208900
2023-05-15,82.66999816894531,83.37999725341797,82.25,82.94999694824219,75.38689422607422,5032100
2023-05-16,82.72000122070312,83.06999969482422,81.80999755859375,81.86000061035156,74.39627075195312,6862900
2023-05-17,82.54000091552734,83.91999816894531,82.5,83.91000366210938,76.25938415527344,8216700
2023-05-18,83.69999694824219,84.55000305175781,83.0199966430664,84.48999786376953,76.78648376464844,5367700
2023-05-19,83.79000091552734,84.41999816894531,82.2300033569336,82.23999786376953,74.74163055419922,11183600
2023-05-22,82.25,83.16000366210938,81.91000366210938,82.2699966430664,74.76890563964844,5520000
2023-05-23,82.0,83.56999969482422,81.88999938964844,82.63999938964844,75.10516357421875,5521200
2023-05-24,82.01000213623047,82.2300033569336,80.73999786376953,81.22000122070312,73.81464385986328,6827800
2023-05-25,81.20999908447266,83.12999725341797,80.9800033569336,83.0,75.4323501586914,6962700
2023-05-26,82.97000122070312,84.63999938964844,82.83000183105469,83.9000015258789,76.25028228759766,7411600
2023-05-30,84.16000366210938,84.56999969482422,83.11000061035156,83.41999816894531,75.81405639648438,5876800
2023-05-31,83.05999755859375,83.27999877929688,81.12999725341797,81.76000213623047,74.3053970336914,9559200
2023-06-01,82.58000183105469,82.83999633789062,81.47000122070312,82.06999969482422,74.5871353149414,6857500
2023-06-02,82.94000244140625,84.68000030517578,82.94000244140625,84.3499984741211,76.65924835205078,6218500
2023-06-05,84.4000015258789,84.7300033569336,83.22000122070312,83.73999786376953,76.10487365722656,6631900
2023-06-06,83.5999984741211,86.2300033569336,83.2699966430664,85.86000061035156,78.03157043457031,6903900
2023-06-07,86.05000305175781,87.01000213623047,85.77999877929688,86.5,78.61322784423828,7410800
2023-06-08,86.4000015258789,86.91000366210938,85.18000030517578,86.30999755859375,78.4405517578125,6795900
2023-06-09,86.73999786376953,86.95999908447266,85.66000366210938,86.20999908447266,78.34967041015625,6282600
2023-06-12,86.19999694824219,87.63999938964844,86.01000213623047,87.44000244140625,79.4675064086914,7053500
2023-06-13,87.83999633789062,88.9800033569336,87.58999633789062,88.27999877929688,80.23091888427734,6089200
2023-06-14,88.5999984741211,89.48999786376953,87.63999938964844,87.9800033569336,79.9582748413086,5772500
2023-06-15,87.62999725341797,89.33000183105469,87.4000015258789,89.05000305175781,80.93073272705078,8603200
2023-06-16,89.62000274658203,89.6500015258789,87.94000244140625,88.08999633789062,80.05826568603516,13153100
2023-06-20,87.0999984741211,87.20999908447266,86.25,86.7300033569336,78.8222427368164,7382000
2023-06-21,86.55999755859375,87.27999877929688,86.30000305175781,86.33999633789062,78.46781158447266,6343100
2023-06-22,85.5199966430664,85.62999725341797,84.36000061035156,84.5,76.79557800292969,6214600
2023-06-23,83.26000213623047,83.91999816894531,82.5999984741211,83.58000183105469,75.95946502685547,10026600
2023-06-26,83.55999755859375,84.23999786376953,83.25,83.58999633789062,75.96854400634766,6377400
2023-06-27,83.91000366210938,84.87000274658203,83.37999725341797,84.43000030517578,76.7319564819336,6639900
2023-06-28,84.54000091552734,84.55999755859375,83.63999938964844,83.98999786376953,76.33206939697266,4781600
2023-06-29,85.33999633789062,86.05999755859375,84.62999725341797,85.23999786376953,77.46810913085938,9066500
2023-06-30,86.0199966430664,86.48999786376953,85.4000015258789,85.4000015258789,77.613525390625,6191700
2023-07-03,86.33999633789062,87.66000366210938,85.83999633789062,86.41000366210938,78.53144073486328,5839300
2023-07-05,85.94999694824219,86.27999877929688,85.3499984741211,85.91999816894531,78.08609771728516,6734300
2023-07-06,84.8499984741211,84.91999816894531,83.0199966430664,83.33000183105469,75.73226165771484,8546800
2023-07-07,83.01000213623047,84.04000091552734,82.9000015258789,83.36000061035156,75.759521484375,8217700
2023-07-10,83.41999816894531,84.38999938964844,83.18000030517578,83.4000015258789,75.79586791992188,6141200
2023-07-11,83.9000015258789,85.43000030517578,83.62000274658203,84.95999908447266,77.21363830566406,11053100
2023-07-12,86.68000030517578,87.70999908447266,85.5999984741211,85.7699966430664,77.94979095458984,8602300
2023-07-13,86.2300033569336,86.63999938964844,85.73999786376953,86.20999908447266,78.34967041015625,6026500
2023-07-14,87.41000366210938,87.41999816894531,85.55999755859375,85.77999877929688,77.95887756347656,7732700
2023-07-17,85.68000030517578,86.9000015258789,85.68000030517578,86.37000274658203,78.49508666992188,7911800
2023-07-18,87.54000091552734,92.55999755859375,87.0999984741211,91.94000244140625,83.55722045898438,21630800
2023-07-19,91.43000030517578,93.86000061035156,91.33000183105469,93.16000366210938,84.66600036621094,12004300
2023-07-20,93.11000061035156,94.13999938964844,92.86000061035156,93.80000305175781,85.24762725830078,9541800
2023-07-21,94.2699966430664,94.4000015258789,93.05999755859375,94.01000213623047,85.43848419189453,6298600
2023-07-24,94.01000213623047,95.4000015258789,93.69999694824219,94.66999816894531,86.03831481933594,7259800
2023-07-25,94.69999694824219,95.56999969482422,94.41000366210938,94.41999816894531,85.81111145019531,7760100
2023-07-26,94.4000015258789,95.1500015258789,93.29000091552734,93.54000091552734,85.0113525390625,7201100
2023-07-27,93.6500015258789,94.70999908447266,92.55000305175781,92.75,84.2933578491211,8427800
2023-07-28,92.45999908447266,92.5999984741211,91.08999633789062,91.56999969482422,83.99067687988281,5798400
2023-07-31,91.9000015258789,92.19999694824219,91.04000091552734,91.55999755859375,83.98150634765625,5242900
2023-08-01,91.19999694824219,91.43000030517578,90.62999725341797,90.94000244140625,83.41282653808594,4468500
2023-08-02,89.5199966430664,90.13999938964844,88.79000091552734,89.31999969482422,81.92691802978516,6407400
2023-08-03,88.83999633789062,89.5199966430664,88.51000213623047,89.13999938964844,81.7618179321289,5137700
2023-08-04,89.3499984741211,90.05000305175781,88.5199966430664,88.79000091552734,81.44078826904297,6191700
2023-08-07,89.44999694824219,89.70999908447266,88.9800033569336,89.08000183105469,81.70677947998047,4663300
2023-08-08,87.8499984741211,88.5199966430664,86.26000213623047,88.47000122070312,81.14727783203125,6921200
2023-08-09,88.47000122070312,89.01000213623047,87.47000122070312,87.55999755859375,80.3125991821289,5200500
2023-08-10,87.91000366210938,88.93000030517578,87.31999969482422,87.63999938964844,80.38597106933594,4250100
2023-08-11,87.05999755859375,88.19999694824219,87.0199966430664,87.69999694824219,80.44100189208984,3922300
2023-08-14,86.95999908447266,87.4000015258789,86.5199966430664,87.33000183105469,80.10163879394531,3637500
2023-08-15,86.41000366210938,86.47000122070312,85.72000122070312,86.16000366210938,79.02848815917969,9308700
2023-08-16,85.73999786376953,86.79000091552734,85.58999633789062,85.98999786376953,78.87255859375,5746300
2023-08-17,86.5999984741211,86.9000015258789,85.19999694824219,85.79000091552734,78.68910217285156,7611200
2023-08-18,84.95999908447266,86.30000305175781,84.70999908447266,84.88999938964844,77.86359405517578,6650000
2023-08-21,85.0199966430664,85.30999755859375,83.66000366210938,84.25,77.27655792236328,5385300
2023-08-22,84.70999908447266,84.7699966430664,82.83999633789062,82.9800033569336,76.11167907714844,6002300
2023-08-23,83.0,83.72000122070312,82.87999725341797,83.38999938964844,76.48773956298828,5878600
2023-08-24,83.16999816894531,84.75,83.0999984741211,83.44000244140625,76.53360748291016,5023000
2023-08-25,83.69000244140625,84.1500015258789,82.73999786376953,83.22000122070312,76.33184051513672,5461400
2023-08-28,83.80000305175781,84.87000274658203,83.7699966430664,84.37999725341797,77.39580535888672,6439700
2023-08-29,84.41000366210938,85.58999633789062,84.31999969482422,85.55000305175781,78.4689712524414,6212300
2023-08-30,85.62000274658203,86.0,85.02999877929688,85.26000213623047,78.20295715332031,5051800
2023-08-31,85.66999816894531,85.66999816894531,84.76000213623047,85.1500015258789,78.10206604003906,5581200
2023-09-01,86.0,86.44999694824219,85.29000091552734,85.75,78.65240478515625,4981800
2023-09-05,85.83999633789062,86.2699966430664,84.80999755859375,84.83999633789062,77.8177261352539,4919400
2023-09-06,84.27999877929688,84.75,83.3499984741211,84.16000366210938,77.19401550292969,5384000
2023-09-07,83.98999786376953,84.87000274658203,83.77999877929688,83.83999633789062,76.90049743652344,5504200
2023-09-08,84.1500015258789,84.94999694824219,83.66000366210938,84.91999816894531,77.89110565185547,6127600
2023-09-11,85.37999725341797,85.66999816894531,83.3499984741211,83.51000213623047,76.59780883789062,7780900
2023-09-12,83.33999633789062,86.52999877929688,83.2300033569336,85.55000305175781,78.4689712524414,8942600
2023-09-13,86.1500015258789,87.80000305175781,86.1500015258789,87.25,80.02825164794922,10617400
2023-09-14,88.08000183105469,89.11000061035156,87.91999816894531,89.06999969482422,81.6976089477539,8109600
2023-09-15,88.19000244140625,88.7300033569336,87.94000244140625,88.41000366210938,81.09223937988281,17629500
2023-09-18,88.56999969482422,89.05000305175781,87.55000305175781,88.70999908447266,81.3674087524414,5501900
2023-09-19,88.77999877929688,89.47000122070312,87.94000244140625,88.51000213623047,81.18396759033203,5769000
2023-09-20,88.83000183105469,89.1500015258789,87.05999755859375,87.13999938964844,79.9273681640625,5268200
2023-09-21,86.33999633789062,86.51000213623047,84.83000183105469,84.87999725341797,77.85442352294922,6933900
2023-09-22,85.2300033569336,85.2300033569336,83.01000213623047,83.29000091552734,76.3960189819336,7420600
2023-09-25,82.62999725341797,83.27999877929688,82.30000305175781,83.02999877929688,76.15755462646484,4748800
2023-09-26,82.08000183105469,82.7699966430664,81.72000122070312,82.16999816894531,75.36872863769531,5557000
2023-09-27,82.41000366210938,82.61000061035156,81.08999633789062,81.6500015258789,74.89177703857422,5708200
2023-09-28,81.4800033569336,82.55000305175781,81.44999694824219,82.19000244140625,75.38707733154297,5665400
2023-09-29,83.01000213623047,83.08999633789062,81.02999877929688,81.66999816894531,74.91009521484375,6830500
2023-10-02,81.0999984741211,81.47000122070312,79.9000015258789,80.41000366210938,73.75440979003906,6722200
2023-10-03,79.58000183105469,79.83999633789062,77.83000183105469,78.0199966430664,71.56221771240234,7526800
2023-10-04,78.0999984741211,79.29000091552734,77.61000061035156,79.08999633789062,72.54366302490234,6848700
2023-10-05,78.4800033569336,79.54000091552734,78.0199966430664,79.1500015258789,72.59869384765625,5589300
2023-10-06,78.72000122070312,80.79000091552734,78.4000015258789,80.33000183105469,73.6810073852539,6306400
2023-10-09,79.5999984741211,80.08000183105469,78.93000030517578,79.91000366210938,73.29579162597656,5125000
2023-10-10,80.25,81.11000061035156,80.0199966430664,80.12999725341797,73.4975814819336,6245400
2023-10-11,79.91000366210938,80.20999908447266,78.70999908447266,78.9000015258789,72.36939239501953,8928700
2023-10-12,78.87000274658203,78.87000274658203,77.29000091552734,77.80999755859375,71.3696060180664,11654600
2023-10-13,78.19999694824219,79.2300033569336,77.33999633789062,77.79000091552734,71.35126495361328,6442800
2023-10-16,78.79000091552734,79.18000030517578,77.87000274658203,78.7300033569336,72.21347045898438,7901500
2023-10-17,77.98999786376953,80.62999725341797,77.9800033569336,80.33000183105469,73.6810073852539,12324800
2023-10-18,76.43000030517578,77.06999969482422,73.4000015258789,74.87999725341797,68.68212127685547,34732300
2023-10-19,74.87000274658203,76.45999908447266,72.88999938964844,72.91999816894531,66.88436126708984,17486100
2023-10-20,73.12000274658203,74.0,72.3499984741211,73.12999725341797,67.07698059082031,11270600
2023-10-23,72.7300033569336,72.87000274658203,71.23999786376953,71.69999694824219,65.76532745361328,12847100
2023-10-24,71.75,72.0999984741211,71.08000183105469,71.55999755859375,65.63691711425781,9265500
2023-10-25,71.25,71.9000015258789,71.12999725341797,71.4000015258789,65.49015808105469,8461700
2023-10-26,71.47000122070312,72.69000244140625,71.4000015258789,72.06999969482422,66.10470581054688,10903200
2023-10-27,71.91000366210938,72.01000213623047,70.19000244140625,70.4000015258789,64.57294464111328,11099100
2023-10-30,70.05000305175781,70.88999938964844,69.41999816894531,70.58999633789062,65.53851318359375,9769600
2023-10-31,70.7699966430664,71.0199966430664,70.2699966430664,70.81999969482422,65.75205993652344,8949000
2023-11-01,71.16999816894531,71.91000366210938,70.69999694824219,70.94999694824219,65.87275695800781,9429000
2023-11-02,71.68000030517578,73.52999877929688,71.6500015258789,73.45999908447266,68.20314025878906,11638000
2023-11-03,74.58999633789062,76.68000030517578,74.54000091552734,76.26000213623047,70.80276489257812,14951100
2023-11-06,76.68000030517578,76.76000213623047,75.36000061035156,75.91999816894531,70.48709106445312,8140300
2023-11-07,75.86000061035156,76.16999816894531,74.93000030517578,75.51000213623047,70.10643768310547,7657700
2023-11-08,75.44999694824219,76.19000244140625,75.05999755859375,75.97000122070312,70.53350830078125,8075200
2023-11-09,75.68000030517578,76.06999969482422,73.95999908447266,74.19000244140625,68.88090515136719,9497200
2023-11-10,74.66000366210938,75.38999938964844,74.05000305175781,75.33000183105469,69.93932342529297,8924000
2023-11-13,74.75,75.5199966430664,74.55000305175781,75.04000091552734,69.67007446289062,4868400
2023-11-14,76.68000030517578,78.95999908447266,76.66999816894531,78.30999755859375,72.70606231689453,12287700
2023-11-15,78.56999969482422,80.04000091552734,78.5,79.68000030517578,73.97801971435547,9841600
2023-11-16,79.9800033569336,80.27999877929688,79.04000091552734,79.66000366210938,73.95946502685547,6757600
2023-11-17,80.33000183105469,80.44000244140625,79.94000244140625,80.27999877929688,74.53508758544922,6080700
2023-11-20,80.02999877929688,80.19999694824219,79.33999633789062,79.69999694824219,73.99659729003906,7644600
2023-11-21,79.06999969482422,79.33999633789062,78.22000122070312,78.47000122070312,72.85462188720703,7394800
2023-11-22,78.79000091552734,78.87000274658203,78.20999908447266,78.48999786376953,72.87318420410156,4265400
2023-11-24,78.26000213623047,78.91000366210938,78.05000305175781,78.6500015258789,73.021728515625,2398000
2023-11-27,78.2699966430664,78.3499984741211,77.58999633789062,77.94999694824219,72.37181854248047,5237800
2023-11-28,77.36000061035156,77.44999694824219,76.33000183105469,76.87999725341797,71.37840270996094,9197900
2023-11-29,77.4800033569336,79.52999877929688,77.33999633789062,78.55000305175781,72.92888641357422,7420700
2023-11-30,78.7699966430664,79.4800033569336,78.20999908447266,79.33999633789062,73.66234588623047,8480500
2023-12-01,79.08000183105469,80.9800033569336,78.73999786376953,80.88999938964844,75.10144805908203,9617100
2023-12-04,80.1500015258789,81.4800033569336,80.05999755859375,81.20999908447266,75.39854431152344,6713800
2023-12-05,80.68000030517578,80.83999633789062,79.58999633789062,80.16999816894531,74.43295288085938,6103200
2023-12-06,80.77999877929688,81.76000213623047,79.33000183105469,79.41000366210938,73.72735595703125,7321800
2023-12-07,79.76000213623047,80.56999969482422,79.62000274658203,80.3499984741211,74.60008239746094,5430400
2023-12-08,80.27999877929688,82.66000366210938,80.1500015258789,82.27999877929688,76.39197540283203,10343400
2023-12-11,82.37000274658203,82.83999633789062,81.95999908447266,82.81999969482422,76.89331817626953,6378100
2023-12-12,82.94000244140625,83.66000366210938,82.56999969482422,83.5999984741211,77.61750793457031,7395300
2023-12-13,83.47000122070312,86.11000061035156,83.30000305175781,85.62999725341797,79.50223541259766,10144600
2023-12-14,87.2300033569336,92.0,87.20999908447266,91.04000091552734,84.52510070800781,19849500
2023-12-15,91.0,91.83999633789062,90.26000213623047,91.58000183105469,85.02645111083984,16905700
2023-12-18,91.66000366210938,91.66999816894531,90.61000061035156,90.76000213623047,84.26513671875,9145500
2023-12-19,90.91999816894531,92.36000061035156,90.69999694824219,91.91999816894531,85.34211730957031,8114900
2023-12-20,91.45999908447266,92.30999755859375,90.93000030517578,91.13999938964844,84.6179428100586,10467000
2023-12-21,92.13999938964844,92.66000366210938,91.63999938964844,92.62999725341797,86.00129699707031,7748000
2023-12-22,92.9000015258789,93.66000366210938,92.2300033569336,92.41000366210938,85.79705810546875,5800800
2023-12-26,92.61000061035156,93.0199966430664,92.37000274658203,92.83999633789062,86.1962890625,2726200
2023-12-27,92.69000244140625,93.69000244140625,92.4000015258789,93.66000366210938,86.95759582519531,4073200
2023-12-28,93.30999755859375,93.94999694824219,93.23999786376953,93.63999938964844,86.93903350830078,4089500
2023-12-29,93.48999786376953,93.7699966430664,93.05999755859375,93.25,86.57695770263672,4772100
2024-01-02,92.66000366210938,94.1500015258789,92.2699966430664,93.9000015258789,87.1804428100586,6132200
2024-01-03,93.19999694824219,93.19999694824219,91.2699966430664,91.91000366210938,85.33284759521484,7487900
2024-01-04,92.1500015258789,93.13999938964844,91.66000366210938,92.1500015258789,85.5556640625,8735600
2024-01-05,92.20999908447266,93.93000030517578,92.05999755859375,93.23999786376953,86.56765747070312,6027800
2024-01-08,93.20999908447266,93.83000183105469,92.27999877929688,93.51000213623047,86.818359375,6738400
2024-01-09,92.75,92.83999633789062,91.66000366210938,92.05999755859375,85.47209930419922,7594100
2024-01-10,91.52999877929688,91.97000122070312,91.29000091552734,91.4800033569336,84.9336166381836,6929200
2024-01-11,90.94999694824219,90.94999694824219,89.54000091552734,90.51000213623047,84.03302764892578,9400700
2024-01-12,91.27999877929688,91.9000015258789,89.43000030517578,89.69999694824219,83.28099060058594,8303100
2024-01-16,86.73999786376953,88.16000366210938,84.80000305175781,85.97000122070312,79.81790924072266,20369000
2024-01-17,84.8499984741211,85.13999938964844,83.9000015258789,84.41000366210938,78.36953735351562,17198500
2024-01-18,84.83000183105469,84.9800033569336,83.27999877929688,83.9000015258789,77.89604187011719,15016400
2024-01-19,83.91000366210938,85.58999633789062,83.19999694824219,85.33999633789062,79.23298645019531,14787400
2024-01-22,85.45999908447266,86.7699966430664,85.44000244140625,85.7300033569336,79.59508514404297,11626500
2024-01-23,85.66999816894531,86.8499984741211,85.19000244140625,86.73999786376953,80.53280639648438,8555700
2024-01-24,87.31999969482422,88.30000305175781,87.19999694824219,87.56999969482422,81.30341339111328,12480900
2024-01-25,88.13999938964844,88.41999816894531,87.33000183105469,88.0199966430664,81.72119903564453,8792400
2024-01-26,87.87999725341797,88.5,87.6500015258789,87.7300033569336,81.45196533203125,6384400
2024-01-29,87.4000015258789,87.94999694824219,85.72000122070312,87.62000274658203,81.34983825683594,7440300
2024-01-30,86.9800033569336,88.06999969482422,86.7699966430664,87.62000274658203,82.14673614501953,6569300
2024-01-31,87.70999908447266,88.75,87.2300033569336,87.23999786376953,81.79046630859375,8414700
2024-02-01,87.19000244140625,88.16999816894531,85.63999938964844,86.81999969482422,81.3967056274414,8365000
2024-02-02,86.47000122070312,87.66999816894531,86.0,87.2699966430664,81.81858825683594,7728600
2024-02-05,86.58000183105469,86.58000183105469,85.08999633789062,85.88999938964844,80.52481079101562,7788700
2024-02-06,85.62000274658203,86.55000305175781,85.62000274658203,86.0999984741211,80.72168731689453,7335500
2024-02-07,86.26000213623047,86.38999938964844,85.2699966430664,86.0,80.6279296875,4952200
2024-02-08,85.68000030517578,86.2300033569336,85.16000366210938,85.6500015258789,80.2998046875,6218200
2024-02-09,85.69000244140625,86.02999877929688,85.31999969482422,85.88999938964844,80.52481079101562,5664500
2024-02-12,85.86000061035156,87.63999938964844,85.63999938964844,86.87000274658203,81.44358825683594,7888000
2024-02-13,85.86000061035156,85.86000061035156,83.08999633789062,83.97000122070312,78.72473907470703,11339400
2024-02-14,84.54000091552734,84.95999908447266,83.69000244140625,84.0,78.75286865234375,5973700
2024-02-15,84.44999694824219,86.2300033569336,84.41000366210938,85.66999816894531,80.31855010986328,7993500
2024-02-16,85.5199966430664,86.79000091552734,85.06999969482422,86.5,81.09669494628906,9673900
2024-02-20,85.94000244140625,86.48999786376953,85.0999984741211,85.3499984741211,80.0185317993164,6626400
2024-02-21,85.01000213623047,85.4800033569336,84.52999877929688,85.45999908447266,80.12165832519531,6444000
2024-02-22,85.94999694824219,86.73999786376953,85.5999984741211,85.8499984741211,80.4873046875,6782100
2024-02-23,86.06999969482422,87.25,85.95999908447266,86.55000305175781,81.14358520507812,5810100
2024-02-26,86.5,87.33999633789062,85.55999755859375,85.66999816894531,80.31855010986328,5608100
2024-02-27,85.97000122070312,86.44999694824219,85.12000274658203,85.48999786376953,80.14978790283203,8066700
2024-02-28,85.43000030517578,86.08999633789062,85.27999877929688,86.05000305175781,80.67481994628906,5624100
2024-02-29,86.48999786376953,86.63999938964844,85.3499984741211,86.04000091552734,80.6654281616211,7657100
2024-03-01,86.22000122070312,86.79000091552734,85.11000061035156,86.4800033569336,81.07794952392578,5523700
2024-03-04,87.87999725341797,91.23999786376953,87.55000305175781,90.04000091552734,84.41555786132812,19876000
2024-03-05,89.19000244140625,91.13999938964844,88.62000274658203,89.12999725341797,83.5624008178711,13883600
2024-03-06,86.7699966430664,87.94999694824219,84.43000030517578,85.66000366210938,80.3091812133789,25614600
2024-03-07,86.08000183105469,87.12000274658203,85.63999938964844,86.13999938964844,80.7591781616211,9145700
2024-03-08,86.62000274658203,88.31999969482422,86.41999816894531,87.04000091552734,81.60297393798828,9689300
2024-03-11,86.81999969482422,87.25,85.83999633789062,86.94000244140625,81.50920867919922,4737200
2024-03-12,87.23999786376953,87.76000213623047,86.5999984741211,87.05000305175781,81.61234283447266,5110900
2024-03-13,87.44999694824219,90.23999786376953,87.25,89.3499984741211,83.76866149902344,10345800
2024-03-14,89.0,89.4000015258789,88.26000213623047,89.0999984741211,83.53428649902344,9235300
2024-03-15,88.4800033569336,89.3499984741211,88.16999816894531,88.37999725341797,82.85924530029297,20363000
2024-03-18,88.36000061035156,88.69999694824219,87.69999694824219,87.95999908447266,82.46549224853516,5960000
2024-03-19,88.0,89.08999633789062,87.86000061035156,88.41999816894531,82.89675903320312,8546400
2024-03-20,88.05000305175781,91.4800033569336,87.91000366210938,91.3499984741211,85.64373779296875,10811700
2024-03-21,91.95999908447266,94.36000061035156,91.95999908447266,93.4000015258789,87.56568908691406,13659900
2024-03-22,93.5199966430664,93.86000061035156,91.73999786376953,91.94999694824219,86.20626068115234,5909300
2024-03-25,91.7699966430664,92.55000305175781,90.98999786376953,91.13999938964844,85.44685363769531,3670400
2024-03-26,91.41999816894531,91.91000366210938,90.94000244140625,91.27999877929688,85.57811737060547,4211900
2024-03-27,92.02999877929688,93.54000091552734,91.91000366210938,93.5,87.65943145751953,6394500
2024-03-28,93.75,94.7300033569336,93.44999694824219,94.16000366210938,88.27820587158203,6707700
2024-04-01,94.16000366210938,94.44000244140625,93.16999816894531,93.52999877929688,87.68756866455078,3416000
2024-04-02,92.9000015258789,93.7699966430664,92.54000091552734,92.70999908447266,86.91878509521484,5245400
2024-04-03,92.94999694824219,94.30000305175781,92.75,93.0,87.19066619873047,4821100
2024-04-04,94.19999694824219,94.73999786376953,91.86000061035156,92.27999877929688,86.51564025878906,5466100
2024-04-05,92.25,93.29000091552734,91.61000061035156,92.47000122070312,86.69377136230469,4654800
2024-04-08,93.0,93.4000015258789,92.19999694824219,93.20999908447266,87.38755798339844,4601900
2024-04-09,93.61000061035156,94.13999938964844,92.83000183105469,94.08000183105469,88.20321655273438,4951600
2024-04-10,92.2699966430664,92.88999938964844,91.18000030517578,91.6500015258789,85.92500305175781,5994200
2024-04-11,91.72000122070312,91.80000305175781,85.01000213623047,86.83999633789062,81.41545867919922,24631800
2024-04-12,85.80000305175781,86.80999755859375,85.12000274658203,86.19000244140625,80.80606842041016,12789800
2024-04-15,87.80000305175781,89.12999725341797,85.48999786376953,86.98999786376953,81.55609130859375,9553900
2024-04-16,90.70999908447266,91.0999984741211,88.0,89.13999938964844,83.57178497314453,18291600
2024-04-17,90.12999725341797,91.44000244140625,89.66999816894531,90.08000183105469,84.45306396484375,9544600
2024-04-18,90.66000366210938,91.11000061035156,89.73999786376953,90.26000213623047,84.621826171875,6752000
2024-04-19,90.36000061035156,91.62000274658203,90.36000061035156,90.66000366210938,84.99683380126953,8143000
2024-04-22,91.11000061035156,92.66000366210938,90.70999908447266,92.08999633789062,86.33751678466797,7294400
2024-04-23,92.16000366210938,94.05000305175781,92.16000366210938,93.76000213623047,87.90320587158203,6393900
2024-04-24,93.11000061035156,94.06999969482422,93.02999877929688,93.8499984741211,87.98757934570312,5100900
2024-04-25,93.0,93.6500015258789,91.6500015258789,92.55999755859375,86.77815246582031,6770600
2024-04-26,92.5,93.30999755859375,92.4000015258789,92.83000183105469,87.03129577636719,4606100
2024-04-29,91.33000183105469,92.80999755859375,91.33000183105469,92.11000061035156,87.15430450439453,4416100
2024-04-30,91.5999984741211,91.83000183105469,90.55000305175781,90.83999633789062,85.9526138305664,5860000
2024-05-01,91.27999877929688,92.4800033569336,90.7300033569336,91.54000091552734,86.61495971679688,4713600
2024-05-02,92.54000091552734,92.91999816894531,91.5999984741211,92.6500015258789,87.66524505615234,4449200
2024-05-03,93.33999633789062,94.41999816894531,93.27999877929688,93.63999938964844,88.60198211669922,5043500
2024-05-06,94.55999755859375,94.91000366210938,93.69999694824219,94.79000091552734,89.69010925292969,5105100
2024-05-07,94.91999816894531,95.93000030517578,94.70999908447266,95.79000091552734,90.63630676269531,7418000
2024-05-08,95.43000030517578,96.05000305175781,95.0999984741211,95.63999938964844,90.494384765625,4662600
2024-05-09,95.58999633789062,98.26000213623047,95.58999633789062,98.11000061035156,92.83147430419922,6766700
2024-05-10,98.73999786376953,98.98999786376953,97.62999725341797,98.27999877929688,92.99232482910156,6118400
2024-05-13,98.75,98.97000122070312,98.41999816894531,98.55999755859375,93.25725555419922,5379000
2024-05-14,99.0,100.18000030517578,98.7699966430664,99.37999725341797,94.03314971923828,6216600
2024-05-15,100.04000091552734,100.9800033569336,99.98999786376953,100.5199966430664,95.11181640625,6938500
2024-05-16,100.1500015258789,100.41000366210938,99.44999694824219,99.58000183105469,94.22239685058594,4339300
2024-05-17,99.9000015258789,100.30000305175781,99.30000305175781,100.22000122070312,94.82795715332031,4690800
2024-05-20,100.05000305175781,100.88999938964844,99.37999725341797,100.33000183105469,94.93205261230469,5690200
2024-05-21,100.30999755859375,103.25,100.1500015258789,101.52999877929688,96.0674819946289,8337100
2024-05-22,101.27999877929688,102.5199966430664,100.16999816894531,100.73999786376953,95.31997680664062,5194300
2024-05-23,100.37999725341797,100.55999755859375,98.4800033569336,98.91999816894531,93.59790802001953,5594500
2024-05-24,99.44999694824219,99.91000366210938,98.80999755859375,98.97000122070312,93.64521026611328,3550500
2024-05-28,98.43000030517578,99.45999908447266,98.4000015258789,98.66999816894531,93.3613510131836,5541600
2024-05-29,97.37000274658203,97.69999694824219,96.47000122070312,97.2699966430664,92.03667449951172,4679600
2024-05-30,97.69000244140625,97.80999755859375,96.58999633789062,97.2300033569336,91.99884033203125,4548800
2024-05-31,97.33000183105469,97.95999908447266,96.4000015258789,97.83999633789062,92.57601928710938,7155500
2024-06-03,98.16000366210938,98.16000366210938,96.52999877929688,97.41000366210938,92.16915130615234,5671200
2024-06-04,96.25,97.55000305175781,95.66999816894531,96.58000183105469,91.38380432128906,5409600
2024-06-05,96.83999633789062,97.61000061035156,96.5,96.66000366210938,91.4594955444336,4499700
2024-06-06,96.4800033569336,97.44999694824219,96.26000213623047,96.8499984741211,91.63926696777344,4741200
2024-06-07,96.12000274658203,97.68000030517578,95.93000030517578,97.13999938964844,91.91365814208984,4018400
2024-06-10,96.62000274658203,96.83000183105469,95.41000366210938,96.38999938964844,91.20402526855469,4566000
2024-06-11,96.45999908447266,96.45999908447266,94.7300033569336,95.43000030517578,90.29566955566406,5330000
2024-06-12,97.31999969482422,97.88999938964844,95.5999984741211,95.6500015258789,90.50382232666016,5435700
2024-06-13,95.5,95.55000305175781,94.61000061035156,95.20999908447266,90.08750915527344,3955900
2024-06-14,94.38999938964844,95.5199966430664,93.98999786376953,95.5,90.36190795898438,3406600
2024-06-17,95.01000213623047,97.19000244140625,94.68000030517578,97.04000091552734,91.81904602050781,4874100
2024-06-18,97.0199966430664,97.69000244140625,96.80999755859375,97.56999969482422,92.32054138183594,4558400
2024-06-20,97.63999938964844,98.02999877929688,97.11000061035156,97.44000244140625,92.19754791259766,3956800
2024-06-21,97.31999969482422,97.36000061035156,95.88999938964844,96.16000366210938,90.98640441894531,10785300
2024-06-24,96.7300033569336,97.66000366210938,96.18000030517578,97.0999984741211,91.8758316040039,8418200
2024-06-25,96.79000091552734,98.33999633789062,96.68000030517578,97.80000305175781,92.53816223144531,7439700
2024-06-26,97.37999725341797,97.68000030517578,96.08000183105469,96.88999938964844,91.6771240234375,6514200
2024-06-27,96.08000183105469,96.33999633789062,95.16999816894531,95.7699966430664,90.61737060546875,5437800
2024-06-28,96.73999786376953,97.31999969482422,96.16000366210938,97.19000244140625,91.96097564697266,9058800
2024-07-01,97.5199966430664,99.37999725341797,97.44000244140625,99.16000366210938,93.82498931884766,7420600
2024-07-02,98.97000122070312,99.80000305175781,98.62000274658203,99.6500015258789,94.28863525390625,5570900
2024-07-03,99.93000030517578,100.5999984741211,99.5,100.19999694824219,94.80903625488281,3112000
2024-07-05,100.0999984741211,100.11000061035156,98.91000366210938,99.58999633789062,94.23184967041016,3633200
2024-07-08,99.83000183105469,101.2699966430664,99.83000183105469,100.58999633789062,95.17804718017578,3884400
2024-07-09,100.5999984741211,102.9000015258789,99.9800033569336,102.61000061035156,97.08937072753906,7113600
2024-07-10,102.51000213623047,103.51000213623047,102.05999755859375,103.45999908447266,97.89363098144531,5619000
2024-07-11,104.25,105.29000091552734,103.94000244140625,104.63999938964844,99.0101547241211,7761000
2024-07-12,105.0,105.81999969482422,103.97000122070312,104.08999633789062,98.48974609375,7060600
2024-07-15,103.94000244140625,106.52999877929688,103.23999786376953,105.26000213623047,99.5968017578125,10093900
2024-07-16,104.12999725341797,109.11000061035156,102.80999755859375,106.22000122070312,100.50515747070312,16716400
2024-07-17,105.08999633789062,107.70999908447266,104.52999877929688,106.95999908447266,101.20532989501953,11412000
2024-07-18,106.52999877929688,107.62999725341797,104.33000183105469,104.80999755859375,99.17100524902344,9130700
2024-07-19,104.70999908447266,104.72000122070312,101.7300033569336,102.08999633789062,96.59734344482422,12555900
2024-07-22,102.47000122070312,103.2300033569336,101.94999694824219,102.44000244140625,96.92852783203125,8931200
2024-07-23,102.44999694824219,104.16999816894531,102.18000030517578,103.5,97.9314956665039,7400600
2024-07-24,102.86000061035156,104.0,101.75,101.97000122070312,96.48381042480469,7967400
2024-07-25,102.08000183105469,104.19000244140625,101.8499984741211,103.55999755859375,97.98826599121094,5582300
2024-07-26,104.86000061035156,105.88999938964844,104.04000091552734,104.19000244140625,98.5843734741211,6599600
2024-07-29,104.47000122070312,104.56999969482422,102.33000183105469,102.4800033569336,96.96637725830078,5183400
2024-07-30,103.55999755859375,104.12000274658203,102.77999877929688,103.76000213623047,98.17750549316406,6225500
2024-07-31,103.08000183105469,104.31999969482422,102.25,103.20999908447266,98.53551483154297,5444600
2024-08-01,103.75,103.98999786376953,101.19000244140625,101.76000213623047,97.15119171142578,5678100
2024-08-02,99.0,99.0199966430664,95.04000091552734,95.8499984741211,91.50885772705078,11120700
2024-08-05,92.6500015258789,93.37000274658203,90.94000244140625,92.06999969482422,87.90006256103516,9659500
2024-08-06,92.19999694824219,93.83999633789062,91.5199966430664,92.97000122070312,88.75930786132812,6068300
2024-08-07,94.61000061035156,95.33000183105469,92.01000213623047,92.11000061035156,87.9382553100586,7215700
2024-08-08,93.48999786376953,95.04000091552734,92.77999877929688,94.62999725341797,90.3441162109375,6592300
2024-08-09,94.29000091552734,95.12000274658203,94.0199966430664,94.72000122070312,90.43004608154297,3542600
2024-08-12,94.9000015258789,95.22000122070312,93.54000091552734,94.83999633789062,90.54460144042969,4196300
2024-08-13,95.7699966430664,96.80000305175781,94.94999694824219,96.70999908447266,92.32991027832031,5941500
2024-08-14,97.76000213623047,100.58999633789062,97.51000213623047,99.44000244140625,94.93627166748047,10161700
2024-08-15,100.80000305175781,101.20999908447266,100.1500015258789,100.63999938964844,96.08191680908203,5885100
2024-08-16,100.62999725341797,101.5,100.45999908447266,101.44000244140625,96.8456802368164,4159700
2024-08-19,101.5199966430664,102.04000091552734,101.30000305175781,101.75,97.14164733886719,4070500
2024-08-20,101.25,101.62999725341797,100.5999984741211,100.77999877929688,96.215576171875,3396900
2024-08-21,101.0999984741211,101.2300033569336,99.95999908447266,100.69000244140625,96.12964630126953,3576000
2024-08-22,100.76000213623047,100.9800033569336,99.9000015258789,100.55999755859375,96.00553894042969,2777300
2024-08-23,100.94000244140625,102.58000183105469,100.81999969482422,101.88999938964844,97.27531433105469,3814800
2024-08-26,103.04000091552734,103.05000305175781,101.9800033569336,102.33000183105469,97.69536590576172,2679000
2024-08-27,102.45999908447266,102.8499984741211,102.04000091552734,102.08000183105469,97.45670318603516,2537200
2024-08-28,101.88999938964844,102.69999694824219,101.41999816894531,102.19999694824219,97.57125854492188,2836800
2024-08-29,102.91999816894531,102.91999816894531,101.27999877929688,102.5999984741211,97.95314025878906,3325600
2024-08-30,102.91000366210938,103.80999755859375,102.0999984741211,103.61000061035156,98.91739654541016,4951400
2024-09-03,102.8499984741211,103.26000213623047,98.45999908447266,99.2699966430664,94.77396392822266,6634000
2024-09-04,99.73999786376953,101.31999969482422,99.68000030517578,100.1500015258789,95.61410522460938,4212500
2024-09-05,101.0,101.30000305175781,99.12000274658203,99.55999755859375,95.05083465576172,4462400
2024-09-06,99.69999694824219,100.80000305175781,96.13999938964844,96.58999633789062,92.21533966064453,9246800
2024-09-09,97.76000213623047,99.0199966430664,97.5999984741211,98.18000030517578,93.73333740234375,5281500
2024-09-10,98.4000015258789,98.43000030517578,94.88999938964844,96.62000274658203,92.24398803710938,7798600
2024-09-11,95.48999786376953,97.13999938964844,94.08999633789062,97.02999877929688,92.63540649414062,6764100
2024-09-12,97.37000274658203,97.69000244140625,95.68000030517578,96.63999938964844,92.26307678222656,4751200
2024-09-13,96.87000274658203,98.73999786376953,96.8499984741211,98.25,93.80015563964844,5354800
2024-09-16,99.1500015258789,100.19000244140625,98.76000213623047,100.08999633789062,95.55683135986328,4467200
2024-09-17,100.68000030517578,100.81999969482422,99.44000244140625,99.83999633789062,95.31814575195312,4748600
2024-09-18,100.12000274658203,101.01000213623047,99.23999786376953,99.30000305175781,94.8026123046875,5195900
2024-09-19,101.22000122070312,101.43000030517578,99.5199966430664,100.7300033569336,96.16783905029297,9091900
2024-09-20,100.87000274658203,102.52999877929688,100.19000244140625,102.47000122070312,97.82904052734375,14513400
2024-09-23,101.69000244140625,102.52999877929688,101.30999755859375,102.47000122070312,97.82904052734375,3962400
2024-09-24,102.7699966430664,102.87999725341797,101.94999694824219,102.58000183105469,97.93405151367188,4749700
2024-09-25,102.75,102.80999755859375,101.72000122070312,102.33999633789062,97.7049331665039,3825100
2024-09-26,103.06999969482422,104.79000091552734,102.97000122070312,104.5999984741211,99.86256408691406,5183000
2024-09-27,104.93000030517578,105.13999938964844,104.0199966430664,104.11000061035156,99.39476013183594,3113300
2024-09-30,103.73999786376953,104.4000015258789,103.12000274658203,104.23999786376953,99.51886749267578,3378600
2024-10-01,104.18000030517578,105.19000244140625,103.05999755859375,104.41999816894531,99.69071960449219,5437400
2024-10-02,104.83000183105469,105.4000015258789,103.91000366210938,104.5199966430664,99.78618621826172,3293600
2024-10-03,103.58000183105469,104.69999694824219,103.16000366210938,104.56999969482422,99.83392333984375,4587200
2024-10-04,107.61000061035156,108.08000183105469,106.62000274658203,107.87999725341797,102.99401092529297,5608900
2024-10-07,107.69000244140625,108.91999816894531,107.2699966430664,107.63999938964844,102.76488494873047,4439900
2024-10-08,107.6500015258789,108.20999908447266,107.38999938964844,107.48999786376953,102.62167358398438,3679400
2024-10-09,107.22000122070312,109.37000274658203,107.22000122070312,109.04000091552734,104.1014633178711,4445800
2024-10-10,108.44000244140625,109.02999877929688,107.6500015258789,108.08000183105469,103.18494415283203,4065500
2024-10-11,109.0,111.4800033569336,109.0,110.45999908447266,105.4571533203125,5826200
2024-10-14,111.05000305175781,112.44000244140625,110.55000305175781,112.27999877929688,107.19473266601562,7179300
2024-10-15,115.43000030517578,116.05999755859375,112.02999877929688,112.22000122070312,107.137451171875,8925200
2024-10-16,116.87999725341797,121.44999694824219,116.5,119.51000213623047,114.09728240966797,21458500
2024-10-17,119.7699966430664,120.36000061035156,118.7300033569336,119.44000244140625,114.03045654296875,9357200
2024-10-18,119.52999877929688,121.12000274658203,119.11000061035156,121.05999755859375,115.57707214355469,6852900
2024-10-21,120.37000274658203,120.69000244140625,117.87999725341797,118.27999877929688,112.92298126220703,7469100
2024-10-22,117.6500015258789,118.61000061035156,117.25,118.31999969482422,112.96116638183594,4429600
2024-10-23,117.88999938964844,118.73999786376953,117.19999694824219,118.27999877929688,112.92298126220703,5661600
2024-10-24,118.4000015258789,119.33999633789062,117.94000244140625,119.16999816894531,113.7726821899414,5611800
2024-10-25,120.0,120.0,116.33000183105469,116.87999725341797,111.58638763427734,7271700
2024-10-28,118.12000274658203,119.68000030517578,117.51000213623047,119.12999725341797,113.73448944091797,5994000
2024-10-29,118.88999938964844,120.08999633789062,118.81999969482422,119.30000305175781,113.89678955078125,4622200
2024-10-30,118.61000061035156,119.31999969482422,117.79000091552734,117.91999816894531,112.57928466796875,5673000
2024-10-31,117.12999725341797,117.91000366210938,115.69999694824219,116.25,111.86241149902344,5374600
2024-11-01,116.66999816894531,118.0199966430664,116.30000305175781,116.8499984741211,112.43976593017578,4372100
2024-11-04,117.01000213623047,117.44999694824219,115.94000244140625,116.13999938964844,111.75656127929688,4366300
2024-11-05,116.08999633789062,117.9000015258789,116.08999633789062,117.80999755859375,113.363525390625,4798400
2024-11-06,129.50999450683594,133.52000427246094,127.66000366210938,131.49000549316406,126.52722930908203,22798700
2024-11-07,130.74000549316406,131.5500030517578,128.0800018310547,128.44000244140625,123.59233856201172,7780000
2024-11-08,128.97999572753906,130.52000427246094,127.76000213623047,129.52999877929688,124.64118194580078,6979300
2024-11-11,130.5500030517578,133.99000549316406,130.5500030517578,133.52000427246094,128.4805908203125,6861300
2024-11-12,133.19000244140625,133.82000732421875,131.7100067138672,132.30999755859375,127.3162612915039,5683300
2024-11-13,133.4600067138672,134.64999389648438,132.47000122070312,132.75999450683594,127.749267578125,6134800
2024-11-14,133.10000610351562,134.91000366210938,131.97999572753906,132.42999267578125,127.43172454833984,7344200
2024-11-15,133.3699951171875,134.39999389648438,132.5399932861328,134.05999755859375,129.0001983642578,7281900
2024-11-18,134.69000244140625,135.50999450683594,133.4199981689453,133.77999877929688,128.7307891845703,6434100
2024-11-19,133.25999450683594,134.08999633789062,131.92999267578125,132.24000549316406,127.2489013671875,7244800
2024-11-20,133.16000366210938,133.64999389648438,131.0500030517578,131.69000244140625,126.71967315673828,5125600
2024-11-21,133.1999969482422,135.57000732421875,133.13999938964844,134.99000549316406,129.89511108398438,5547400
2024-11-22,134.67999267578125,135.6699981689453,133.9600067138672,134.69000244140625,129.60643005371094,6334100
2024-11-25,135.44000244140625,136.24000549316406,133.5800018310547,133.66000366210938,128.61529541015625,8012300
2024-11-26,130.75,131.7899932861328,128.52999877929688,131.27999877929688,126.32514953613281,8817300
2024-11-27,131.49000549316406,132.42999267578125,130.57000732421875,131.2100067138672,126.25780487060547,5507800
2024-11-29,132.27999877929688,132.72999572753906,131.4199981689453,131.61000061035156,126.64268493652344,4068200
2024-12-02,132.3000030517578,133.0,130.8300018310547,131.02999877929688,126.08456420898438,5512100
2024-12-03,133.19000244140625,133.19000244140625,130.00999450683594,130.44000244140625,125.51683807373047,4791300
2024-12-04,130.19000244140625,131.1999969482422,129.63999938964844,129.99000549316406,125.08383178710938,6203700
2024-12-05,129.94000244140625,131.86000061035156,129.4199981689453,130.32000732421875,125.40137481689453,4991900
2024-12-06,130.52000427246094,130.57000732421875,129.17999267578125,129.9600067138672,125.05496978759766,5013200
2024-12-09,130.52000427246094,130.77000427246094,128.3300018310547,128.5800018310547,123.72705841064453,7753900
2024-12-10,127.62999725341797,128.61000061035156,126.52999877929688,126.79000091552734,122.00460052490234,6551300
2024-12-11,127.75,127.94999694824219,126.27999877929688,127.58999633789062,122.77440643310547,8835400
2024-12-12,127.88999938964844,128.8300018310547,127.36000061035156,127.91000366210938,123.08232116699219,3610500
2024-12-13,128.0,128.80999755859375,126.70999908447266,127.4000015258789,122.59158325195312,6091500
2024-12-16,127.73999786376953,129.30999755859375,127.38999938964844,129.02999877929688,124.16006469726562,5659700
2024-12-17,128.10000610351562,128.6999969482422,127.18000030517578,127.73999786376953,122.91874694824219,7141400
2024-12-18,128.16000366210938,128.38999938964844,120.29000091552734,121.04000091552734,116.47162628173828,7858800
2024-12-19,124.77999877929688,124.94000244140625,120.30000305175781,120.5,115.95201873779297,8632400
2024-12-20,121.19999694824219,124.54000091552734,120.52999877929688,123.44000244140625,118.78103637695312,14884000
2024-12-23,123.0999984741211,124.66999816894531,122.79000091552734,124.44999694824219,119.75292205810547,5074100
2024-12-24,125.06999969482422,127.22000122070312,124.58999633789062,127.05999755859375,122.264404296875,2902800
2024-12-26,126.52999877929688,128.1699981689453,126.48999786376953,128.02999877929688,123.19779205322266,3013500
2024-12-27,127.05000305175781,127.86000061035156,125.81999969482422,126.76000213623047,121.97573852539062,3088100
2024-12-30,124.55000305175781,126.16000366210938,124.0199966430664,125.75,121.00385284423828,2637900
2024-12-31,126.33000183105469,126.83000183105469,125.19999694824219,125.72000122070312,120.9749984741211,2970000
2025-01-02,126.51000213623047,127.27999877929688,124.20999908447266,124.77999877929688,120.0704574584961,5014300
2025-01-03,125.6500015258789,126.0,124.08000183105469,125.94000244140625,121.18668365478516,3988400
2025-01-06,127.62999725341797,129.9499969482422,127.62999725341797,128.63999938964844,123.78477478027344,6665200
2025-01-07,129.64999389648438,129.66000366210938,125.45999908447266,126.87999725341797,122.09119415283203,7268800
2025-01-08,126.91000366210938,128.0,125.76000213623047,127.86000061035156,123.03421020507812,5744500
2025-01-10,126.30999755859375,126.5,123.29000091552734,123.44999694824219,118.79065704345703,6873800
2025-01-13,122.44999694824219,124.30000305175781,122.44999694824219,123.98999786376953,119.3102798461914,5433000
2025-01-14,125.4000015258789,125.4000015258789,123.69000244140625,124.62000274658203,119.91650390625,8999900
2025-01-15,129.7100067138672,131.44000244140625,128.4600067138672,130.5500030517578,125.62269592285156,11349500
2025-01-16,132.35000610351562,136.14999389648438,131.89999389648438,135.80999755859375,130.68417358398438,16235700
2025-01-17,136.16000366210938,138.0800018310547,134.52999877929688,137.8699951171875,132.66639709472656,12481500
2025-01-21,136.44000244140625,137.6199951171875,135.2899932861328,137.3000030517578,132.11793518066406,11213300
2025-01-22,137.25999450683594,138.3800048828125,135.82000732421875,136.0,130.8669891357422,7177500
2025-01-23,135.97000122070312,138.1999969482422,135.97000122070312,137.8000030517578,132.59906005859375,6911000
2025-01-24,136.47000122070312,139.0399932861328,136.47000122070312,137.82000732421875,132.61831665039062,6475500
2025-01-27,135.25999450683594,136.75999450683594,134.1199951171875,136.64999389648438,131.49246215820312,6460700
2025-01-28,136.07000732421875,138.83999633789062,135.63999938964844,138.5399932861328,133.31114196777344,5885100
2025-01-29,138.47000122070312,141.47999572753906,138.17999267578125,138.7100067138672,133.47471618652344,5719800
2025-01-30,139.80999755859375,140.49000549316406,138.88999938964844,139.94000244140625,134.65829467773438,4545700
2025-01-31,139.13999938964844,139.75999450683594,137.77000427246094,138.42999267578125,134.0916290283203,5502700
2025-02-03,135.80999755859375,138.0,133.91000366210938,137.16000366210938,132.86141967773438,5307000
2025-02-04,137.72999572753906,137.8800048828125,136.2899932861328,136.77000427246094,132.48365783691406,5997300
2025-02-05,137.47000122070312,139.22000122070312,136.50999450683594,138.92999267578125,134.57594299316406,5871200
2025-02-06,140.00999450683594,141.39999389648438,140.0,141.0800018310547,136.6585693359375,4576600
2025-02-07,142.02000427246094,142.02999877929688,139.82000732421875,139.97999572753906,135.59303283691406,3529000
2025-02-10,140.25,140.30999755859375,135.61000061035156,137.30999755859375,133.0067138671875,5517700
2025-02-11,136.80999755859375,138.2100067138672,135.44000244140625,137.7899932861328,133.47166442871094,5096800
2025-02-12,136.0800018310547,137.27999877929688,135.60000610351562,137.11000061035156,132.81300354003906,4688900
2025-02-13,137.97000122070312,138.10000610351562,136.35000610351562,136.83999633789062,132.55145263671875,4699800
2025-02-14,136.4499969482422,139.5800018310547,136.4499969482422,138.9499969482422,134.5953369140625,5044500
2025-02-18,139.41000366210938,140.77999877929688,138.88999938964844,140.7100067138672,136.3001708984375,3797000
2025-02-19,140.00999450683594,140.92999267578125,139.25999450683594,140.69000244140625,136.28077697753906,3623100
2025-02-20,140.25,141.07000732421875,132.42999267578125,134.33999633789062,130.12979125976562,8860800
2025-02-21,135.17999267578125,135.60000610351562,130.91000366210938,131.69000244140625,127.56285858154297,6704100
2025-02-24,132.75999450683594,132.97000122070312,128.89999389648438,129.97000122070312,125.8967514038086,7784500
2025-02-25,131.02999877929688,131.2899932861328,126.37999725341797,129.60000610351562,125.5383529663086,7458500
2025-02-26,130.41000366210938,132.24000549316406,130.14999389648438,131.0500030517578,126.94290161132812,5493600
2025-02-27,131.8000030517578,132.8699951171875,128.80999755859375,129.24000549316406,125.18964385986328,5538700
2025-02-28,129.89999389648438,133.41000366210938,128.99000549316406,133.11000061035156,128.93833923339844,7424200
2025-03-03,133.3300018310547,133.99000549316406,127.7300033569336,129.1300048828125,125.08309173583984,5969400
2025-03-04,126.47000122070312,126.56999969482422,119.25,121.72000122070312,117.90531158447266,12996500
2025-03-05,122.0,124.37999725341797,121.44000244140625,123.75,119.87169647216797,7291900
2025-03-06,120.80000305175781,123.12999725341797,118.5999984741211,119.37000274658203,115.62896728515625,8611500
2025-03-07,118.7300033569336,119.48999786376953,115.44999694824219,119.29000091552734,115.55146789550781,8513500
2025-03-10,116.0,116.27999877929688,109.22000122070312,111.69000244140625,108.18965148925781,16765700
2025-03-11,111.70999908447266,113.51000213623047,110.33999633789062,112.04000091552734,108.5286865234375,13490400
2025-03-12,115.0,115.5999984741211,112.55000305175781,114.0,110.42724609375,7925500
2025-03-13,114.0,114.8499984741211,111.2300033569336,111.68000030517578,108.17996978759766,7435500
2025-03-14,113.98999786376953,115.7699966430664,112.54000091552734,115.33999633789062,111.72525024414062,6879400
2025-03-17,114.97000122070312,119.30000305175781,114.83999633789062,117.95999908447266,114.26315307617188,8374900
2025-03-18,118.27999877929688,119.20999908447266,117.27999877929688,118.11000061035156,114.408447265625,7234900
2025-03-19,117.2300033569336,121.25,116.2300033569336,119.8499984741211,116.09391784667969,8430800
2025-03-20,118.81999969482422,121.80999755859375,118.81999969482422,120.47000122070312,116.6944808959961,7026000
2025-03-21,119.3499984741211,120.87999725341797,118.30000305175781,120.13999938964844,116.37482452392578,10989900
2025-03-24,122.30999755859375,124.81999969482422,122.0,124.2699966430664,120.37539672851562,6184400
2025-03-25,124.9000015258789,126.05000305175781,124.1500015258789,125.19999694824219,121.2762451171875,4326300
2025-03-26,125.7699966430664,126.33999633789062,121.61000061035156,122.19999694824219,118.3702621459961,5084600
2025-03-27,118.93000030517578,119.83999633789062,117.54000091552734,119.0,115.27055358886719,8239400
2025-03-28,118.70999908447266,119.43000030517578,114.62999725341797,115.33000183105469,111.715576171875,7349400
2025-03-31,113.70999908447266,117.02999877929688,112.18000030517578,116.66999816894531,113.0135726928711,7616600
2025-04-01,115.98999786376953,116.87999725341797,113.54000091552734,115.73999786376953,112.11271667480469,6651000
2025-04-02,113.97000122070312,120.3499984741211,113.87999725341797,119.2699966430664,115.53209686279297,8415300
2025-04-03,110.11000061035156,111.38999938964844,106.87999725341797,107.93000030517578,104.5474853515625,15186100
2025-04-04,101.54000091552734,103.69999694824219,97.30999755859375,99.83000183105469,96.70133972167969,18876900
2025-04-07,96.2699966430664,104.33999633789062,94.33000183105469,100.91999816894531,97.75717163085938,20721400
2025-04-08,105.22000122070312,106.94000244140625,98.2699966430664,100.30999755859375,97.16629028320312,10710100
2025-04-09,98.19999694824219,113.9000015258789,97.88999938964844,111.69999694824219,108.19933319091797,16919500
2025-04-10,108.7699966430664,108.87000274658203,103.41000366210938,106.58000183105469,103.23979949951172,10956700
2025-04-11,102.88999938964844,109.19999694824219,102.88999938964844,108.12000274658203,104.73153686523438,10573200
2025-04-14,110.4800033569336,111.5,108.55000305175781,109.11000061035156,105.69050598144531,8224500
2025-04-15,110.08999633789062,112.1500015258789,110.05999755859375,110.44000244140625,106.97882080078125,6003800
2025-04-16,109.58000183105469,110.31999969482422,106.6500015258789,107.86000061035156,104.47968292236328,6520100
2025-04-17,108.5199966430664,110.75,108.1500015258789,109.18000030517578,105.75831604003906,5233100
2025-04-21,108.13999938964844,108.33000183105469,104.77999877929688,106.30000305175781,102.96858215332031,7784500
2025-04-22,108.0199966430664,110.69999694824219,107.97000122070312,110.37999725341797,106.92070007324219,6571300
2025-04-23,113.25,116.61000061035156,111.93000030517578,112.30999755859375,108.79021453857422,9243800
2025-04-24,111.87000274658203,115.9000015258789,111.23999786376953,115.5999984741211,111.97710418701172,6640700
2025-04-25,115.70999908447266,117.0999984741211,114.97000122070312,116.01000213623047,112.37425231933594,5013200
2025-04-28,115.87999725341797,117.9000015258789,113.83000183105469,115.83000183105469,112.19989776611328,4171200
2025-04-29,115.37999725341797,116.47000122070312,114.2300033569336,116.20999908447266,112.56798553466797,4689800
2025-04-30,113.11000061035156,115.81999969482422,112.02999877929688,115.41999816894531,112.6998062133789,6502400
2025-05-01,115.54000091552734,117.81999969482422,114.66999816894531,116.76000213623047,114.00823211669922,7743600
2025-05-02,119.30000305175781,120.51000213623047,118.45999908447266,120.22000122070312,117.3866958618164,6894400
2025-05-05,118.73999786376953,120.87000274658203,118.38999938964844,119.5999984741211,116.78128814697266,6540300
2025-05-06,117.80999755859375,119.1500015258789,117.20999908447266,118.33000183105469,115.54122924804688,5739600
2025-05-07,118.33000183105469,120.0,118.19999694824219,119.0999984741211,116.29307556152344,4680600
2025-05-08,119.98999786376953,123.26000213623047,119.98999786376953,121.87999725341797,119.00756072998047,6449300
2025-05-09,122.48999786376953,123.2300033569336,121.47000122070312,121.69999694824219,118.83179473876953,4240100
2025-05-12,127.41999816894531,129.1999969482422,126.44000244140625,127.05999755859375,124.06548309326172,9162100
2025-05-13,127.76000213623047,130.11000061035156,127.2300033569336,129.35000610351562,126.30152130126953,6086700
2025-05-14,129.36000061035156,131.57000732421875,129.1300048828125,131.0399932861328,127.95169067382812,6273400
2025-05-15,130.25999450683594,133.02999877929688,130.02000427246094,132.50999450683594,129.3870391845703,7209300
2025-05-16,132.27999877929688,132.97999572753906,131.7899932861328,132.17999267578125,129.06480407714844,6303800
2025-05-19,130.3000030517578,132.1300048828125,129.07000732421875,130.83999633789062,127.75640106201172,7703500
2025-05-20,129.8699951171875,130.38999938964844,128.1199951171875,129.1300048828125,126.08670043945312,5220100
2025-05-21,128.08999633789062,128.63999938964844,125.06999969482422,125.30000305175781,122.34696960449219,6371600
2025-05-22,124.61000061035156,127.06999969482422,124.61000061035156,126.26000213623047,123.28433990478516,5689200
2025-05-23,124.0999984741211,126.56999969482422,123.87999725341797,126.06999969482422,123.09880828857422,3361400
2025-05-27,127.54000091552734,129.52999877929688,126.81999969482422,129.2100067138672,126.1648178100586,5472400
2025-05-28,129.2100067138672,129.4199981689453,127.2699966430664,127.51000213623047,124.50486755371094,4050900
2025-05-29,128.10000610351562,128.39999389648438,126.93000030517578,128.16000366210938,125.13956451416016,4337500
2025-05-30,127.61000061035156,128.3300018310547,126.3499984741211,128.02999877929688,125.01261901855469,6436100
2025-06-02,127.4800033569336,128.47000122070312,126.36000061035156,128.39999389648438,125.37389373779297,3607900
2025-06-03,128.1199951171875,129.17999267578125,127.12999725341797,128.67999267578125,125.64730072021484,4145600
2025-06-04,128.83999633789062,129.4199981689453,128.16000366210938,128.16000366210938,125.13956451416016,3123200
2025-06-05,128.3699951171875,131.0500030517578,127.33999633789062,130.6199951171875,127.54158020019531,6193300
2025-06-06,132.0800018310547,133.57000732421875,130.82000732421875,131.82000732421875,128.7133026123047,5004400
2025-06-09,132.22999572753906,132.89999389648438,131.11000061035156,131.9499969482422,128.84022521972656,4838600
2025-06-10,131.60000610351562,132.4600067138672,131.14999389648438,131.82000732421875,128.7133026123047,3816900
2025-06-11,132.02999877929688,133.4499969482422,131.4199981689453,131.80999755859375,128.70352172851562,5810200
2025-06-12,130.66000366210938,132.0,129.8000030517578,131.9199981689453,128.81092834472656,4258700
2025-06-13,130.19000244140625,131.07000732421875,128.80999755859375,129.49000549316406,126.43821716308594,4367500
2025-06-16,130.2899932861328,132.8000030517578,130.2899932861328,130.89999389648438,127.81499481201172,6240500
2025-06-17,129.83999633789062,131.1699981689453,129.66000366210938,130.08999633789062,127.02406311035156,4767700
2025-06-18,130.02000427246094,132.9600067138672,129.92999267578125,132.52000427246094,129.3968048095703,6170400
2025-06-20,133.35000610351562,133.3699951171875,131.91000366210938,132.7100067138672,129.5823516845703,8904400
2025-06-23,132.05999755859375,134.10000610351562,130.89999389648438,134.0,130.8419189453125,5232400
2025-06-24,135.67999267578125,136.67999267578125,135.00999450683594,135.89999389648438,132.6971435546875,5599900
2025-06-25,136.1199951171875,137.88999938964844,135.41000366210938,137.72000122070312,134.4742431640625,5736400
2025-06-26,138.00999450683594,140.1999969482422,137.83999633789062,139.75,136.45639038085938,6013200
2025-06-27,140.25,141.89999389648438,139.10000610351562,140.69000244140625,137.374267578125,7249300
2025-06-30,141.50999450683594,141.85000610351562,139.5500030517578,140.86000061035156,137.54025268554688,8034400
2025-07-01,140.5500030517578,141.61000061035156,139.47000122070312,141.07000732421875,137.7453155517578,6166700
2025-07-02,141.6199951171875,142.8800048828125,140.97999572753906,142.86000061035156,139.4931182861328,5494500
2025-07-03,143.36000061035156,144.55999755859375,142.6699981689453,144.13999938964844,140.74295043945312,3974700
2025-07-07,144.11000061035156,145.16000366210938,142.5,143.74000549316406,140.35238647460938,5991600
2025-07-08,143.61000061035156,144.05999755859375,141.02000427246094,141.1300048828125,137.80389404296875,6620400
2025-07-09,142.89999389648438,142.94000244140625,140.89999389648438,141.5500030517578,138.2139892578125,4837000
2025-07-10,141.75999450683594,143.16000366210938,141.32000732421875,143.08999633789062,139.71768188476562,5622800
2025-07-11,141.86000061035156,142.4499969482422,141.1199951171875,142.27999877929688,138.92678833007812,3647500
2025-07-14,142.4499969482422,144.0500030517578,142.0,143.97000122070312,140.5769500732422,5376100
2025-07-15,143.2899932861328,144.0,141.5500030517578,141.58999633789062,138.25303649902344,7392200
2025-07-16,139.5,140.0,135.25999450683594,139.7899932861328,136.4954376220703,10610800
2025-07-17,139.25999450683594,141.69000244140625,139.1300048828125,140.89999389648438,137.5792999267578,7695800
2025-07-18,141.4499969482422,141.75,140.1999969482422,140.8300018310547,137.51095581054688,5572300
2025-07-21,141.24000549316406,142.52000427246094,140.17999267578125,140.47000122070312,137.15943908691406,5853400
2025-07-22,140.8000030517578,140.88999938964844,138.92999267578125,140.0399932861328,136.73956298828125,5257200
2025-07-23,140.77999877929688,142.6300048828125,139.92999267578125,142.2100067138672,138.8584442138672,6612900
2025-07-24,142.47000122070312,143.72000122070312,141.85000610351562,142.5,139.1416015625,3817900
2025-07-25,142.9199981689453,143.3800048828125,142.0500030517578,143.00999450683594,139.63955688476562,3463000
2025-07-28,143.0399932861328,143.13999938964844,142.02000427246094,142.55999755859375,139.20018005371094,3729300
2025-07-29,143.5,144.0500030517578,142.10000610351562,143.55999755859375,140.17660522460938,5158700
2025-07-30,143.8300018310547,145.47999572753906,143.27999877929688,144.94000244140625,141.5240936279297,5236800
2025-07-31,143.1999969482422,144.6999969482422,142.0,142.4600067138672,140.06893920898438,5523700
2025-08-01,139.27000427246094,139.57000732421875,136.1699981689453,139.08999633789062,136.7554931640625,6678500
2025-08-04,140.17999267578125,141.77999877929688,139.7100067138672,141.36000061035156,138.98739624023438,3851500
2025-08-05,141.66000366210938,142.7100067138672,139.41000366210938,140.4600067138672,138.10252380371094,5331100
2025-08-06,141.14999389648438,141.85000610351562,140.50999450683594,141.3000030517578,138.9283905029297,3765800
2025-08-07,142.22999572753906,142.7100067138672,140.60000610351562,140.9199981689453,138.55477905273438,3728600
2025-08-08,141.6199951171875,143.92999267578125,141.27999877929688,143.17999267578125,140.77684020996094,3943500
2025-08-11,143.57000732421875,144.19000244140625,142.66000366210938,143.8800048828125,141.46511840820312,4024700
2025-08-12,145.07000732421875,148.22999572753906,144.82000732421875,147.2899932861328,144.81787109375,7111600
2025-08-13,148.14999389648438,149.0800018310547,145.38999938964844,147.75999450683594,145.27996826171875,5542000
2025-08-14,147.0,148.66000366210938,146.1699981689453,148.50999450683594,146.0173797607422,4188600
2025-08-15,148.6300048828125,148.80999755859375,144.4600067138672,144.6300048828125,142.2025146484375,4986000
2025-08-18,144.11000061035156,145.05999755859375,143.82000732421875,144.77999877929688,142.34999084472656,3548700
2025-08-19,144.49000549316406,144.97000122070312,143.4199981689453,144.07000732421875,141.65191650390625,4257700
2025-08-20,143.82000732421875,144.7100067138672,141.02999877929688,144.1199951171875,141.70108032226562,4619300
2025-08-21,143.41000366210938,144.4499969482422,142.89999389648438,144.0399932861328,141.62240600585938,3269400
2025-08-22,144.82000732421875,148.89999389648438,144.6699981689453,148.02000427246094,145.53561401367188,6759600
2025-08-25,147.97999572753906,148.61000061035156,147.57000732421875,147.64999389648438,145.1718292236328,2596500
2025-08-26,147.32000732421875,149.02999877929688,146.3000030517578,148.97000122070312,146.4696807861328,4453800
2025-08-27,148.3699951171875,150.1199951171875,148.02999877929688,149.3800048828125,146.87278747558594,3329200
2025-08-28,149.83999633789062,150.38999938964844,149.17999267578125,150.17999267578125,147.65936279296875,3898100
2025-08-29,149.88999938964844,150.75,149.1300048828125,150.47999572753906,147.95431518554688,3629400
2025-09-02,148.55999755859375,149.07000732421875,145.66000366210938,148.85000610351562,146.3516845703125,5330200
2025-09-03,148.80999755859375,149.5500030517578,146.94000244140625,148.52999877929688,146.03704833984375,4338900
2025-09-04,149.02999877929688,150.75,148.67999267578125,150.52999877929688,148.0034942626953,3955000
2025-09-05,151.1199951171875,151.86000061035156,146.2899932861328,148.08999633789062,145.60443115234375,5697300
2025-09-08,148.32000732421875,149.1999969482422,147.25,148.7899932861328,146.29269409179688,3820800
2025-09-09,148.4199981689453,152.82000732421875,148.35000610351562,152.22000122070312,149.6651153564453,6673200
2025-09-10,152.89999389648438,154.52999877929688,151.4199981689453,154.1199951171875,151.533203125,4945600
2025-09-11,154.38999938964844,157.75999450683594,154.0800018310547,156.47999572753906,153.85362243652344,7399500
2025-09-12,156.0399932861328,156.8699951171875,155.6199951171875,156.38999938964844,153.76512145996094,4341600
2025-09-15,157.35000610351562,158.47999572753906,155.8800048828125,156.63999938964844,154.01092529296875,4829900
2025-09-16,157.0800018310547,157.5,155.22000122070312,155.80999755859375,153.19485473632812,7539500
2025-09-17,156.63999938964844,157.97000122070312,155.64999389648438,157.41000366210938,154.7680206298828,4604200
2025-09-18,157.89999389648438,160.13999938964844,157.49000549316406,159.24000549316406,156.5673065185547,4323700
2025-09-19,159.5500030517578,161.08999633789062,158.1199951171875,159.91000366210938,157.22605895996094,14902000
2025-09-22,159.3300018310547,161.02999877929688,157.8300018310547,160.7100067138672,158.01263427734375,4421200
2025-09-23,160.5800018310547,163.97999572753906,159.60000610351562,160.75999450683594,158.061767578125,5335900
2025-09-24,161.10000610351562,161.47000122070312,157.83999633789062,157.8800048828125,155.23011779785156,5195200
2025-09-25,157.38999938964844,159.25,156.6300048828125,158.9499969482422,156.2821502685547,5351100
2025-09-26,159.55999755859375,161.80999755859375,159.32000732421875,160.11000061035156,157.42269897460938,5326800
2025-09-29,160.69000244140625,161.32000732421875,159.72000122070312,161.16000366210938,158.455078125,4186000
2025-09-30,161.38999938964844,162.22999572753906,156.83999633789062,158.9600067138672,156.2919921875,5547100
2025-10-01,157.8800048828125,158.44000244140625,155.5500030517578,156.88999938964844,154.25674438476562,5467400
2025-10-02,156.69000244140625,157.00999450683594,153.7100067138672,155.3000030517578,152.69342041015625,5087400
2025-10-03,156.92999267578125,157.8000030517578,156.16000366210938,157.58999633789062,154.9449920654297,5182100
2025-10-06,158.0,158.72999572753906,155.00999450683594,158.08999633789062,155.4365997314453,4696300
2025-10-07,158.77999877929688,159.2899932861328,155.39999389648438,155.97000122070312,153.3521728515625,4589700
2025-10-08,156.47999572753906,156.5500030517578,154.02000427246094,155.64999389648438,153.03753662109375,4038600
2025-10-09,155.5800018310547,156.42999267578125,153.8300018310547,156.27000427246094,153.6471405029297,6092600
2025-10-10,156.85000610351562,157.9499969482422,151.83999633789062,151.86000061035156,149.3111572265625,5531700
2025-10-13,154.27999877929688,155.6199951171875,153.35000610351562,155.1300048828125,152.5262908935547,4735800
2025-10-14,154.5,157.1199951171875,151.8800048828125,155.33999633789062,152.7327423095703,8023800
2025-10-15,162.92999267578125,166.77000427246094,161.63999938964844,162.64999389648438,159.9200439453125,13673700
2025-10-16,163.08999633789062,164.75,158.97000122070312,160.02000427246094,157.33421325683594,10477500
2025-10-17,160.6999969482422,160.97999572753906,157.85000610351562,158.6699981689453,156.00686645507812,7965000
2025-10-20,160.1999969482422,163.13999938964844,159.5,161.97000122070312,159.25148010253906,5741000
2025-10-21,161.4499969482422,162.05999755859375,159.19000244140625,159.22999572753906,156.5574493408203,4220600
2025-10-22,159.57000732421875,159.74000549316406,157.22000122070312,158.1199951171875,155.46609497070312,4360200
2025-10-23,158.89999389648438,160.08999633789062,157.89999389648438,159.30999755859375,156.6361083984375,3735600
2025-10-24,160.52000427246094,164.89999389648438,160.52000427246094,163.86000061035156,161.10975646972656,5547500
2025-10-27,164.9600067138672,166.69000244140625,164.89999389648438,166.02000427246094,163.23350524902344,5056000
2025-10-28,166.1199951171875,167.1300048828125,164.3800048828125,165.2100067138672,162.43710327148438,3601000
2025-10-29,164.30999755859375,166.02000427246094,163.1199951171875,164.02999877929688,161.2769012451172,4963500
2025-10-30,163.82000732421875,167.0,163.39999389648438,165.25999450683594,162.48623657226562,4960500
2025-10-31,163.35000610351562,164.89999389648438,162.91000366210938,164.0,162.2290496826172,5323500
2025-11-03,164.3000030517578,164.66000366210938,161.57000732421875,163.64999389648438,161.88282775878906,4719200
2025-11-04,162.3300018310547,166.92999267578125,160.86000061035156,164.00999450683594,162.23895263671875,5739200
2025-11-05,163.8699951171875,165.9600067138672,161.6300048828125,165.17999267578125,163.3963165283203,4133000
2025-11-06,164.57000732421875,165.6699981689453,162.64999389648438,163.4199981689453,161.65533447265625,4292900
2025-11-07,162.2100067138672,162.60000610351562,158.05999755859375,162.36000061035156,160.6067657470703,6323300
2025-11-10,163.80999755859375,166.05999755859375,163.80999755859375,165.0500030517578,163.26773071289062,5015400
2025-11-11,165.3000030517578,166.72000122070312,164.77999877929688,166.5,164.7020721435547,3237600
2025-11-12,167.52000427246094,171.77000427246094,167.52000427246094,169.9199981689453,168.08514404296875,6892900
2025-11-13,169.30999755859375,170.35000610351562,165.1699981689453,165.61000061035156,163.82167053222656,6090900
2025-11-14,164.1999969482422,164.8000030517578,159.94000244140625,163.86000061035156,162.09056091308594,6691200
2025-11-17,163.25,164.08999633789062,158.75999450683594,159.4499969482422,157.72817993164062,5727200
2025-11-18,158.63999938964844,161.6699981689453,157.7899932861328,159.8300018310547,158.10409545898438,4864900
2025-11-19,160.35000610351562,162.91000366210938,160.0500030517578,162.2899932861328,160.53750610351562,6413600
2025-11-20,164.1999969482422,166.94000244140625,158.50999450683594,158.6999969482422,156.9862823486328,5258600
2025-11-21,159.77999877929688,160.11000061035156,155.22999572753906,158.1699981689453,156.46202087402344,9021300
2025-11-24,161.3300018310547,164.4600067138672,159.0,162.8300018310547,161.07168579101562,10125700
2025-11-25,163.50999450683594,165.8699951171875,160.6199951171875,165.42999267578125,163.6436004638672,5561000
2025-11-26,166.97999572753906,168.9600067138672,165.8699951171875,167.94000244140625,166.1265106201172,4844200
2025-11-28,168.0,170.27000427246094,167.75999450683594,169.66000366210938,167.8279571533203,2133700
2025-12-01,169.00999450683594,169.77000427246094,167.72999572753906,168.47000122070312,166.6508026123047,4393500
2025-12-02,168.88999938964844,170.1199951171875,168.69000244140625,169.08999633789062,167.2640838623047,4338700
2025-12-03,168.5500030517578,174.0,168.10000610351562,173.72000122070312,171.84410095214844,6223300
2025-12-04,174.32000732421875,176.0,173.72000122070312,174.88999938964844,173.00146484375,4813200
2025-12-05,174.47000122070312,177.32000732421875,174.3000030517578,176.50999450683594,174.60397338867188,4641600
2025-12-08,176.99000549316406,178.9600067138672,176.05999755859375,176.8300018310547,174.92051696777344,7271700
2025-12-09,176.77999877929688,180.64999389648438,176.77999877929688,178.8300018310547,176.89891052246094,4191200
2025-12-10,178.5,181.30999755859375,177.75,179.7100067138672,177.76942443847656,6591200
2025-12-11,180.1300048828125,181.97999572753906,179.5,180.2899932861328,178.34315490722656,7598700
2025-12-12,181.14999389648438,181.14999389648438,177.75,178.41000366210938,176.4834442138672,4961500
2025-12-15,179.91000366210938,180.89999389648438,177.72999572753906,177.7899932861328,175.87014770507812,5219000
2025-12-16,178.1300048828125,178.64999389648438,175.67999267578125,176.50999450683594,174.60397338867188,6840500
2025-12-17,178.0500030517578,179.4499969482422,174.4600067138672,174.8000030517578,172.91244506835938,5796100
2025-12-18,176.5500030517578,177.07000732421875,172.5800018310547,172.9600067138672,171.09231567382812,7993400
2025-12-19,173.4600067138672,177.6999969482422,173.4600067138672,176.97999572753906,175.0688934326172,10639400
2025-12-22,177.58999633789062,180.25999450683594,177.41000366210938,179.75999450683594,177.81887817382812,4574600
2025-12-23,179.8300018310547,180.5800018310547,179.1300048828125,179.5,177.5616912841797,3514800
2025-12-24,180.16000366210938,182.0,179.52999877929688,181.64999389648438,179.68846130371094,2648000
2025-12-26,181.85000610351562,182.33999633789062,181.10000610351562,181.8699951171875,179.9060821533203,2564700
2025-12-29,181.19000244140625,181.6999969482422,179.75,179.94000244140625,177.99693298339844,2464300
2025-12-30,180.27999877929688,180.3800048828125,178.25999450683594,179.0800018310547,177.14622497558594,2365500
